zone,zone_key,tier,signal,available_from,historical_temporal_granularity,real_time_granularity,forecast_source,horizons,forecast_granularity
West Denmark,DK-DK1,A,Price Day Ahead,2015-01-01T00:00:00.000Z,"5min, 15min, hourly, daily, monthly, quarterly, yearly","5min, 15min, hourly",Forecasted by Electricity Maps,"24h, 48h, 72h","5min, 15min, hourly"
West Denmark,DK-DK1,A,Renewable Energy,2015-01-01T00:00:00.000Z,"5min, 15min, hourly, daily, monthly, quarterly, yearly","5min, 15min, hourly",Forecasted by Electricity Maps,"24h, 48h, 72h","5min, 15min, hourly"
West Denmark,DK-DK1,A,Carbon Free Energy,2015-01-01T00:00:00.000Z,"5min, 15min, hourly, daily, monthly, quarterly, yearly","5min, 15min, hourly",Forecasted by Electricity Maps,"24h, 48h, 72h","5min, 15min, hourly"
West Denmark,DK-DK1,A,Fossil Only Carbon Intensity,2015-01-01T00:00:00.000Z,"5min, 15min, hourly, daily, monthly, quarterly, yearly","5min, 15min, hourly",Forecasted by Electricity Maps,"24h, 48h, 72h","5min, 15min, hourly"
West Denmark,DK-DK1,A,Carbon Intensity,2015-01-01T00:00:00.000Z,"5min, 15min, hourly, daily, monthly, quarterly, yearly","5min, 15min, hourly",Forecasted by Electricity Maps,"24h, 48h, 72h","5min, 15min, hourly"
West Denmark,DK-DK1,A,Electricity Flows,2015-01-01T00:00:00.000Z,"5min, 15min, hourly, daily, monthly, quarterly, yearly","5min, 15min, hourly",Forecasted by Electricity Maps,"24h, 48h, 72h","5min, 15min, hourly"
West Denmark,DK-DK1,A,Total Load,2015-01-01T00:00:00.000Z,"5min, 15min, hourly, daily, monthly, quarterly, yearly","5min, 15min, hourly",Forecasted by Electricity Maps,"24h, 48h, 72h","5min, 15min, hourly"
West Denmark,DK-DK1,A,Electricity Mix,2015-01-01T00:00:00.000Z,"5min, 15min, hourly, daily, monthly, quarterly, yearly","5min, 15min, hourly",Forecasted by Electricity Maps,"24h, 48h, 72h","5min, 15min, hourly"
West Denmark,DK-DK1,A,Total Reported Load,2018-01-01T00:00:00.000Z,"5min, 15min, hourly","5min, 15min, hourly",Forecasted by Electricity Maps,"24h, 48h, 72h","5min, 15min, hourly"
East Denmark,DK-DK2,A,Price Day Ahead,2015-01-01T00:00:00.000Z,"5min, 15min, hourly, daily, monthly, quarterly, yearly","5min, 15min, hourly",Forecasted by Electricity Maps,"24h, 48h, 72h","5min, 15min, hourly"
East Denmark,DK-DK2,A,Renewable Energy,2015-01-01T00:00:00.000Z,"5min, 15min, hourly, daily, monthly, quarterly, yearly","5min, 15min, hourly",Forecasted by Electricity Maps,"24h, 48h, 72h","5min, 15min, hourly"
East Denmark,DK-DK2,A,Carbon Free Energy,2015-01-01T00:00:00.000Z,"5min, 15min, hourly, daily, monthly, quarterly, yearly","5min, 15min, hourly",Forecasted by Electricity Maps,"24h, 48h, 72h","5min, 15min, hourly"
East Denmark,DK-DK2,A,Fossil Only Carbon Intensity,2015-01-01T00:00:00.000Z,"5min, 15min, hourly, daily, monthly, quarterly, yearly","5min, 15min, hourly",Forecasted by Electricity Maps,"24h, 48h, 72h","5min, 15min, hourly"
East Denmark,DK-DK2,A,Carbon Intensity,2015-01-01T00:00:00.000Z,"5min, 15min, hourly, daily, monthly, quarterly, yearly","5min, 15min, hourly",Forecasted by Electricity Maps,"24h, 48h, 72h","5min, 15min, hourly"
East Denmark,DK-DK2,A,Electricity Flows,2015-01-01T00:00:00.000Z,"5min, 15min, hourly, daily, monthly, quarterly, yearly","5min, 15min, hourly",Forecasted by Electricity Maps,"24h, 48h, 72h","5min, 15min, hourly"
East Denmark,DK-DK2,A,Total Load,2015-01-01T00:00:00.000Z,"5min, 15min, hourly, daily, monthly, quarterly, yearly","5min, 15min, hourly",Forecasted by Electricity Maps,"24h, 48h, 72h","5min, 15min, hourly"
East Denmark,DK-DK2,A,Electricity Mix,2015-01-01T00:00:00.000Z,"5min, 15min, hourly, daily, monthly, quarterly, yearly","5min, 15min, hourly",Forecasted by Electricity Maps,"24h, 48h, 72h","5min, 15min, hourly"
East Denmark,DK-DK2,A,Total Reported Load,2018-01-01T00:00:00.000Z,"5min, 15min, hourly","5min, 15min, hourly",Forecasted by Electricity Maps,"24h, 48h, 72h","5min, 15min, hourly"
Estonia,EE,A,Price Day Ahead,2015-01-01T00:00:00.000Z,"5min, 15min, hourly, daily, monthly, quarterly, yearly","5min, 15min, hourly",Forecasted by Electricity Maps,"24h, 48h, 72h","5min, 15min, hourly"
Estonia,EE,A,Renewable Energy,2015-01-01T00:00:00.000Z,"5min, 15min, hourly, daily, monthly, quarterly, yearly","5min, 15min, hourly",Forecasted by Electricity Maps,"24h, 48h, 72h","5min, 15min, hourly"
Estonia,EE,A,Carbon Free Energy,2015-01-01T00:00:00.000Z,"5min, 15min, hourly, daily, monthly, quarterly, yearly","5min, 15min, hourly",Forecasted by Electricity Maps,"24h, 48h, 72h","5min, 15min, hourly"
Estonia,EE,A,Fossil Only Carbon Intensity,2015-01-01T00:00:00.000Z,"5min, 15min, hourly, daily, monthly, quarterly, yearly","5min, 15min, hourly",Forecasted by Electricity Maps,"24h, 48h, 72h","5min, 15min, hourly"
Estonia,EE,A,Carbon Intensity,2015-01-01T00:00:00.000Z,"5min, 15min, hourly, daily, monthly, quarterly, yearly","5min, 15min, hourly",Forecasted by Electricity Maps,"24h, 48h, 72h","5min, 15min, hourly"
Estonia,EE,A,Electricity Flows,2015-01-01T00:00:00.000Z,"5min, 15min, hourly, daily, monthly, quarterly, yearly","5min, 15min, hourly",Forecasted by Electricity Maps,"24h, 48h, 72h","5min, 15min, hourly"
Estonia,EE,A,Total Load,2015-01-01T00:00:00.000Z,"5min, 15min, hourly, daily, monthly, quarterly, yearly","5min, 15min, hourly",Forecasted by Electricity Maps,"24h, 48h, 72h","5min, 15min, hourly"
Estonia,EE,A,Electricity Mix,2015-01-01T00:00:00.000Z,"5min, 15min, hourly, daily, monthly, quarterly, yearly","5min, 15min, hourly",Forecasted by Electricity Maps,"24h, 48h, 72h","5min, 15min, hourly"
Estonia,EE,A,Total Reported Load,2018-01-01T00:00:00.000Z,"5min, 15min, hourly","5min, 15min, hourly",Forecasted by Electricity Maps,"24h, 48h, 72h","5min, 15min, hourly"
Ceuta,ES-CE,A,Renewable Energy,2017-01-01T00:00:00.000Z,"5min, 15min, hourly, daily, monthly, quarterly, yearly","5min, 15min, hourly",Forecasted by Electricity Maps,"24h, 48h, 72h","5min, 15min, hourly"
Ceuta,ES-CE,A,Carbon Free Energy,2017-01-01T00:00:00.000Z,"5min, 15min, hourly, daily, monthly, quarterly, yearly","5min, 15min, hourly",Forecasted by Electricity Maps,"24h, 48h, 72h","5min, 15min, hourly"
Ceuta,ES-CE,A,Fossil Only Carbon Intensity,2017-01-01T00:00:00.000Z,"5min, 15min, hourly, daily, monthly, quarterly, yearly","5min, 15min, hourly",Forecasted by Electricity Maps,"24h, 48h, 72h","5min, 15min, hourly"
Ceuta,ES-CE,A,Carbon Intensity,2017-01-01T00:00:00.000Z,"5min, 15min, hourly, daily, monthly, quarterly, yearly","5min, 15min, hourly",Forecasted by Electricity Maps,"24h, 48h, 72h","5min, 15min, hourly"
Ceuta,ES-CE,A,Electricity Flows,2017-01-01T00:00:00.000Z,"5min, 15min, hourly, daily, monthly, quarterly, yearly","5min, 15min, hourly",Forecasted by Electricity Maps,"24h, 48h, 72h","5min, 15min, hourly"
Ceuta,ES-CE,A,Total Load,2017-01-01T00:00:00.000Z,"5min, 15min, hourly, daily, monthly, quarterly, yearly","5min, 15min, hourly",Forecasted by Electricity Maps,"24h, 48h, 72h","5min, 15min, hourly"
Ceuta,ES-CE,A,Electricity Mix,2017-01-01T00:00:00.000Z,"5min, 15min, hourly, daily, monthly, quarterly, yearly","5min, 15min, hourly",Forecasted by Electricity Maps,"24h, 48h, 72h","5min, 15min, hourly"
Ceuta,ES-CE,A,Total Reported Load,2019-01-01T00:00:00.000Z,"5min, 15min, hourly","5min, 15min, hourly",Forecasted by Electricity Maps,"24h, 48h, 72h","5min, 15min, hourly"
Fuerteventura,ES-CN-FV,A,Renewable Energy,2017-01-01T00:00:00.000Z,"5min, 15min, hourly, daily, monthly, quarterly, yearly","5min, 15min, hourly",Forecasted by Electricity Maps,"24h, 48h, 72h","5min, 15min, hourly"
Fuerteventura,ES-CN-FV,A,Carbon Free Energy,2017-01-01T00:00:00.000Z,"5min, 15min, hourly, daily, monthly, quarterly, yearly","5min, 15min, hourly",Forecasted by Electricity Maps,"24h, 48h, 72h","5min, 15min, hourly"
Fuerteventura,ES-CN-FV,A,Fossil Only Carbon Intensity,2017-01-01T00:00:00.000Z,"5min, 15min, hourly, daily, monthly, quarterly, yearly","5min, 15min, hourly",Forecasted by Electricity Maps,"24h, 48h, 72h","5min, 15min, hourly"
Fuerteventura,ES-CN-FV,A,Carbon Intensity,2017-01-01T00:00:00.000Z,"5min, 15min, hourly, daily, monthly, quarterly, yearly","5min, 15min, hourly",Forecasted by Electricity Maps,"24h, 48h, 72h","5min, 15min, hourly"
Fuerteventura,ES-CN-FV,A,Electricity Flows,2017-01-01T00:00:00.000Z,"5min, 15min, hourly, daily, monthly, quarterly, yearly","5min, 15min, hourly",Forecasted by Electricity Maps,"24h, 48h, 72h","5min, 15min, hourly"
Fuerteventura,ES-CN-FV,A,Total Load,2017-01-01T00:00:00.000Z,"5min, 15min, hourly, daily, monthly, quarterly, yearly","5min, 15min, hourly",Forecasted by Electricity Maps,"24h, 48h, 72h","5min, 15min, hourly"
Fuerteventura,ES-CN-FV,A,Electricity Mix,2017-01-01T00:00:00.000Z,"5min, 15min, hourly, daily, monthly, quarterly, yearly","5min, 15min, hourly",Forecasted by Electricity Maps,"24h, 48h, 72h","5min, 15min, hourly"
Fuerteventura,ES-CN-FV,A,Total Reported Load,2019-01-01T00:00:00.000Z,"5min, 15min, hourly","5min, 15min, hourly",Forecasted by Electricity Maps,"24h, 48h, 72h","5min, 15min, hourly"
Gran Canaria,ES-CN-GC,A,Renewable Energy,2017-01-01T00:00:00.000Z,"5min, 15min, hourly, daily, monthly, quarterly, yearly","5min, 15min, hourly",Forecasted by Electricity Maps,"24h, 48h, 72h","5min, 15min, hourly"
Gran Canaria,ES-CN-GC,A,Carbon Free Energy,2017-01-01T00:00:00.000Z,"5min, 15min, hourly, daily, monthly, quarterly, yearly","5min, 15min, hourly",Forecasted by Electricity Maps,"24h, 48h, 72h","5min, 15min, hourly"
Gran Canaria,ES-CN-GC,A,Fossil Only Carbon Intensity,2017-01-01T00:00:00.000Z,"5min, 15min, hourly, daily, monthly, quarterly, yearly","5min, 15min, hourly",Forecasted by Electricity Maps,"24h, 48h, 72h","5min, 15min, hourly"
Gran Canaria,ES-CN-GC,A,Carbon Intensity,2017-01-01T00:00:00.000Z,"5min, 15min, hourly, daily, monthly, quarterly, yearly","5min, 15min, hourly",Forecasted by Electricity Maps,"24h, 48h, 72h","5min, 15min, hourly"
Gran Canaria,ES-CN-GC,A,Electricity Flows,2017-01-01T00:00:00.000Z,"5min, 15min, hourly, daily, monthly, quarterly, yearly","5min, 15min, hourly",Forecasted by Electricity Maps,"24h, 48h, 72h","5min, 15min, hourly"
Gran Canaria,ES-CN-GC,A,Total Load,2017-01-01T00:00:00.000Z,"5min, 15min, hourly, daily, monthly, quarterly, yearly","5min, 15min, hourly",Forecasted by Electricity Maps,"24h, 48h, 72h","5min, 15min, hourly"
Gran Canaria,ES-CN-GC,A,Electricity Mix,2017-01-01T00:00:00.000Z,"5min, 15min, hourly, daily, monthly, quarterly, yearly","5min, 15min, hourly",Forecasted by Electricity Maps,"24h, 48h, 72h","5min, 15min, hourly"
Gran Canaria,ES-CN-GC,A,Total Reported Load,2018-01-01T00:00:00.000Z,"5min, 15min, hourly","5min, 15min, hourly",Forecasted by Electricity Maps,"24h, 48h, 72h","5min, 15min, hourly"
El Hierro,ES-CN-HI,A,Renewable Energy,2017-01-01T00:00:00.000Z,"5min, 15min, hourly, daily, monthly, quarterly, yearly","5min, 15min, hourly",Forecasted by Electricity Maps,"24h, 48h, 72h","5min, 15min, hourly"
El Hierro,ES-CN-HI,A,Carbon Free Energy,2017-01-01T00:00:00.000Z,"5min, 15min, hourly, daily, monthly, quarterly, yearly","5min, 15min, hourly",Forecasted by Electricity Maps,"24h, 48h, 72h","5min, 15min, hourly"
El Hierro,ES-CN-HI,A,Fossil Only Carbon Intensity,2017-01-01T00:00:00.000Z,"5min, 15min, hourly, daily, monthly, quarterly, yearly","5min, 15min, hourly",Forecasted by Electricity Maps,"24h, 48h, 72h","5min, 15min, hourly"
El Hierro,ES-CN-HI,A,Carbon Intensity,2017-01-01T00:00:00.000Z,"5min, 15min, hourly, daily, monthly, quarterly, yearly","5min, 15min, hourly",Forecasted by Electricity Maps,"24h, 48h, 72h","5min, 15min, hourly"
El Hierro,ES-CN-HI,A,Electricity Flows,2017-01-01T00:00:00.000Z,"5min, 15min, hourly, daily, monthly, quarterly, yearly","5min, 15min, hourly",Forecasted by Electricity Maps,"24h, 48h, 72h","5min, 15min, hourly"
El Hierro,ES-CN-HI,A,Total Load,2017-01-01T00:00:00.000Z,"5min, 15min, hourly, daily, monthly, quarterly, yearly","5min, 15min, hourly",Forecasted by Electricity Maps,"24h, 48h, 72h","5min, 15min, hourly"
El Hierro,ES-CN-HI,A,Electricity Mix,2017-01-01T00:00:00.000Z,"5min, 15min, hourly, daily, monthly, quarterly, yearly","5min, 15min, hourly",Forecasted by Electricity Maps,"24h, 48h, 72h","5min, 15min, hourly"
El Hierro,ES-CN-HI,A,Total Reported Load,2018-01-01T00:00:00.000Z,"5min, 15min, hourly","5min, 15min, hourly",Forecasted by Electricity Maps,"24h, 48h, 72h","5min, 15min, hourly"
Isla de la Gomera,ES-CN-IG,A,Renewable Energy,2017-01-01T00:00:00.000Z,"5min, 15min, hourly, daily, monthly, quarterly, yearly","5min, 15min, hourly",Forecasted by Electricity Maps,"24h, 48h, 72h","5min, 15min, hourly"
Isla de la Gomera,ES-CN-IG,A,Carbon Free Energy,2017-01-01T00:00:00.000Z,"5min, 15min, hourly, daily, monthly, quarterly, yearly","5min, 15min, hourly",Forecasted by Electricity Maps,"24h, 48h, 72h","5min, 15min, hourly"
Isla de la Gomera,ES-CN-IG,A,Fossil Only Carbon Intensity,2017-01-01T00:00:00.000Z,"5min, 15min, hourly, daily, monthly, quarterly, yearly","5min, 15min, hourly",Forecasted by Electricity Maps,"24h, 48h, 72h","5min, 15min, hourly"
Isla de la Gomera,ES-CN-IG,A,Carbon Intensity,2017-01-01T00:00:00.000Z,"5min, 15min, hourly, daily, monthly, quarterly, yearly","5min, 15min, hourly",Forecasted by Electricity Maps,"24h, 48h, 72h","5min, 15min, hourly"
Isla de la Gomera,ES-CN-IG,A,Electricity Flows,2017-01-01T00:00:00.000Z,"5min, 15min, hourly, daily, monthly, quarterly, yearly","5min, 15min, hourly",Forecasted by Electricity Maps,"24h, 48h, 72h","5min, 15min, hourly"
Isla de la Gomera,ES-CN-IG,A,Total Load,2017-01-01T00:00:00.000Z,"5min, 15min, hourly, daily, monthly, quarterly, yearly","5min, 15min, hourly",Forecasted by Electricity Maps,"24h, 48h, 72h","5min, 15min, hourly"
Isla de la Gomera,ES-CN-IG,A,Electricity Mix,2017-01-01T00:00:00.000Z,"5min, 15min, hourly, daily, monthly, quarterly, yearly","5min, 15min, hourly",Forecasted by Electricity Maps,"24h, 48h, 72h","5min, 15min, hourly"
Isla de la Gomera,ES-CN-IG,A,Total Reported Load,2018-01-01T00:00:00.000Z,"5min, 15min, hourly","5min, 15min, hourly",Forecasted by Electricity Maps,"24h, 48h, 72h","5min, 15min, hourly"
La Palma,ES-CN-LP,A,Renewable Energy,2017-01-01T00:00:00.000Z,"5min, 15min, hourly, daily, monthly, quarterly, yearly","5min, 15min, hourly",Forecasted by Electricity Maps,"24h, 48h, 72h","5min, 15min, hourly"
La Palma,ES-CN-LP,A,Carbon Free Energy,2017-01-01T00:00:00.000Z,"5min, 15min, hourly, daily, monthly, quarterly, yearly","5min, 15min, hourly",Forecasted by Electricity Maps,"24h, 48h, 72h","5min, 15min, hourly"
La Palma,ES-CN-LP,A,Fossil Only Carbon Intensity,2017-01-01T00:00:00.000Z,"5min, 15min, hourly, daily, monthly, quarterly, yearly","5min, 15min, hourly",Forecasted by Electricity Maps,"24h, 48h, 72h","5min, 15min, hourly"
La Palma,ES-CN-LP,A,Carbon Intensity,2017-01-01T00:00:00.000Z,"5min, 15min, hourly, daily, monthly, quarterly, yearly","5min, 15min, hourly",Forecasted by Electricity Maps,"24h, 48h, 72h","5min, 15min, hourly"
La Palma,ES-CN-LP,A,Electricity Flows,2017-01-01T00:00:00.000Z,"5min, 15min, hourly, daily, monthly, quarterly, yearly","5min, 15min, hourly",Forecasted by Electricity Maps,"24h, 48h, 72h","5min, 15min, hourly"
La Palma,ES-CN-LP,A,Total Load,2017-01-01T00:00:00.000Z,"5min, 15min, hourly, daily, monthly, quarterly, yearly","5min, 15min, hourly",Forecasted by Electricity Maps,"24h, 48h, 72h","5min, 15min, hourly"
La Palma,ES-CN-LP,A,Electricity Mix,2017-01-01T00:00:00.000Z,"5min, 15min, hourly, daily, monthly, quarterly, yearly","5min, 15min, hourly",Forecasted by Electricity Maps,"24h, 48h, 72h","5min, 15min, hourly"
La Palma,ES-CN-LP,A,Total Reported Load,2018-01-01T00:00:00.000Z,"5min, 15min, hourly","5min, 15min, hourly",Forecasted by Electricity Maps,"24h, 48h, 72h","5min, 15min, hourly"
Lanzarote,ES-CN-LZ,A,Renewable Energy,2017-01-01T00:00:00.000Z,"5min, 15min, hourly, daily, monthly, quarterly, yearly","5min, 15min, hourly",Forecasted by Electricity Maps,"24h, 48h, 72h","5min, 15min, hourly"
Lanzarote,ES-CN-LZ,A,Carbon Free Energy,2017-01-01T00:00:00.000Z,"5min, 15min, hourly, daily, monthly, quarterly, yearly","5min, 15min, hourly",Forecasted by Electricity Maps,"24h, 48h, 72h","5min, 15min, hourly"
Lanzarote,ES-CN-LZ,A,Fossil Only Carbon Intensity,2017-01-01T00:00:00.000Z,"5min, 15min, hourly, daily, monthly, quarterly, yearly","5min, 15min, hourly",Forecasted by Electricity Maps,"24h, 48h, 72h","5min, 15min, hourly"
Lanzarote,ES-CN-LZ,A,Carbon Intensity,2017-01-01T00:00:00.000Z,"5min, 15min, hourly, daily, monthly, quarterly, yearly","5min, 15min, hourly",Forecasted by Electricity Maps,"24h, 48h, 72h","5min, 15min, hourly"
Lanzarote,ES-CN-LZ,A,Electricity Flows,2017-01-01T00:00:00.000Z,"5min, 15min, hourly, daily, monthly, quarterly, yearly","5min, 15min, hourly",Forecasted by Electricity Maps,"24h, 48h, 72h","5min, 15min, hourly"
Lanzarote,ES-CN-LZ,A,Total Load,2017-01-01T00:00:00.000Z,"5min, 15min, hourly, daily, monthly, quarterly, yearly","5min, 15min, hourly",Forecasted by Electricity Maps,"24h, 48h, 72h","5min, 15min, hourly"
Lanzarote,ES-CN-LZ,A,Electricity Mix,2017-01-01T00:00:00.000Z,"5min, 15min, hourly, daily, monthly, quarterly, yearly","5min, 15min, hourly",Forecasted by Electricity Maps,"24h, 48h, 72h","5min, 15min, hourly"
Lanzarote,ES-CN-LZ,A,Total Reported Load,2019-01-01T00:00:00.000Z,"5min, 15min, hourly","5min, 15min, hourly",Forecasted by Electricity Maps,"24h, 48h, 72h","5min, 15min, hourly"
Tenerife,ES-CN-TE,A,Renewable Energy,2017-01-01T00:00:00.000Z,"5min, 15min, hourly, daily, monthly, quarterly, yearly","5min, 15min, hourly",Forecasted by Electricity Maps,"24h, 48h, 72h","5min, 15min, hourly"
Tenerife,ES-CN-TE,A,Carbon Free Energy,2017-01-01T00:00:00.000Z,"5min, 15min, hourly, daily, monthly, quarterly, yearly","5min, 15min, hourly",Forecasted by Electricity Maps,"24h, 48h, 72h","5min, 15min, hourly"
Tenerife,ES-CN-TE,A,Fossil Only Carbon Intensity,2017-01-01T00:00:00.000Z,"5min, 15min, hourly, daily, monthly, quarterly, yearly","5min, 15min, hourly",Forecasted by Electricity Maps,"24h, 48h, 72h","5min, 15min, hourly"
Tenerife,ES-CN-TE,A,Carbon Intensity,2017-01-01T00:00:00.000Z,"5min, 15min, hourly, daily, monthly, quarterly, yearly","5min, 15min, hourly",Forecasted by Electricity Maps,"24h, 48h, 72h","5min, 15min, hourly"
Tenerife,ES-CN-TE,A,Electricity Flows,2017-01-01T00:00:00.000Z,"5min, 15min, hourly, daily, monthly, quarterly, yearly","5min, 15min, hourly",Forecasted by Electricity Maps,"24h, 48h, 72h","5min, 15min, hourly"
Tenerife,ES-CN-TE,A,Total Load,2017-01-01T00:00:00.000Z,"5min, 15min, hourly, daily, monthly, quarterly, yearly","5min, 15min, hourly",Forecasted by Electricity Maps,"24h, 48h, 72h","5min, 15min, hourly"
Tenerife,ES-CN-TE,A,Electricity Mix,2017-01-01T00:00:00.000Z,"5min, 15min, hourly, daily, monthly, quarterly, yearly","5min, 15min, hourly",Forecasted by Electricity Maps,"24h, 48h, 72h","5min, 15min, hourly"
Tenerife,ES-CN-TE,A,Total Reported Load,2018-01-01T00:00:00.000Z,"5min, 15min, hourly","5min, 15min, hourly",Forecasted by Electricity Maps,"24h, 48h, 72h","5min, 15min, hourly"
Mallorca,ES-IB-MA,A,Renewable Energy,2017-01-01T00:00:00.000Z,"5min, 15min, hourly, daily, monthly, quarterly, yearly","5min, 15min, hourly",Forecasted by Electricity Maps,"24h, 48h, 72h","5min, 15min, hourly"
Mallorca,ES-IB-MA,A,Carbon Free Energy,2017-01-01T00:00:00.000Z,"5min, 15min, hourly, daily, monthly, quarterly, yearly","5min, 15min, hourly",Forecasted by Electricity Maps,"24h, 48h, 72h","5min, 15min, hourly"
Mallorca,ES-IB-MA,A,Fossil Only Carbon Intensity,2017-01-01T00:00:00.000Z,"5min, 15min, hourly, daily, monthly, quarterly, yearly","5min, 15min, hourly",Forecasted by Electricity Maps,"24h, 48h, 72h","5min, 15min, hourly"
Mallorca,ES-IB-MA,A,Carbon Intensity,2017-01-01T00:00:00.000Z,"5min, 15min, hourly, daily, monthly, quarterly, yearly","5min, 15min, hourly",Forecasted by Electricity Maps,"24h, 48h, 72h","5min, 15min, hourly"
Mallorca,ES-IB-MA,A,Electricity Flows,2017-01-01T00:00:00.000Z,"5min, 15min, hourly, daily, monthly, quarterly, yearly","5min, 15min, hourly",Forecasted by Electricity Maps,"24h, 48h, 72h","5min, 15min, hourly"
Mallorca,ES-IB-MA,A,Total Load,2017-01-01T00:00:00.000Z,"5min, 15min, hourly, daily, monthly, quarterly, yearly","5min, 15min, hourly",Forecasted by Electricity Maps,"24h, 48h, 72h","5min, 15min, hourly"
Mallorca,ES-IB-MA,A,Electricity Mix,2017-01-01T00:00:00.000Z,"5min, 15min, hourly, daily, monthly, quarterly, yearly","5min, 15min, hourly",Forecasted by Electricity Maps,"24h, 48h, 72h","5min, 15min, hourly"
Mallorca,ES-IB-MA,A,Total Reported Load,2018-01-01T00:00:00.000Z,"5min, 15min, hourly","5min, 15min, hourly",Forecasted by Electricity Maps,"24h, 48h, 72h","5min, 15min, hourly"
Menorca,ES-IB-ME,A,Renewable Energy,2017-01-01T00:00:00.000Z,"5min, 15min, hourly, daily, monthly, quarterly, yearly","5min, 15min, hourly",Forecasted by Electricity Maps,"24h, 48h, 72h","5min, 15min, hourly"
Menorca,ES-IB-ME,A,Carbon Free Energy,2017-01-01T00:00:00.000Z,"5min, 15min, hourly, daily, monthly, quarterly, yearly","5min, 15min, hourly",Forecasted by Electricity Maps,"24h, 48h, 72h","5min, 15min, hourly"
Menorca,ES-IB-ME,A,Fossil Only Carbon Intensity,2017-01-01T00:00:00.000Z,"5min, 15min, hourly, daily, monthly, quarterly, yearly","5min, 15min, hourly",Forecasted by Electricity Maps,"24h, 48h, 72h","5min, 15min, hourly"
Menorca,ES-IB-ME,A,Carbon Intensity,2017-01-01T00:00:00.000Z,"5min, 15min, hourly, daily, monthly, quarterly, yearly","5min, 15min, hourly",Forecasted by Electricity Maps,"24h, 48h, 72h","5min, 15min, hourly"
Menorca,ES-IB-ME,A,Electricity Flows,2017-01-01T00:00:00.000Z,"5min, 15min, hourly, daily, monthly, quarterly, yearly","5min, 15min, hourly",Forecasted by Electricity Maps,"24h, 48h, 72h","5min, 15min, hourly"
Menorca,ES-IB-ME,A,Total Load,2017-01-01T00:00:00.000Z,"5min, 15min, hourly, daily, monthly, quarterly, yearly","5min, 15min, hourly",Forecasted by Electricity Maps,"24h, 48h, 72h","5min, 15min, hourly"
Menorca,ES-IB-ME,A,Electricity Mix,2017-01-01T00:00:00.000Z,"5min, 15min, hourly, daily, monthly, quarterly, yearly","5min, 15min, hourly",Forecasted by Electricity Maps,"24h, 48h, 72h","5min, 15min, hourly"
Menorca,ES-IB-ME,A,Total Reported Load,2018-01-01T00:00:00.000Z,"5min, 15min, hourly","5min, 15min, hourly",Forecasted by Electricity Maps,"24h, 48h, 72h","5min, 15min, hourly"
Melilla,ES-ML,A,Renewable Energy,2017-01-01T00:00:00.000Z,"5min, 15min, hourly, daily, monthly, quarterly, yearly","5min, 15min, hourly",Forecasted by Electricity Maps,"24h, 48h, 72h","5min, 15min, hourly"
Melilla,ES-ML,A,Carbon Free Energy,2017-01-01T00:00:00.000Z,"5min, 15min, hourly, daily, monthly, quarterly, yearly","5min, 15min, hourly",Forecasted by Electricity Maps,"24h, 48h, 72h","5min, 15min, hourly"
Melilla,ES-ML,A,Fossil Only Carbon Intensity,2017-01-01T00:00:00.000Z,"5min, 15min, hourly, daily, monthly, quarterly, yearly","5min, 15min, hourly",Forecasted by Electricity Maps,"24h, 48h, 72h","5min, 15min, hourly"
Melilla,ES-ML,A,Carbon Intensity,2017-01-01T00:00:00.000Z,"5min, 15min, hourly, daily, monthly, quarterly, yearly","5min, 15min, hourly",Forecasted by Electricity Maps,"24h, 48h, 72h","5min, 15min, hourly"
Melilla,ES-ML,A,Electricity Flows,2017-01-01T00:00:00.000Z,"5min, 15min, hourly, daily, monthly, quarterly, yearly","5min, 15min, hourly",Forecasted by Electricity Maps,"24h, 48h, 72h","5min, 15min, hourly"
Melilla,ES-ML,A,Total Load,2017-01-01T00:00:00.000Z,"5min, 15min, hourly, daily, monthly, quarterly, yearly","5min, 15min, hourly",Forecasted by Electricity Maps,"24h, 48h, 72h","5min, 15min, hourly"
Melilla,ES-ML,A,Electricity Mix,2017-01-01T00:00:00.000Z,"5min, 15min, hourly, daily, monthly, quarterly, yearly","5min, 15min, hourly",Forecasted by Electricity Maps,"24h, 48h, 72h","5min, 15min, hourly"
Melilla,ES-ML,A,Total Reported Load,2019-01-01T00:00:00.000Z,"5min, 15min, hourly","5min, 15min, hourly",Forecasted by Electricity Maps,"24h, 48h, 72h","5min, 15min, hourly"
Spain,ES,A,Price Day Ahead,2015-01-01T00:00:00.000Z,"5min, 15min, hourly, daily, monthly, quarterly, yearly","5min, 15min, hourly",Forecasted by Electricity Maps,"24h, 48h, 72h","5min, 15min, hourly"
Spain,ES,A,Renewable Energy,2015-01-01T00:00:00.000Z,"5min, 15min, hourly, daily, monthly, quarterly, yearly","5min, 15min, hourly",Forecasted by Electricity Maps,"24h, 48h, 72h","5min, 15min, hourly"
Spain,ES,A,Carbon Free Energy,2015-01-01T00:00:00.000Z,"5min, 15min, hourly, daily, monthly, quarterly, yearly","5min, 15min, hourly",Forecasted by Electricity Maps,"24h, 48h, 72h","5min, 15min, hourly"
Spain,ES,A,Fossil Only Carbon Intensity,2015-01-01T00:00:00.000Z,"5min, 15min, hourly, daily, monthly, quarterly, yearly","5min, 15min, hourly",Forecasted by Electricity Maps,"24h, 48h, 72h","5min, 15min, hourly"
Spain,ES,A,Carbon Intensity,2015-01-01T00:00:00.000Z,"5min, 15min, hourly, daily, monthly, quarterly, yearly","5min, 15min, hourly",Forecasted by Electricity Maps,"24h, 48h, 72h","5min, 15min, hourly"
Spain,ES,A,Electricity Flows,2015-01-01T00:00:00.000Z,"5min, 15min, hourly, daily, monthly, quarterly, yearly","5min, 15min, hourly",Forecasted by Electricity Maps,"24h, 48h, 72h","5min, 15min, hourly"
Spain,ES,A,Total Load,2015-01-01T00:00:00.000Z,"5min, 15min, hourly, daily, monthly, quarterly, yearly","5min, 15min, hourly",Forecasted by Electricity Maps,"24h, 48h, 72h","5min, 15min, hourly"
Spain,ES,A,Electricity Mix,2015-01-01T00:00:00.000Z,"5min, 15min, hourly, daily, monthly, quarterly, yearly","5min, 15min, hourly",Forecasted by Electricity Maps,"24h, 48h, 72h","5min, 15min, hourly"
Spain,ES,A,Total Reported Load,2018-01-01T00:00:00.000Z,"5min, 15min, hourly","5min, 15min, hourly",Forecasted by Electricity Maps,"24h, 48h, 72h","5min, 15min, hourly"
Finland,FI,A,Price Day Ahead,2015-01-01T00:00:00.000Z,"5min, 15min, hourly, daily, monthly, quarterly, yearly","5min, 15min, hourly",Forecasted by Electricity Maps,"24h, 48h, 72h","5min, 15min, hourly"
Finland,FI,A,Renewable Energy,2015-01-01T00:00:00.000Z,"5min, 15min, hourly, daily, monthly, quarterly, yearly","5min, 15min, hourly",Forecasted by Electricity Maps,"24h, 48h, 72h","5min, 15min, hourly"
Finland,FI,A,Carbon Free Energy,2015-01-01T00:00:00.000Z,"5min, 15min, hourly, daily, monthly, quarterly, yearly","5min, 15min, hourly",Forecasted by Electricity Maps,"24h, 48h, 72h","5min, 15min, hourly"
Finland,FI,A,Fossil Only Carbon Intensity,2015-01-01T00:00:00.000Z,"5min, 15min, hourly, daily, monthly, quarterly, yearly","5min, 15min, hourly",Forecasted by Electricity Maps,"24h, 48h, 72h","5min, 15min, hourly"
Finland,FI,A,Carbon Intensity,2015-01-01T00:00:00.000Z,"5min, 15min, hourly, daily, monthly, quarterly, yearly","5min, 15min, hourly",Forecasted by Electricity Maps,"24h, 48h, 72h","5min, 15min, hourly"
Finland,FI,A,Electricity Flows,2015-01-01T00:00:00.000Z,"5min, 15min, hourly, daily, monthly, quarterly, yearly","5min, 15min, hourly",Forecasted by Electricity Maps,"24h, 48h, 72h","5min, 15min, hourly"
Finland,FI,A,Total Load,2015-01-01T00:00:00.000Z,"5min, 15min, hourly, daily, monthly, quarterly, yearly","5min, 15min, hourly",Forecasted by Electricity Maps,"24h, 48h, 72h","5min, 15min, hourly"
Finland,FI,A,Electricity Mix,2015-01-01T00:00:00.000Z,"5min, 15min, hourly, daily, monthly, quarterly, yearly","5min, 15min, hourly",Forecasted by Electricity Maps,"24h, 48h, 72h","5min, 15min, hourly"
Finland,FI,A,Total Reported Load,2018-01-01T00:00:00.000Z,"5min, 15min, hourly","5min, 15min, hourly",Forecasted by Electricity Maps,"24h, 48h, 72h","5min, 15min, hourly"
France,FR,A,Price Day Ahead,2015-01-05T00:00:00.000Z,"5min, 15min, hourly, daily, monthly, quarterly, yearly","5min, 15min, hourly",Forecasted by Electricity Maps,"24h, 48h, 72h","5min, 15min, hourly"
France,FR,A,Renewable Energy,2015-01-01T00:00:00.000Z,"5min, 15min, hourly, daily, monthly, quarterly, yearly","5min, 15min, hourly",Forecasted by Electricity Maps,"24h, 48h, 72h","5min, 15min, hourly"
France,FR,A,Carbon Free Energy,2015-01-01T00:00:00.000Z,"5min, 15min, hourly, daily, monthly, quarterly, yearly","5min, 15min, hourly",Forecasted by Electricity Maps,"24h, 48h, 72h","5min, 15min, hourly"
France,FR,A,Fossil Only Carbon Intensity,2015-01-01T00:00:00.000Z,"5min, 15min, hourly, daily, monthly, quarterly, yearly","5min, 15min, hourly",Forecasted by Electricity Maps,"24h, 48h, 72h","5min, 15min, hourly"
France,FR,A,Carbon Intensity,2015-01-01T00:00:00.000Z,"5min, 15min, hourly, daily, monthly, quarterly, yearly","5min, 15min, hourly",Forecasted by Electricity Maps,"24h, 48h, 72h","5min, 15min, hourly"
France,FR,A,Electricity Flows,2015-01-01T00:00:00.000Z,"5min, 15min, hourly, daily, monthly, quarterly, yearly","5min, 15min, hourly",Forecasted by Electricity Maps,"24h, 48h, 72h","5min, 15min, hourly"
France,FR,A,Total Load,2015-01-01T00:00:00.000Z,"5min, 15min, hourly, daily, monthly, quarterly, yearly","5min, 15min, hourly",Forecasted by Electricity Maps,"24h, 48h, 72h","5min, 15min, hourly"
France,FR,A,Electricity Mix,2015-01-01T00:00:00.000Z,"5min, 15min, hourly, daily, monthly, quarterly, yearly","5min, 15min, hourly",Forecasted by Electricity Maps,"24h, 48h, 72h","5min, 15min, hourly"
France,FR,A,Total Reported Load,2018-01-01T00:00:00.000Z,"5min, 15min, hourly","5min, 15min, hourly",Forecasted by Electricity Maps,"24h, 48h, 72h","5min, 15min, hourly"
Lithuania,LT,A,Price Day Ahead,2015-01-01T00:00:00.000Z,"5min, 15min, hourly, daily, monthly, quarterly, yearly","5min, 15min, hourly",Forecasted by Electricity Maps,"24h, 48h, 72h","5min, 15min, hourly"
Lithuania,LT,A,Renewable Energy,2015-01-04T00:00:00.000Z,"5min, 15min, hourly, daily, monthly, quarterly, yearly","5min, 15min, hourly",Forecasted by Electricity Maps,"24h, 48h, 72h","5min, 15min, hourly"
Lithuania,LT,A,Carbon Free Energy,2015-01-04T00:00:00.000Z,"5min, 15min, hourly, daily, monthly, quarterly, yearly","5min, 15min, hourly",Forecasted by Electricity Maps,"24h, 48h, 72h","5min, 15min, hourly"
Lithuania,LT,A,Fossil Only Carbon Intensity,2015-01-04T00:00:00.000Z,"5min, 15min, hourly, daily, monthly, quarterly, yearly","5min, 15min, hourly",Forecasted by Electricity Maps,"24h, 48h, 72h","5min, 15min, hourly"
Lithuania,LT,A,Carbon Intensity,2015-01-04T00:00:00.000Z,"5min, 15min, hourly, daily, monthly, quarterly, yearly","5min, 15min, hourly",Forecasted by Electricity Maps,"24h, 48h, 72h","5min, 15min, hourly"
Lithuania,LT,A,Electricity Flows,2015-01-04T00:00:00.000Z,"5min, 15min, hourly, daily, monthly, quarterly, yearly","5min, 15min, hourly",Forecasted by Electricity Maps,"24h, 48h, 72h","5min, 15min, hourly"
Lithuania,LT,A,Total Load,2015-01-04T00:00:00.000Z,"5min, 15min, hourly, daily, monthly, quarterly, yearly","5min, 15min, hourly",Forecasted by Electricity Maps,"24h, 48h, 72h","5min, 15min, hourly"
Lithuania,LT,A,Electricity Mix,2015-01-04T00:00:00.000Z,"5min, 15min, hourly, daily, monthly, quarterly, yearly","5min, 15min, hourly",Forecasted by Electricity Maps,"24h, 48h, 72h","5min, 15min, hourly"
Lithuania,LT,A,Total Reported Load,2018-01-01T00:00:00.000Z,"5min, 15min, hourly","5min, 15min, hourly",Forecasted by Electricity Maps,"24h, 48h, 72h","5min, 15min, hourly"
Luxembourg,LU,A,Price Day Ahead,2015-01-05T00:00:00.000Z,"5min, 15min, hourly, daily, monthly, quarterly, yearly","5min, 15min, hourly",Forecasted by Electricity Maps,"24h, 48h, 72h","5min, 15min, hourly"
Luxembourg,LU,A,Renewable Energy,2015-01-01T00:00:00.000Z,"5min, 15min, hourly, daily, monthly, quarterly, yearly","5min, 15min, hourly",Forecasted by Electricity Maps,"24h, 48h, 72h","5min, 15min, hourly"
Luxembourg,LU,A,Carbon Free Energy,2015-01-01T00:00:00.000Z,"5min, 15min, hourly, daily, monthly, quarterly, yearly","5min, 15min, hourly",Forecasted by Electricity Maps,"24h, 48h, 72h","5min, 15min, hourly"
Luxembourg,LU,A,Fossil Only Carbon Intensity,2015-01-01T00:00:00.000Z,"5min, 15min, hourly, daily, monthly, quarterly, yearly","5min, 15min, hourly",Forecasted by Electricity Maps,"24h, 48h, 72h","5min, 15min, hourly"
Luxembourg,LU,A,Carbon Intensity,2015-01-01T00:00:00.000Z,"5min, 15min, hourly, daily, monthly, quarterly, yearly","5min, 15min, hourly",Forecasted by Electricity Maps,"24h, 48h, 72h","5min, 15min, hourly"
Luxembourg,LU,A,Electricity Flows,2015-01-01T00:00:00.000Z,"5min, 15min, hourly, daily, monthly, quarterly, yearly","5min, 15min, hourly",Forecasted by Electricity Maps,"24h, 48h, 72h","5min, 15min, hourly"
Luxembourg,LU,A,Total Load,2015-01-01T00:00:00.000Z,"5min, 15min, hourly, daily, monthly, quarterly, yearly","5min, 15min, hourly",Forecasted by Electricity Maps,"24h, 48h, 72h","5min, 15min, hourly"
Luxembourg,LU,A,Electricity Mix,2015-01-01T00:00:00.000Z,"5min, 15min, hourly, daily, monthly, quarterly, yearly","5min, 15min, hourly",Forecasted by Electricity Maps,"24h, 48h, 72h","5min, 15min, hourly"
Luxembourg,LU,A,Total Reported Load,2018-01-01T00:00:00.000Z,"5min, 15min, hourly","5min, 15min, hourly",Forecasted by Electricity Maps,"24h, 48h, 72h","5min, 15min, hourly"
Latvia,LV,A,Price Day Ahead,2015-01-01T00:00:00.000Z,"5min, 15min, hourly, daily, monthly, quarterly, yearly","5min, 15min, hourly",Forecasted by Electricity Maps,"24h, 48h, 72h","5min, 15min, hourly"
Latvia,LV,A,Renewable Energy,2015-01-01T00:00:00.000Z,"5min, 15min, hourly, daily, monthly, quarterly, yearly","5min, 15min, hourly",Forecasted by Electricity Maps,"24h, 48h, 72h","5min, 15min, hourly"
Latvia,LV,A,Carbon Free Energy,2015-01-01T00:00:00.000Z,"5min, 15min, hourly, daily, monthly, quarterly, yearly","5min, 15min, hourly",Forecasted by Electricity Maps,"24h, 48h, 72h","5min, 15min, hourly"
Latvia,LV,A,Fossil Only Carbon Intensity,2015-01-01T00:00:00.000Z,"5min, 15min, hourly, daily, monthly, quarterly, yearly","5min, 15min, hourly",Forecasted by Electricity Maps,"24h, 48h, 72h","5min, 15min, hourly"
Latvia,LV,A,Carbon Intensity,2015-01-01T00:00:00.000Z,"5min, 15min, hourly, daily, monthly, quarterly, yearly","5min, 15min, hourly",Forecasted by Electricity Maps,"24h, 48h, 72h","5min, 15min, hourly"
Latvia,LV,A,Electricity Flows,2015-01-01T00:00:00.000Z,"5min, 15min, hourly, daily, monthly, quarterly, yearly","5min, 15min, hourly",Forecasted by Electricity Maps,"24h, 48h, 72h","5min, 15min, hourly"
Latvia,LV,A,Total Load,2015-01-01T00:00:00.000Z,"5min, 15min, hourly, daily, monthly, quarterly, yearly","5min, 15min, hourly",Forecasted by Electricity Maps,"24h, 48h, 72h","5min, 15min, hourly"
Latvia,LV,A,Electricity Mix,2015-01-01T00:00:00.000Z,"5min, 15min, hourly, daily, monthly, quarterly, yearly","5min, 15min, hourly",Forecasted by Electricity Maps,"24h, 48h, 72h","5min, 15min, hourly"
Latvia,LV,A,Total Reported Load,2018-01-01T00:00:00.000Z,"5min, 15min, hourly","5min, 15min, hourly",Forecasted by Electricity Maps,"24h, 48h, 72h","5min, 15min, hourly"
Malaysia,MY,,Renewable Energy,2017-01-01T00:00:00.000Z,"5min, 15min, hourly, daily, monthly, quarterly, yearly","5min, 15min, hourly",Forecasted by Electricity Maps,"24h, 48h, 72h","5min, 15min, hourly"
Malaysia,MY,,Carbon Free Energy,2017-01-01T00:00:00.000Z,"5min, 15min, hourly, daily, monthly, quarterly, yearly","5min, 15min, hourly",Forecasted by Electricity Maps,"24h, 48h, 72h","5min, 15min, hourly"
Malaysia,MY,,Fossil Only Carbon Intensity,2017-01-01T00:00:00.000Z,"5min, 15min, hourly, daily, monthly, quarterly, yearly","5min, 15min, hourly",Forecasted by Electricity Maps,"24h, 48h, 72h","5min, 15min, hourly"
Malaysia,MY,,Carbon Intensity,2017-01-01T00:00:00.000Z,"5min, 15min, hourly, daily, monthly, quarterly, yearly","5min, 15min, hourly",Forecasted by Electricity Maps,"24h, 48h, 72h","5min, 15min, hourly"
Malaysia,MY,,Electricity Flows,2017-01-01T00:00:00.000Z,"5min, 15min, hourly, daily, monthly, quarterly, yearly","5min, 15min, hourly",Forecasted by Electricity Maps,"24h, 48h, 72h","5min, 15min, hourly"
Malaysia,MY,,Total Load,2017-01-01T00:00:00.000Z,"5min, 15min, hourly, daily, monthly, quarterly, yearly","5min, 15min, hourly",Forecasted by Electricity Maps,"24h, 48h, 72h","5min, 15min, hourly"
Malaysia,MY,,Electricity Mix,2017-01-01T00:00:00.000Z,"5min, 15min, hourly, daily, monthly, quarterly, yearly","5min, 15min, hourly",Forecasted by Electricity Maps,"24h, 48h, 72h","5min, 15min, hourly"
Formentera,ES-IB-FO,A,Renewable Energy,2017-01-01T00:00:00.000Z,"5min, 15min, hourly, daily, monthly, quarterly, yearly","5min, 15min, hourly",Forecasted by Electricity Maps,"24h, 48h, 72h","5min, 15min, hourly"
Formentera,ES-IB-FO,A,Carbon Free Energy,2017-01-01T00:00:00.000Z,"5min, 15min, hourly, daily, monthly, quarterly, yearly","5min, 15min, hourly",Forecasted by Electricity Maps,"24h, 48h, 72h","5min, 15min, hourly"
Formentera,ES-IB-FO,A,Fossil Only Carbon Intensity,2017-01-01T00:00:00.000Z,"5min, 15min, hourly, daily, monthly, quarterly, yearly","5min, 15min, hourly",Forecasted by Electricity Maps,"24h, 48h, 72h","5min, 15min, hourly"
Formentera,ES-IB-FO,A,Carbon Intensity,2017-01-01T00:00:00.000Z,"5min, 15min, hourly, daily, monthly, quarterly, yearly","5min, 15min, hourly",Forecasted by Electricity Maps,"24h, 48h, 72h","5min, 15min, hourly"
Formentera,ES-IB-FO,A,Electricity Flows,2017-01-01T00:00:00.000Z,"5min, 15min, hourly, daily, monthly, quarterly, yearly","5min, 15min, hourly",Forecasted by Electricity Maps,"24h, 48h, 72h","5min, 15min, hourly"
Formentera,ES-IB-FO,A,Total Load,2017-01-01T00:00:00.000Z,"5min, 15min, hourly, daily, monthly, quarterly, yearly","5min, 15min, hourly",Forecasted by Electricity Maps,"24h, 48h, 72h","5min, 15min, hourly"
Formentera,ES-IB-FO,A,Electricity Mix,2017-01-01T00:00:00.000Z,"5min, 15min, hourly, daily, monthly, quarterly, yearly","5min, 15min, hourly",Forecasted by Electricity Maps,"24h, 48h, 72h","5min, 15min, hourly"
Formentera,ES-IB-FO,A,Total Reported Load,2018-01-01T00:00:00.000Z,"5min, 15min, hourly","5min, 15min, hourly",Forecasted by Electricity Maps,"24h, 48h, 72h","5min, 15min, hourly"
Ibiza,ES-IB-IZ,A,Renewable Energy,2017-01-01T00:00:00.000Z,"5min, 15min, hourly, daily, monthly, quarterly, yearly","5min, 15min, hourly",Forecasted by Electricity Maps,"24h, 48h, 72h","5min, 15min, hourly"
Ibiza,ES-IB-IZ,A,Carbon Free Energy,2017-01-01T00:00:00.000Z,"5min, 15min, hourly, daily, monthly, quarterly, yearly","5min, 15min, hourly",Forecasted by Electricity Maps,"24h, 48h, 72h","5min, 15min, hourly"
Ibiza,ES-IB-IZ,A,Fossil Only Carbon Intensity,2017-01-01T00:00:00.000Z,"5min, 15min, hourly, daily, monthly, quarterly, yearly","5min, 15min, hourly",Forecasted by Electricity Maps,"24h, 48h, 72h","5min, 15min, hourly"
Ibiza,ES-IB-IZ,A,Carbon Intensity,2017-01-01T00:00:00.000Z,"5min, 15min, hourly, daily, monthly, quarterly, yearly","5min, 15min, hourly",Forecasted by Electricity Maps,"24h, 48h, 72h","5min, 15min, hourly"
Ibiza,ES-IB-IZ,A,Electricity Flows,2017-01-01T00:00:00.000Z,"5min, 15min, hourly, daily, monthly, quarterly, yearly","5min, 15min, hourly",Forecasted by Electricity Maps,"24h, 48h, 72h","5min, 15min, hourly"
Ibiza,ES-IB-IZ,A,Total Load,2017-01-01T00:00:00.000Z,"5min, 15min, hourly, daily, monthly, quarterly, yearly","5min, 15min, hourly",Forecasted by Electricity Maps,"24h, 48h, 72h","5min, 15min, hourly"
Ibiza,ES-IB-IZ,A,Electricity Mix,2017-01-01T00:00:00.000Z,"5min, 15min, hourly, daily, monthly, quarterly, yearly","5min, 15min, hourly",Forecasted by Electricity Maps,"24h, 48h, 72h","5min, 15min, hourly"
Ibiza,ES-IB-IZ,A,Total Reported Load,2018-01-01T00:00:00.000Z,"5min, 15min, hourly","5min, 15min, hourly",Forecasted by Electricity Maps,"24h, 48h, 72h","5min, 15min, hourly"
Montenegro,ME,A,Price Day Ahead,2017-01-01T00:00:00.000Z,"5min, 15min, hourly, daily, monthly, quarterly, yearly","5min, 15min, hourly",Forecasted by Electricity Maps,"24h, 48h, 72h","5min, 15min, hourly"
Montenegro,ME,A,Renewable Energy,2015-01-04T00:00:00.000Z,"5min, 15min, hourly, daily, monthly, quarterly, yearly","5min, 15min, hourly",Forecasted by Electricity Maps,"24h, 48h, 72h","5min, 15min, hourly"
Montenegro,ME,A,Carbon Free Energy,2015-01-04T00:00:00.000Z,"5min, 15min, hourly, daily, monthly, quarterly, yearly","5min, 15min, hourly",Forecasted by Electricity Maps,"24h, 48h, 72h","5min, 15min, hourly"
Montenegro,ME,A,Fossil Only Carbon Intensity,2015-01-04T00:00:00.000Z,"5min, 15min, hourly, daily, monthly, quarterly, yearly","5min, 15min, hourly",Forecasted by Electricity Maps,"24h, 48h, 72h","5min, 15min, hourly"
Montenegro,ME,A,Carbon Intensity,2015-01-04T00:00:00.000Z,"5min, 15min, hourly, daily, monthly, quarterly, yearly","5min, 15min, hourly",Forecasted by Electricity Maps,"24h, 48h, 72h","5min, 15min, hourly"
Montenegro,ME,A,Electricity Flows,2015-01-04T00:00:00.000Z,"5min, 15min, hourly, daily, monthly, quarterly, yearly","5min, 15min, hourly",Forecasted by Electricity Maps,"24h, 48h, 72h","5min, 15min, hourly"
Montenegro,ME,A,Total Load,2015-01-04T00:00:00.000Z,"5min, 15min, hourly, daily, monthly, quarterly, yearly","5min, 15min, hourly",Forecasted by Electricity Maps,"24h, 48h, 72h","5min, 15min, hourly"
Montenegro,ME,A,Electricity Mix,2015-01-04T00:00:00.000Z,"5min, 15min, hourly, daily, monthly, quarterly, yearly","5min, 15min, hourly",Forecasted by Electricity Maps,"24h, 48h, 72h","5min, 15min, hourly"
Montenegro,ME,A,Total Reported Load,2018-01-01T00:00:00.000Z,"5min, 15min, hourly","5min, 15min, hourly",Forecasted by Electricity Maps,"24h, 48h, 72h","5min, 15min, hourly"
United Arab Emirates,AE,C,Renewable Energy,2017-01-01T00:00:00.000Z,"5min, 15min, hourly, daily, monthly, quarterly, yearly","5min, 15min, hourly",Forecasted by Electricity Maps,"24h, 48h, 72h","5min, 15min, hourly"
United Arab Emirates,AE,C,Carbon Free Energy,2017-01-01T00:00:00.000Z,"5min, 15min, hourly, daily, monthly, quarterly, yearly","5min, 15min, hourly",Forecasted by Electricity Maps,"24h, 48h, 72h","5min, 15min, hourly"
United Arab Emirates,AE,C,Fossil Only Carbon Intensity,2017-01-01T00:00:00.000Z,"5min, 15min, hourly, daily, monthly, quarterly, yearly","5min, 15min, hourly",Forecasted by Electricity Maps,"24h, 48h, 72h","5min, 15min, hourly"
United Arab Emirates,AE,C,Carbon Intensity,2017-01-01T00:00:00.000Z,"5min, 15min, hourly, daily, monthly, quarterly, yearly","5min, 15min, hourly",Forecasted by Electricity Maps,"24h, 48h, 72h","5min, 15min, hourly"
United Arab Emirates,AE,C,Electricity Flows,2017-01-01T00:00:00.000Z,"5min, 15min, hourly, daily, monthly, quarterly, yearly","5min, 15min, hourly",Forecasted by Electricity Maps,"24h, 48h, 72h","5min, 15min, hourly"
United Arab Emirates,AE,C,Total Load,2017-01-01T00:00:00.000Z,"5min, 15min, hourly, daily, monthly, quarterly, yearly","5min, 15min, hourly",Forecasted by Electricity Maps,"24h, 48h, 72h","5min, 15min, hourly"
United Arab Emirates,AE,C,Electricity Mix,2017-01-01T00:00:00.000Z,"5min, 15min, hourly, daily, monthly, quarterly, yearly","5min, 15min, hourly",Forecasted by Electricity Maps,"24h, 48h, 72h","5min, 15min, hourly"
United Arab Emirates,AE,C,Total Reported Load,2019-01-01T00:00:00.000Z,"5min, 15min, hourly","5min, 15min, hourly",Forecasted by Electricity Maps,"24h, 48h, 72h","5min, 15min, hourly"
Afghanistan,AF,C,Renewable Energy,2017-01-01T00:00:00.000Z,"5min, 15min, hourly, daily, monthly, quarterly, yearly","5min, 15min, hourly",Forecasted by Electricity Maps,"24h, 48h, 72h","5min, 15min, hourly"
Afghanistan,AF,C,Carbon Free Energy,2017-01-01T00:00:00.000Z,"5min, 15min, hourly, daily, monthly, quarterly, yearly","5min, 15min, hourly",Forecasted by Electricity Maps,"24h, 48h, 72h","5min, 15min, hourly"
Afghanistan,AF,C,Fossil Only Carbon Intensity,2017-01-01T00:00:00.000Z,"5min, 15min, hourly, daily, monthly, quarterly, yearly","5min, 15min, hourly",Forecasted by Electricity Maps,"24h, 48h, 72h","5min, 15min, hourly"
Afghanistan,AF,C,Carbon Intensity,2017-01-01T00:00:00.000Z,"5min, 15min, hourly, daily, monthly, quarterly, yearly","5min, 15min, hourly",Forecasted by Electricity Maps,"24h, 48h, 72h","5min, 15min, hourly"
Afghanistan,AF,C,Electricity Flows,2017-01-01T00:00:00.000Z,"5min, 15min, hourly, daily, monthly, quarterly, yearly","5min, 15min, hourly",Forecasted by Electricity Maps,"24h, 48h, 72h","5min, 15min, hourly"
Afghanistan,AF,C,Total Load,2017-01-01T00:00:00.000Z,"5min, 15min, hourly, daily, monthly, quarterly, yearly","5min, 15min, hourly",Forecasted by Electricity Maps,"24h, 48h, 72h","5min, 15min, hourly"
Afghanistan,AF,C,Electricity Mix,2017-01-01T00:00:00.000Z,"5min, 15min, hourly, daily, monthly, quarterly, yearly","5min, 15min, hourly",Forecasted by Electricity Maps,"24h, 48h, 72h","5min, 15min, hourly"
Antigua and Barbuda,AG,C,Renewable Energy,2017-01-01T00:00:00.000Z,"5min, 15min, hourly, daily, monthly, quarterly, yearly","5min, 15min, hourly",Forecasted by Electricity Maps,"24h, 48h, 72h","5min, 15min, hourly"
Antigua and Barbuda,AG,C,Carbon Free Energy,2017-01-01T00:00:00.000Z,"5min, 15min, hourly, daily, monthly, quarterly, yearly","5min, 15min, hourly",Forecasted by Electricity Maps,"24h, 48h, 72h","5min, 15min, hourly"
Antigua and Barbuda,AG,C,Fossil Only Carbon Intensity,2017-01-01T00:00:00.000Z,"5min, 15min, hourly, daily, monthly, quarterly, yearly","5min, 15min, hourly",Forecasted by Electricity Maps,"24h, 48h, 72h","5min, 15min, hourly"
Antigua and Barbuda,AG,C,Carbon Intensity,2017-01-01T00:00:00.000Z,"5min, 15min, hourly, daily, monthly, quarterly, yearly","5min, 15min, hourly",Forecasted by Electricity Maps,"24h, 48h, 72h","5min, 15min, hourly"
Antigua and Barbuda,AG,C,Electricity Flows,2017-01-01T00:00:00.000Z,"5min, 15min, hourly, daily, monthly, quarterly, yearly","5min, 15min, hourly",Forecasted by Electricity Maps,"24h, 48h, 72h","5min, 15min, hourly"
Antigua and Barbuda,AG,C,Total Load,2017-01-01T00:00:00.000Z,"5min, 15min, hourly, daily, monthly, quarterly, yearly","5min, 15min, hourly",Forecasted by Electricity Maps,"24h, 48h, 72h","5min, 15min, hourly"
Antigua and Barbuda,AG,C,Electricity Mix,2017-01-01T00:00:00.000Z,"5min, 15min, hourly, daily, monthly, quarterly, yearly","5min, 15min, hourly",Forecasted by Electricity Maps,"24h, 48h, 72h","5min, 15min, hourly"
Armenia,AM,C,Renewable Energy,2017-01-01T00:00:00.000Z,"5min, 15min, hourly, daily, monthly, quarterly, yearly","5min, 15min, hourly",Forecasted by Electricity Maps,"24h, 48h, 72h","5min, 15min, hourly"
Armenia,AM,C,Carbon Free Energy,2017-01-01T00:00:00.000Z,"5min, 15min, hourly, daily, monthly, quarterly, yearly","5min, 15min, hourly",Forecasted by Electricity Maps,"24h, 48h, 72h","5min, 15min, hourly"
Armenia,AM,C,Fossil Only Carbon Intensity,2017-01-01T00:00:00.000Z,"5min, 15min, hourly, daily, monthly, quarterly, yearly","5min, 15min, hourly",Forecasted by Electricity Maps,"24h, 48h, 72h","5min, 15min, hourly"
Armenia,AM,C,Carbon Intensity,2017-01-01T00:00:00.000Z,"5min, 15min, hourly, daily, monthly, quarterly, yearly","5min, 15min, hourly",Forecasted by Electricity Maps,"24h, 48h, 72h","5min, 15min, hourly"
Armenia,AM,C,Electricity Flows,2017-01-01T00:00:00.000Z,"5min, 15min, hourly, daily, monthly, quarterly, yearly","5min, 15min, hourly",Forecasted by Electricity Maps,"24h, 48h, 72h","5min, 15min, hourly"
Armenia,AM,C,Total Load,2017-01-01T00:00:00.000Z,"5min, 15min, hourly, daily, monthly, quarterly, yearly","5min, 15min, hourly",Forecasted by Electricity Maps,"24h, 48h, 72h","5min, 15min, hourly"
Armenia,AM,C,Electricity Mix,2017-01-01T00:00:00.000Z,"5min, 15min, hourly, daily, monthly, quarterly, yearly","5min, 15min, hourly",Forecasted by Electricity Maps,"24h, 48h, 72h","5min, 15min, hourly"
Angola,AO,C,Renewable Energy,2017-01-01T00:00:00.000Z,"5min, 15min, hourly, daily, monthly, quarterly, yearly","5min, 15min, hourly",Forecasted by Electricity Maps,"24h, 48h, 72h","5min, 15min, hourly"
Angola,AO,C,Carbon Free Energy,2017-01-01T00:00:00.000Z,"5min, 15min, hourly, daily, monthly, quarterly, yearly","5min, 15min, hourly",Forecasted by Electricity Maps,"24h, 48h, 72h","5min, 15min, hourly"
Angola,AO,C,Fossil Only Carbon Intensity,2017-01-01T00:00:00.000Z,"5min, 15min, hourly, daily, monthly, quarterly, yearly","5min, 15min, hourly",Forecasted by Electricity Maps,"24h, 48h, 72h","5min, 15min, hourly"
Angola,AO,C,Carbon Intensity,2017-01-01T00:00:00.000Z,"5min, 15min, hourly, daily, monthly, quarterly, yearly","5min, 15min, hourly",Forecasted by Electricity Maps,"24h, 48h, 72h","5min, 15min, hourly"
Angola,AO,C,Electricity Flows,2017-01-01T00:00:00.000Z,"5min, 15min, hourly, daily, monthly, quarterly, yearly","5min, 15min, hourly",Forecasted by Electricity Maps,"24h, 48h, 72h","5min, 15min, hourly"
Angola,AO,C,Total Load,2017-01-01T00:00:00.000Z,"5min, 15min, hourly, daily, monthly, quarterly, yearly","5min, 15min, hourly",Forecasted by Electricity Maps,"24h, 48h, 72h","5min, 15min, hourly"
Angola,AO,C,Electricity Mix,2017-01-01T00:00:00.000Z,"5min, 15min, hourly, daily, monthly, quarterly, yearly","5min, 15min, hourly",Forecasted by Electricity Maps,"24h, 48h, 72h","5min, 15min, hourly"
Argentina,AR,A,Renewable Energy,2017-01-01T00:00:00.000Z,"5min, 15min, hourly, daily, monthly, quarterly, yearly","5min, 15min, hourly",Forecasted by Electricity Maps,"24h, 48h, 72h","5min, 15min, hourly"
Argentina,AR,A,Carbon Free Energy,2017-01-01T00:00:00.000Z,"5min, 15min, hourly, daily, monthly, quarterly, yearly","5min, 15min, hourly",Forecasted by Electricity Maps,"24h, 48h, 72h","5min, 15min, hourly"
Argentina,AR,A,Fossil Only Carbon Intensity,2017-01-01T00:00:00.000Z,"5min, 15min, hourly, daily, monthly, quarterly, yearly","5min, 15min, hourly",Forecasted by Electricity Maps,"24h, 48h, 72h","5min, 15min, hourly"
Argentina,AR,A,Carbon Intensity,2017-01-01T00:00:00.000Z,"5min, 15min, hourly, daily, monthly, quarterly, yearly","5min, 15min, hourly",Forecasted by Electricity Maps,"24h, 48h, 72h","5min, 15min, hourly"
Argentina,AR,A,Electricity Flows,2017-01-01T00:00:00.000Z,"5min, 15min, hourly, daily, monthly, quarterly, yearly","5min, 15min, hourly",Forecasted by Electricity Maps,"24h, 48h, 72h","5min, 15min, hourly"
Argentina,AR,A,Total Load,2017-01-01T00:00:00.000Z,"5min, 15min, hourly, daily, monthly, quarterly, yearly","5min, 15min, hourly",Forecasted by Electricity Maps,"24h, 48h, 72h","5min, 15min, hourly"
Argentina,AR,A,Electricity Mix,2017-01-01T00:00:00.000Z,"5min, 15min, hourly, daily, monthly, quarterly, yearly","5min, 15min, hourly",Forecasted by Electricity Maps,"24h, 48h, 72h","5min, 15min, hourly"
New South Wales,AU-NSW,A,Price Day Ahead,2017-01-01T00:00:00.000Z,"5min, 15min, hourly, daily, monthly, quarterly, yearly","5min, 15min, hourly",Forecasted by Electricity Maps,"24h, 48h, 72h","5min, 15min, hourly"
New South Wales,AU-NSW,A,Renewable Energy,2016-12-31T00:00:00.000Z,"5min, 15min, hourly, daily, monthly, quarterly, yearly","5min, 15min, hourly",Forecasted by Electricity Maps,"24h, 48h, 72h","5min, 15min, hourly"
New South Wales,AU-NSW,A,Carbon Free Energy,2016-12-31T00:00:00.000Z,"5min, 15min, hourly, daily, monthly, quarterly, yearly","5min, 15min, hourly",Forecasted by Electricity Maps,"24h, 48h, 72h","5min, 15min, hourly"
New South Wales,AU-NSW,A,Fossil Only Carbon Intensity,2016-12-31T00:00:00.000Z,"5min, 15min, hourly, daily, monthly, quarterly, yearly","5min, 15min, hourly",Forecasted by Electricity Maps,"24h, 48h, 72h","5min, 15min, hourly"
New South Wales,AU-NSW,A,Carbon Intensity,2016-12-31T00:00:00.000Z,"5min, 15min, hourly, daily, monthly, quarterly, yearly","5min, 15min, hourly",Forecasted by Electricity Maps,"24h, 48h, 72h","5min, 15min, hourly"
New South Wales,AU-NSW,A,Electricity Flows,2016-12-31T00:00:00.000Z,"5min, 15min, hourly, daily, monthly, quarterly, yearly","5min, 15min, hourly",Forecasted by Electricity Maps,"24h, 48h, 72h","5min, 15min, hourly"
New South Wales,AU-NSW,A,Total Load,2016-12-31T00:00:00.000Z,"5min, 15min, hourly, daily, monthly, quarterly, yearly","5min, 15min, hourly",Forecasted by Electricity Maps,"24h, 48h, 72h","5min, 15min, hourly"
New South Wales,AU-NSW,A,Electricity Mix,2016-12-31T00:00:00.000Z,"5min, 15min, hourly, daily, monthly, quarterly, yearly","5min, 15min, hourly",Forecasted by Electricity Maps,"24h, 48h, 72h","5min, 15min, hourly"
Northern Territory,AU-NT,A,Price Day Ahead,2017-01-01T00:00:00.000Z,"5min, 15min, hourly, daily, monthly, quarterly, yearly","5min, 15min, hourly",Forecasted by Electricity Maps,"24h, 48h, 72h","5min, 15min, hourly"
Northern Territory,AU-NT,A,Renewable Energy,2015-10-22T00:00:00.000Z,"5min, 15min, hourly, daily, monthly, quarterly, yearly","5min, 15min, hourly",Forecasted by Electricity Maps,"24h, 48h, 72h","5min, 15min, hourly"
Northern Territory,AU-NT,A,Carbon Free Energy,2015-10-22T00:00:00.000Z,"5min, 15min, hourly, daily, monthly, quarterly, yearly","5min, 15min, hourly",Forecasted by Electricity Maps,"24h, 48h, 72h","5min, 15min, hourly"
Northern Territory,AU-NT,A,Fossil Only Carbon Intensity,2015-10-22T00:00:00.000Z,"5min, 15min, hourly, daily, monthly, quarterly, yearly","5min, 15min, hourly",Forecasted by Electricity Maps,"24h, 48h, 72h","5min, 15min, hourly"
Northern Territory,AU-NT,A,Carbon Intensity,2015-10-22T00:00:00.000Z,"5min, 15min, hourly, daily, monthly, quarterly, yearly","5min, 15min, hourly",Forecasted by Electricity Maps,"24h, 48h, 72h","5min, 15min, hourly"
Northern Territory,AU-NT,A,Electricity Flows,2015-10-22T00:00:00.000Z,"5min, 15min, hourly, daily, monthly, quarterly, yearly","5min, 15min, hourly",Forecasted by Electricity Maps,"24h, 48h, 72h","5min, 15min, hourly"
Northern Territory,AU-NT,A,Total Load,2015-10-22T00:00:00.000Z,"5min, 15min, hourly, daily, monthly, quarterly, yearly","5min, 15min, hourly",Forecasted by Electricity Maps,"24h, 48h, 72h","5min, 15min, hourly"
Northern Territory,AU-NT,A,Electricity Mix,2015-10-22T00:00:00.000Z,"5min, 15min, hourly, daily, monthly, quarterly, yearly","5min, 15min, hourly",Forecasted by Electricity Maps,"24h, 48h, 72h","5min, 15min, hourly"
Northern Territory,AU-NT,A,Total Reported Load,2019-01-01T00:00:00.000Z,"5min, 15min, hourly","5min, 15min, hourly",Forecasted by Electricity Maps,"24h, 48h, 72h","5min, 15min, hourly"
Queensland,AU-QLD,A,Price Day Ahead,2017-01-01T00:00:00.000Z,"5min, 15min, hourly, daily, monthly, quarterly, yearly","5min, 15min, hourly",Forecasted by Electricity Maps,"24h, 48h, 72h","5min, 15min, hourly"
Queensland,AU-QLD,A,Renewable Energy,2017-01-01T00:00:00.000Z,"5min, 15min, hourly, daily, monthly, quarterly, yearly","5min, 15min, hourly",Forecasted by Electricity Maps,"24h, 48h, 72h","5min, 15min, hourly"
Queensland,AU-QLD,A,Carbon Free Energy,2017-01-01T00:00:00.000Z,"5min, 15min, hourly, daily, monthly, quarterly, yearly","5min, 15min, hourly",Forecasted by Electricity Maps,"24h, 48h, 72h","5min, 15min, hourly"
Queensland,AU-QLD,A,Fossil Only Carbon Intensity,2017-01-01T00:00:00.000Z,"5min, 15min, hourly, daily, monthly, quarterly, yearly","5min, 15min, hourly",Forecasted by Electricity Maps,"24h, 48h, 72h","5min, 15min, hourly"
Queensland,AU-QLD,A,Carbon Intensity,2017-01-01T00:00:00.000Z,"5min, 15min, hourly, daily, monthly, quarterly, yearly","5min, 15min, hourly",Forecasted by Electricity Maps,"24h, 48h, 72h","5min, 15min, hourly"
Queensland,AU-QLD,A,Electricity Flows,2017-01-01T00:00:00.000Z,"5min, 15min, hourly, daily, monthly, quarterly, yearly","5min, 15min, hourly",Forecasted by Electricity Maps,"24h, 48h, 72h","5min, 15min, hourly"
Queensland,AU-QLD,A,Total Load,2017-01-01T00:00:00.000Z,"5min, 15min, hourly, daily, monthly, quarterly, yearly","5min, 15min, hourly",Forecasted by Electricity Maps,"24h, 48h, 72h","5min, 15min, hourly"
Queensland,AU-QLD,A,Electricity Mix,2017-01-01T00:00:00.000Z,"5min, 15min, hourly, daily, monthly, quarterly, yearly","5min, 15min, hourly",Forecasted by Electricity Maps,"24h, 48h, 72h","5min, 15min, hourly"
Australia,AU,,Renewable Energy,2017-01-01T00:00:00.000Z,"5min, 15min, hourly, daily, monthly, quarterly, yearly","5min, 15min, hourly",Forecasted by Electricity Maps,"24h, 48h, 72h","5min, 15min, hourly"
Australia,AU,,Carbon Free Energy,2017-01-01T00:00:00.000Z,"5min, 15min, hourly, daily, monthly, quarterly, yearly","5min, 15min, hourly",Forecasted by Electricity Maps,"24h, 48h, 72h","5min, 15min, hourly"
Australia,AU,,Fossil Only Carbon Intensity,2017-01-01T00:00:00.000Z,"5min, 15min, hourly, daily, monthly, quarterly, yearly","5min, 15min, hourly",Forecasted by Electricity Maps,"24h, 48h, 72h","5min, 15min, hourly"
Australia,AU,,Carbon Intensity,2017-01-01T00:00:00.000Z,"5min, 15min, hourly, daily, monthly, quarterly, yearly","5min, 15min, hourly",Forecasted by Electricity Maps,"24h, 48h, 72h","5min, 15min, hourly"
Australia,AU,,Electricity Flows,2017-01-01T00:00:00.000Z,"5min, 15min, hourly, daily, monthly, quarterly, yearly","5min, 15min, hourly",Forecasted by Electricity Maps,"24h, 48h, 72h","5min, 15min, hourly"
Australia,AU,,Total Load,2017-01-01T00:00:00.000Z,"5min, 15min, hourly, daily, monthly, quarterly, yearly","5min, 15min, hourly",Forecasted by Electricity Maps,"24h, 48h, 72h","5min, 15min, hourly"
Australia,AU,,Electricity Mix,2017-01-01T00:00:00.000Z,"5min, 15min, hourly, daily, monthly, quarterly, yearly","5min, 15min, hourly",Forecasted by Electricity Maps,"24h, 48h, 72h","5min, 15min, hourly"
Brazil,BR,,Renewable Energy,2017-01-01T00:00:00.000Z,"5min, 15min, hourly, daily, monthly, quarterly, yearly","5min, 15min, hourly",Forecasted by Electricity Maps,"24h, 48h, 72h","5min, 15min, hourly"
Brazil,BR,,Carbon Free Energy,2017-01-01T00:00:00.000Z,"5min, 15min, hourly, daily, monthly, quarterly, yearly","5min, 15min, hourly",Forecasted by Electricity Maps,"24h, 48h, 72h","5min, 15min, hourly"
Brazil,BR,,Fossil Only Carbon Intensity,2017-01-01T00:00:00.000Z,"5min, 15min, hourly, daily, monthly, quarterly, yearly","5min, 15min, hourly",Forecasted by Electricity Maps,"24h, 48h, 72h","5min, 15min, hourly"
Brazil,BR,,Carbon Intensity,2017-01-01T00:00:00.000Z,"5min, 15min, hourly, daily, monthly, quarterly, yearly","5min, 15min, hourly",Forecasted by Electricity Maps,"24h, 48h, 72h","5min, 15min, hourly"
Brazil,BR,,Electricity Flows,2017-01-01T00:00:00.000Z,"5min, 15min, hourly, daily, monthly, quarterly, yearly","5min, 15min, hourly",Forecasted by Electricity Maps,"24h, 48h, 72h","5min, 15min, hourly"
Brazil,BR,,Total Load,2017-01-01T00:00:00.000Z,"5min, 15min, hourly, daily, monthly, quarterly, yearly","5min, 15min, hourly",Forecasted by Electricity Maps,"24h, 48h, 72h","5min, 15min, hourly"
Brazil,BR,,Electricity Mix,2017-01-01T00:00:00.000Z,"5min, 15min, hourly, daily, monthly, quarterly, yearly","5min, 15min, hourly",Forecasted by Electricity Maps,"24h, 48h, 72h","5min, 15min, hourly"
Guatemala,GT,A,Renewable Energy,2017-01-01T00:00:00.000Z,"5min, 15min, hourly, daily, monthly, quarterly, yearly","5min, 15min, hourly",Forecasted by Electricity Maps,"24h, 48h, 72h","5min, 15min, hourly"
Guatemala,GT,A,Carbon Free Energy,2017-01-01T00:00:00.000Z,"5min, 15min, hourly, daily, monthly, quarterly, yearly","5min, 15min, hourly",Forecasted by Electricity Maps,"24h, 48h, 72h","5min, 15min, hourly"
Guatemala,GT,A,Fossil Only Carbon Intensity,2017-01-01T00:00:00.000Z,"5min, 15min, hourly, daily, monthly, quarterly, yearly","5min, 15min, hourly",Forecasted by Electricity Maps,"24h, 48h, 72h","5min, 15min, hourly"
Guatemala,GT,A,Carbon Intensity,2017-01-01T00:00:00.000Z,"5min, 15min, hourly, daily, monthly, quarterly, yearly","5min, 15min, hourly",Forecasted by Electricity Maps,"24h, 48h, 72h","5min, 15min, hourly"
Guatemala,GT,A,Electricity Flows,2017-01-01T00:00:00.000Z,"5min, 15min, hourly, daily, monthly, quarterly, yearly","5min, 15min, hourly",Forecasted by Electricity Maps,"24h, 48h, 72h","5min, 15min, hourly"
Guatemala,GT,A,Total Load,2017-01-01T00:00:00.000Z,"5min, 15min, hourly, daily, monthly, quarterly, yearly","5min, 15min, hourly",Forecasted by Electricity Maps,"24h, 48h, 72h","5min, 15min, hourly"
Guatemala,GT,A,Electricity Mix,2017-01-01T00:00:00.000Z,"5min, 15min, hourly, daily, monthly, quarterly, yearly","5min, 15min, hourly",Forecasted by Electricity Maps,"24h, 48h, 72h","5min, 15min, hourly"
Guatemala,GT,A,Total Reported Load,2018-01-01T00:00:00.000Z,"5min, 15min, hourly","5min, 15min, hourly",Forecasted by Electricity Maps,"24h, 48h, 72h","5min, 15min, hourly"
Honduras,HN,A,Renewable Energy,2017-01-01T00:00:00.000Z,"5min, 15min, hourly, daily, monthly, quarterly, yearly","5min, 15min, hourly",Forecasted by Electricity Maps,"24h, 48h, 72h","5min, 15min, hourly"
Honduras,HN,A,Carbon Free Energy,2017-01-01T00:00:00.000Z,"5min, 15min, hourly, daily, monthly, quarterly, yearly","5min, 15min, hourly",Forecasted by Electricity Maps,"24h, 48h, 72h","5min, 15min, hourly"
Honduras,HN,A,Fossil Only Carbon Intensity,2017-01-01T00:00:00.000Z,"5min, 15min, hourly, daily, monthly, quarterly, yearly","5min, 15min, hourly",Forecasted by Electricity Maps,"24h, 48h, 72h","5min, 15min, hourly"
Honduras,HN,A,Carbon Intensity,2017-01-01T00:00:00.000Z,"5min, 15min, hourly, daily, monthly, quarterly, yearly","5min, 15min, hourly",Forecasted by Electricity Maps,"24h, 48h, 72h","5min, 15min, hourly"
Honduras,HN,A,Electricity Flows,2017-01-01T00:00:00.000Z,"5min, 15min, hourly, daily, monthly, quarterly, yearly","5min, 15min, hourly",Forecasted by Electricity Maps,"24h, 48h, 72h","5min, 15min, hourly"
Honduras,HN,A,Total Load,2017-01-01T00:00:00.000Z,"5min, 15min, hourly, daily, monthly, quarterly, yearly","5min, 15min, hourly",Forecasted by Electricity Maps,"24h, 48h, 72h","5min, 15min, hourly"
Honduras,HN,A,Electricity Mix,2017-01-01T00:00:00.000Z,"5min, 15min, hourly, daily, monthly, quarterly, yearly","5min, 15min, hourly",Forecasted by Electricity Maps,"24h, 48h, 72h","5min, 15min, hourly"
South Australia,AU-SA,A,Price Day Ahead,2017-01-01T00:00:00.000Z,"5min, 15min, hourly, daily, monthly, quarterly, yearly","5min, 15min, hourly",Forecasted by Electricity Maps,"24h, 48h, 72h","5min, 15min, hourly"
South Australia,AU-SA,A,Renewable Energy,2017-01-01T00:00:00.000Z,"5min, 15min, hourly, daily, monthly, quarterly, yearly","5min, 15min, hourly",Forecasted by Electricity Maps,"24h, 48h, 72h","5min, 15min, hourly"
South Australia,AU-SA,A,Carbon Free Energy,2017-01-01T00:00:00.000Z,"5min, 15min, hourly, daily, monthly, quarterly, yearly","5min, 15min, hourly",Forecasted by Electricity Maps,"24h, 48h, 72h","5min, 15min, hourly"
South Australia,AU-SA,A,Fossil Only Carbon Intensity,2017-01-01T00:00:00.000Z,"5min, 15min, hourly, daily, monthly, quarterly, yearly","5min, 15min, hourly",Forecasted by Electricity Maps,"24h, 48h, 72h","5min, 15min, hourly"
South Australia,AU-SA,A,Carbon Intensity,2017-01-01T00:00:00.000Z,"5min, 15min, hourly, daily, monthly, quarterly, yearly","5min, 15min, hourly",Forecasted by Electricity Maps,"24h, 48h, 72h","5min, 15min, hourly"
South Australia,AU-SA,A,Electricity Flows,2017-01-01T00:00:00.000Z,"5min, 15min, hourly, daily, monthly, quarterly, yearly","5min, 15min, hourly",Forecasted by Electricity Maps,"24h, 48h, 72h","5min, 15min, hourly"
South Australia,AU-SA,A,Total Load,2017-01-01T00:00:00.000Z,"5min, 15min, hourly, daily, monthly, quarterly, yearly","5min, 15min, hourly",Forecasted by Electricity Maps,"24h, 48h, 72h","5min, 15min, hourly"
South Australia,AU-SA,A,Electricity Mix,2017-01-01T00:00:00.000Z,"5min, 15min, hourly, daily, monthly, quarterly, yearly","5min, 15min, hourly",Forecasted by Electricity Maps,"24h, 48h, 72h","5min, 15min, hourly"
Flinders Island,AU-TAS-FI,A,Renewable Energy,2017-01-01T00:00:00.000Z,"5min, 15min, hourly, daily, monthly, quarterly, yearly","5min, 15min, hourly",Forecasted by Electricity Maps,"24h, 48h, 72h","5min, 15min, hourly"
Flinders Island,AU-TAS-FI,A,Carbon Free Energy,2017-01-01T00:00:00.000Z,"5min, 15min, hourly, daily, monthly, quarterly, yearly","5min, 15min, hourly",Forecasted by Electricity Maps,"24h, 48h, 72h","5min, 15min, hourly"
Flinders Island,AU-TAS-FI,A,Fossil Only Carbon Intensity,2017-01-01T00:00:00.000Z,"5min, 15min, hourly, daily, monthly, quarterly, yearly","5min, 15min, hourly",Forecasted by Electricity Maps,"24h, 48h, 72h","5min, 15min, hourly"
Flinders Island,AU-TAS-FI,A,Carbon Intensity,2017-01-01T00:00:00.000Z,"5min, 15min, hourly, daily, monthly, quarterly, yearly","5min, 15min, hourly",Forecasted by Electricity Maps,"24h, 48h, 72h","5min, 15min, hourly"
Flinders Island,AU-TAS-FI,A,Electricity Flows,2017-01-01T00:00:00.000Z,"5min, 15min, hourly, daily, monthly, quarterly, yearly","5min, 15min, hourly",Forecasted by Electricity Maps,"24h, 48h, 72h","5min, 15min, hourly"
Flinders Island,AU-TAS-FI,A,Total Load,2017-01-01T00:00:00.000Z,"5min, 15min, hourly, daily, monthly, quarterly, yearly","5min, 15min, hourly",Forecasted by Electricity Maps,"24h, 48h, 72h","5min, 15min, hourly"
Flinders Island,AU-TAS-FI,A,Electricity Mix,2017-01-01T00:00:00.000Z,"5min, 15min, hourly, daily, monthly, quarterly, yearly","5min, 15min, hourly",Forecasted by Electricity Maps,"24h, 48h, 72h","5min, 15min, hourly"
King Island,AU-TAS-KI,A,Renewable Energy,2017-01-01T00:00:00.000Z,"5min, 15min, hourly, daily, monthly, quarterly, yearly","5min, 15min, hourly",Forecasted by Electricity Maps,"24h, 48h, 72h","5min, 15min, hourly"
King Island,AU-TAS-KI,A,Carbon Free Energy,2017-01-01T00:00:00.000Z,"5min, 15min, hourly, daily, monthly, quarterly, yearly","5min, 15min, hourly",Forecasted by Electricity Maps,"24h, 48h, 72h","5min, 15min, hourly"
King Island,AU-TAS-KI,A,Fossil Only Carbon Intensity,2017-01-01T00:00:00.000Z,"5min, 15min, hourly, daily, monthly, quarterly, yearly","5min, 15min, hourly",Forecasted by Electricity Maps,"24h, 48h, 72h","5min, 15min, hourly"
King Island,AU-TAS-KI,A,Carbon Intensity,2017-01-01T00:00:00.000Z,"5min, 15min, hourly, daily, monthly, quarterly, yearly","5min, 15min, hourly",Forecasted by Electricity Maps,"24h, 48h, 72h","5min, 15min, hourly"
King Island,AU-TAS-KI,A,Electricity Flows,2017-01-01T00:00:00.000Z,"5min, 15min, hourly, daily, monthly, quarterly, yearly","5min, 15min, hourly",Forecasted by Electricity Maps,"24h, 48h, 72h","5min, 15min, hourly"
King Island,AU-TAS-KI,A,Total Load,2017-01-01T00:00:00.000Z,"5min, 15min, hourly, daily, monthly, quarterly, yearly","5min, 15min, hourly",Forecasted by Electricity Maps,"24h, 48h, 72h","5min, 15min, hourly"
King Island,AU-TAS-KI,A,Electricity Mix,2017-01-01T00:00:00.000Z,"5min, 15min, hourly, daily, monthly, quarterly, yearly","5min, 15min, hourly",Forecasted by Electricity Maps,"24h, 48h, 72h","5min, 15min, hourly"
Aruba,AW,A,Renewable Energy,2017-01-01T00:00:00.000Z,"5min, 15min, hourly, daily, monthly, quarterly, yearly","5min, 15min, hourly",Forecasted by Electricity Maps,"24h, 48h, 72h","5min, 15min, hourly"
Aruba,AW,A,Carbon Free Energy,2017-01-01T00:00:00.000Z,"5min, 15min, hourly, daily, monthly, quarterly, yearly","5min, 15min, hourly",Forecasted by Electricity Maps,"24h, 48h, 72h","5min, 15min, hourly"
Aruba,AW,A,Fossil Only Carbon Intensity,2017-01-01T00:00:00.000Z,"5min, 15min, hourly, daily, monthly, quarterly, yearly","5min, 15min, hourly",Forecasted by Electricity Maps,"24h, 48h, 72h","5min, 15min, hourly"
Aruba,AW,A,Carbon Intensity,2017-01-01T00:00:00.000Z,"5min, 15min, hourly, daily, monthly, quarterly, yearly","5min, 15min, hourly",Forecasted by Electricity Maps,"24h, 48h, 72h","5min, 15min, hourly"
Aruba,AW,A,Electricity Flows,2017-01-01T00:00:00.000Z,"5min, 15min, hourly, daily, monthly, quarterly, yearly","5min, 15min, hourly",Forecasted by Electricity Maps,"24h, 48h, 72h","5min, 15min, hourly"
Aruba,AW,A,Total Load,2017-01-01T00:00:00.000Z,"5min, 15min, hourly, daily, monthly, quarterly, yearly","5min, 15min, hourly",Forecasted by Electricity Maps,"24h, 48h, 72h","5min, 15min, hourly"
Aruba,AW,A,Electricity Mix,2017-01-01T00:00:00.000Z,"5min, 15min, hourly, daily, monthly, quarterly, yearly","5min, 15min, hourly",Forecasted by Electricity Maps,"24h, 48h, 72h","5min, 15min, hourly"
Northwest Territories,CA-NT,C,Renewable Energy,2017-01-01T00:00:00.000Z,"5min, 15min, hourly, daily, monthly, quarterly, yearly","5min, 15min, hourly",Forecasted by Electricity Maps,"24h, 48h, 72h","5min, 15min, hourly"
Northwest Territories,CA-NT,C,Carbon Free Energy,2017-01-01T00:00:00.000Z,"5min, 15min, hourly, daily, monthly, quarterly, yearly","5min, 15min, hourly",Forecasted by Electricity Maps,"24h, 48h, 72h","5min, 15min, hourly"
Northwest Territories,CA-NT,C,Fossil Only Carbon Intensity,2017-01-01T00:00:00.000Z,"5min, 15min, hourly, daily, monthly, quarterly, yearly","5min, 15min, hourly",Forecasted by Electricity Maps,"24h, 48h, 72h","5min, 15min, hourly"
Northwest Territories,CA-NT,C,Carbon Intensity,2017-01-01T00:00:00.000Z,"5min, 15min, hourly, daily, monthly, quarterly, yearly","5min, 15min, hourly",Forecasted by Electricity Maps,"24h, 48h, 72h","5min, 15min, hourly"
Northwest Territories,CA-NT,C,Electricity Flows,2017-01-01T00:00:00.000Z,"5min, 15min, hourly, daily, monthly, quarterly, yearly","5min, 15min, hourly",Forecasted by Electricity Maps,"24h, 48h, 72h","5min, 15min, hourly"
Northwest Territories,CA-NT,C,Total Load,2017-01-01T00:00:00.000Z,"5min, 15min, hourly, daily, monthly, quarterly, yearly","5min, 15min, hourly",Forecasted by Electricity Maps,"24h, 48h, 72h","5min, 15min, hourly"
Northwest Territories,CA-NT,C,Electricity Mix,2017-01-01T00:00:00.000Z,"5min, 15min, hourly, daily, monthly, quarterly, yearly","5min, 15min, hourly",Forecasted by Electricity Maps,"24h, 48h, 72h","5min, 15min, hourly"
Nunavut,CA-NU,C,Renewable Energy,2017-01-01T00:00:00.000Z,"5min, 15min, hourly, daily, monthly, quarterly, yearly","5min, 15min, hourly",Forecasted by Electricity Maps,"24h, 48h, 72h","5min, 15min, hourly"
Nunavut,CA-NU,C,Carbon Free Energy,2017-01-01T00:00:00.000Z,"5min, 15min, hourly, daily, monthly, quarterly, yearly","5min, 15min, hourly",Forecasted by Electricity Maps,"24h, 48h, 72h","5min, 15min, hourly"
Nunavut,CA-NU,C,Fossil Only Carbon Intensity,2017-01-01T00:00:00.000Z,"5min, 15min, hourly, daily, monthly, quarterly, yearly","5min, 15min, hourly",Forecasted by Electricity Maps,"24h, 48h, 72h","5min, 15min, hourly"
Nunavut,CA-NU,C,Carbon Intensity,2017-01-01T00:00:00.000Z,"5min, 15min, hourly, daily, monthly, quarterly, yearly","5min, 15min, hourly",Forecasted by Electricity Maps,"24h, 48h, 72h","5min, 15min, hourly"
Nunavut,CA-NU,C,Electricity Flows,2017-01-01T00:00:00.000Z,"5min, 15min, hourly, daily, monthly, quarterly, yearly","5min, 15min, hourly",Forecasted by Electricity Maps,"24h, 48h, 72h","5min, 15min, hourly"
Nunavut,CA-NU,C,Total Load,2017-01-01T00:00:00.000Z,"5min, 15min, hourly, daily, monthly, quarterly, yearly","5min, 15min, hourly",Forecasted by Electricity Maps,"24h, 48h, 72h","5min, 15min, hourly"
Nunavut,CA-NU,C,Electricity Mix,2017-01-01T00:00:00.000Z,"5min, 15min, hourly, daily, monthly, quarterly, yearly","5min, 15min, hourly",Forecasted by Electricity Maps,"24h, 48h, 72h","5min, 15min, hourly"
Ontario,CA-ON,A,Price Day Ahead,2017-04-15T00:00:00.000Z,"5min, 15min, hourly, daily, monthly, quarterly, yearly","5min, 15min, hourly",Forecasted by Electricity Maps,"24h, 48h, 72h","5min, 15min, hourly"
Ontario,CA-ON,A,Renewable Energy,2017-01-01T00:00:00.000Z,"5min, 15min, hourly, daily, monthly, quarterly, yearly","5min, 15min, hourly",Forecasted by Electricity Maps,"24h, 48h, 72h","5min, 15min, hourly"
Ontario,CA-ON,A,Carbon Free Energy,2017-01-01T00:00:00.000Z,"5min, 15min, hourly, daily, monthly, quarterly, yearly","5min, 15min, hourly",Forecasted by Electricity Maps,"24h, 48h, 72h","5min, 15min, hourly"
Ontario,CA-ON,A,Fossil Only Carbon Intensity,2017-01-01T00:00:00.000Z,"5min, 15min, hourly, daily, monthly, quarterly, yearly","5min, 15min, hourly",Forecasted by Electricity Maps,"24h, 48h, 72h","5min, 15min, hourly"
Ontario,CA-ON,A,Carbon Intensity,2017-01-01T00:00:00.000Z,"5min, 15min, hourly, daily, monthly, quarterly, yearly","5min, 15min, hourly",Forecasted by Electricity Maps,"24h, 48h, 72h","5min, 15min, hourly"
Ontario,CA-ON,A,Electricity Flows,2017-01-01T00:00:00.000Z,"5min, 15min, hourly, daily, monthly, quarterly, yearly","5min, 15min, hourly",Forecasted by Electricity Maps,"24h, 48h, 72h","5min, 15min, hourly"
Ontario,CA-ON,A,Total Load,2017-01-01T00:00:00.000Z,"5min, 15min, hourly, daily, monthly, quarterly, yearly","5min, 15min, hourly",Forecasted by Electricity Maps,"24h, 48h, 72h","5min, 15min, hourly"
Ontario,CA-ON,A,Electricity Mix,2017-01-01T00:00:00.000Z,"5min, 15min, hourly, daily, monthly, quarterly, yearly","5min, 15min, hourly",Forecasted by Electricity Maps,"24h, 48h, 72h","5min, 15min, hourly"
Canada,CA,,Renewable Energy,2017-01-01T00:00:00.000Z,"5min, 15min, hourly, daily, monthly, quarterly, yearly","5min, 15min, hourly",Forecasted by Electricity Maps,"24h, 48h, 72h","5min, 15min, hourly"
Canada,CA,,Carbon Free Energy,2017-01-01T00:00:00.000Z,"5min, 15min, hourly, daily, monthly, quarterly, yearly","5min, 15min, hourly",Forecasted by Electricity Maps,"24h, 48h, 72h","5min, 15min, hourly"
Canada,CA,,Fossil Only Carbon Intensity,2017-01-01T00:00:00.000Z,"5min, 15min, hourly, daily, monthly, quarterly, yearly","5min, 15min, hourly",Forecasted by Electricity Maps,"24h, 48h, 72h","5min, 15min, hourly"
Canada,CA,,Carbon Intensity,2017-01-01T00:00:00.000Z,"5min, 15min, hourly, daily, monthly, quarterly, yearly","5min, 15min, hourly",Forecasted by Electricity Maps,"24h, 48h, 72h","5min, 15min, hourly"
Canada,CA,,Electricity Flows,2017-01-01T00:00:00.000Z,"5min, 15min, hourly, daily, monthly, quarterly, yearly","5min, 15min, hourly",Forecasted by Electricity Maps,"24h, 48h, 72h","5min, 15min, hourly"
Canada,CA,,Total Load,2017-01-01T00:00:00.000Z,"5min, 15min, hourly, daily, monthly, quarterly, yearly","5min, 15min, hourly",Forecasted by Electricity Maps,"24h, 48h, 72h","5min, 15min, hourly"
Canada,CA,,Electricity Mix,2017-01-01T00:00:00.000Z,"5min, 15min, hourly, daily, monthly, quarterly, yearly","5min, 15min, hourly",Forecasted by Electricity Maps,"24h, 48h, 72h","5min, 15min, hourly"
Prince Edward Island,CA-PE,C,Renewable Energy,2017-01-01T00:00:00.000Z,"5min, 15min, hourly, daily, monthly, quarterly, yearly","5min, 15min, hourly",Forecasted by Electricity Maps,"24h, 48h, 72h","5min, 15min, hourly"
Prince Edward Island,CA-PE,C,Carbon Free Energy,2017-01-01T00:00:00.000Z,"5min, 15min, hourly, daily, monthly, quarterly, yearly","5min, 15min, hourly",Forecasted by Electricity Maps,"24h, 48h, 72h","5min, 15min, hourly"
Prince Edward Island,CA-PE,C,Fossil Only Carbon Intensity,2017-01-01T00:00:00.000Z,"5min, 15min, hourly, daily, monthly, quarterly, yearly","5min, 15min, hourly",Forecasted by Electricity Maps,"24h, 48h, 72h","5min, 15min, hourly"
Prince Edward Island,CA-PE,C,Carbon Intensity,2017-01-01T00:00:00.000Z,"5min, 15min, hourly, daily, monthly, quarterly, yearly","5min, 15min, hourly",Forecasted by Electricity Maps,"24h, 48h, 72h","5min, 15min, hourly"
Prince Edward Island,CA-PE,C,Electricity Flows,2017-01-01T00:00:00.000Z,"5min, 15min, hourly, daily, monthly, quarterly, yearly","5min, 15min, hourly",Forecasted by Electricity Maps,"24h, 48h, 72h","5min, 15min, hourly"
Prince Edward Island,CA-PE,C,Total Load,2017-01-01T00:00:00.000Z,"5min, 15min, hourly, daily, monthly, quarterly, yearly","5min, 15min, hourly",Forecasted by Electricity Maps,"24h, 48h, 72h","5min, 15min, hourly"
Prince Edward Island,CA-PE,C,Electricity Mix,2017-01-01T00:00:00.000Z,"5min, 15min, hourly, daily, monthly, quarterly, yearly","5min, 15min, hourly",Forecasted by Electricity Maps,"24h, 48h, 72h","5min, 15min, hourly"
Borneo,MY-EM,C,Renewable Energy,2017-01-01T00:00:00.000Z,"5min, 15min, hourly, daily, monthly, quarterly, yearly","5min, 15min, hourly",Forecasted by Electricity Maps,"24h, 48h, 72h","5min, 15min, hourly"
Borneo,MY-EM,C,Carbon Free Energy,2017-01-01T00:00:00.000Z,"5min, 15min, hourly, daily, monthly, quarterly, yearly","5min, 15min, hourly",Forecasted by Electricity Maps,"24h, 48h, 72h","5min, 15min, hourly"
Borneo,MY-EM,C,Fossil Only Carbon Intensity,2017-01-01T00:00:00.000Z,"5min, 15min, hourly, daily, monthly, quarterly, yearly","5min, 15min, hourly",Forecasted by Electricity Maps,"24h, 48h, 72h","5min, 15min, hourly"
Borneo,MY-EM,C,Carbon Intensity,2017-01-01T00:00:00.000Z,"5min, 15min, hourly, daily, monthly, quarterly, yearly","5min, 15min, hourly",Forecasted by Electricity Maps,"24h, 48h, 72h","5min, 15min, hourly"
Borneo,MY-EM,C,Electricity Flows,2017-01-01T00:00:00.000Z,"5min, 15min, hourly, daily, monthly, quarterly, yearly","5min, 15min, hourly",Forecasted by Electricity Maps,"24h, 48h, 72h","5min, 15min, hourly"
Borneo,MY-EM,C,Total Load,2017-01-01T00:00:00.000Z,"5min, 15min, hourly, daily, monthly, quarterly, yearly","5min, 15min, hourly",Forecasted by Electricity Maps,"24h, 48h, 72h","5min, 15min, hourly"
Borneo,MY-EM,C,Electricity Mix,2017-01-01T00:00:00.000Z,"5min, 15min, hourly, daily, monthly, quarterly, yearly","5min, 15min, hourly",Forecasted by Electricity Maps,"24h, 48h, 72h","5min, 15min, hourly"
Peninsula,MY-WM,A,Renewable Energy,2017-01-01T00:00:00.000Z,"5min, 15min, hourly, daily, monthly, quarterly, yearly","5min, 15min, hourly",Forecasted by Electricity Maps,"24h, 48h, 72h","5min, 15min, hourly"
Peninsula,MY-WM,A,Carbon Free Energy,2017-01-01T00:00:00.000Z,"5min, 15min, hourly, daily, monthly, quarterly, yearly","5min, 15min, hourly",Forecasted by Electricity Maps,"24h, 48h, 72h","5min, 15min, hourly"
Peninsula,MY-WM,A,Fossil Only Carbon Intensity,2017-01-01T00:00:00.000Z,"5min, 15min, hourly, daily, monthly, quarterly, yearly","5min, 15min, hourly",Forecasted by Electricity Maps,"24h, 48h, 72h","5min, 15min, hourly"
Peninsula,MY-WM,A,Carbon Intensity,2017-01-01T00:00:00.000Z,"5min, 15min, hourly, daily, monthly, quarterly, yearly","5min, 15min, hourly",Forecasted by Electricity Maps,"24h, 48h, 72h","5min, 15min, hourly"
Peninsula,MY-WM,A,Electricity Flows,2017-01-01T00:00:00.000Z,"5min, 15min, hourly, daily, monthly, quarterly, yearly","5min, 15min, hourly",Forecasted by Electricity Maps,"24h, 48h, 72h","5min, 15min, hourly"
Peninsula,MY-WM,A,Total Load,2017-01-01T00:00:00.000Z,"5min, 15min, hourly, daily, monthly, quarterly, yearly","5min, 15min, hourly",Forecasted by Electricity Maps,"24h, 48h, 72h","5min, 15min, hourly"
Peninsula,MY-WM,A,Electricity Mix,2017-01-01T00:00:00.000Z,"5min, 15min, hourly, daily, monthly, quarterly, yearly","5min, 15min, hourly",Forecasted by Electricity Maps,"24h, 48h, 72h","5min, 15min, hourly"
Peninsula,MY-WM,A,Total Reported Load,2019-01-01T00:00:00.000Z,"5min, 15min, hourly","5min, 15min, hourly",Forecasted by Electricity Maps,"24h, 48h, 72h","5min, 15min, hourly"
Québec,CA-QC,A,Renewable Energy,2017-01-01T00:00:00.000Z,"5min, 15min, hourly, daily, monthly, quarterly, yearly","5min, 15min, hourly",Forecasted by Electricity Maps,"24h, 48h, 72h","5min, 15min, hourly"
Québec,CA-QC,A,Carbon Free Energy,2017-01-01T00:00:00.000Z,"5min, 15min, hourly, daily, monthly, quarterly, yearly","5min, 15min, hourly",Forecasted by Electricity Maps,"24h, 48h, 72h","5min, 15min, hourly"
Québec,CA-QC,A,Fossil Only Carbon Intensity,2017-01-01T00:00:00.000Z,"5min, 15min, hourly, daily, monthly, quarterly, yearly","5min, 15min, hourly",Forecasted by Electricity Maps,"24h, 48h, 72h","5min, 15min, hourly"
Québec,CA-QC,A,Carbon Intensity,2017-01-01T00:00:00.000Z,"5min, 15min, hourly, daily, monthly, quarterly, yearly","5min, 15min, hourly",Forecasted by Electricity Maps,"24h, 48h, 72h","5min, 15min, hourly"
Québec,CA-QC,A,Electricity Flows,2017-01-01T00:00:00.000Z,"5min, 15min, hourly, daily, monthly, quarterly, yearly","5min, 15min, hourly",Forecasted by Electricity Maps,"24h, 48h, 72h","5min, 15min, hourly"
Québec,CA-QC,A,Total Load,2017-01-01T00:00:00.000Z,"5min, 15min, hourly, daily, monthly, quarterly, yearly","5min, 15min, hourly",Forecasted by Electricity Maps,"24h, 48h, 72h","5min, 15min, hourly"
Québec,CA-QC,A,Electricity Mix,2017-01-01T00:00:00.000Z,"5min, 15min, hourly, daily, monthly, quarterly, yearly","5min, 15min, hourly",Forecasted by Electricity Maps,"24h, 48h, 72h","5min, 15min, hourly"
Québec,CA-QC,A,Total Reported Load,2019-01-01T00:00:00.000Z,"5min, 15min, hourly","5min, 15min, hourly",Forecasted by Electricity Maps,"24h, 48h, 72h","5min, 15min, hourly"
Saskatchewan,CA-SK,C,Renewable Energy,2017-01-01T00:00:00.000Z,"5min, 15min, hourly, daily, monthly, quarterly, yearly","5min, 15min, hourly",Forecasted by Electricity Maps,"24h, 48h, 72h","5min, 15min, hourly"
Saskatchewan,CA-SK,C,Carbon Free Energy,2017-01-01T00:00:00.000Z,"5min, 15min, hourly, daily, monthly, quarterly, yearly","5min, 15min, hourly",Forecasted by Electricity Maps,"24h, 48h, 72h","5min, 15min, hourly"
Saskatchewan,CA-SK,C,Fossil Only Carbon Intensity,2017-01-01T00:00:00.000Z,"5min, 15min, hourly, daily, monthly, quarterly, yearly","5min, 15min, hourly",Forecasted by Electricity Maps,"24h, 48h, 72h","5min, 15min, hourly"
Saskatchewan,CA-SK,C,Carbon Intensity,2017-01-01T00:00:00.000Z,"5min, 15min, hourly, daily, monthly, quarterly, yearly","5min, 15min, hourly",Forecasted by Electricity Maps,"24h, 48h, 72h","5min, 15min, hourly"
Saskatchewan,CA-SK,C,Electricity Flows,2017-01-01T00:00:00.000Z,"5min, 15min, hourly, daily, monthly, quarterly, yearly","5min, 15min, hourly",Forecasted by Electricity Maps,"24h, 48h, 72h","5min, 15min, hourly"
Saskatchewan,CA-SK,C,Total Load,2017-01-01T00:00:00.000Z,"5min, 15min, hourly, daily, monthly, quarterly, yearly","5min, 15min, hourly",Forecasted by Electricity Maps,"24h, 48h, 72h","5min, 15min, hourly"
Saskatchewan,CA-SK,C,Electricity Mix,2017-01-01T00:00:00.000Z,"5min, 15min, hourly, daily, monthly, quarterly, yearly","5min, 15min, hourly",Forecasted by Electricity Maps,"24h, 48h, 72h","5min, 15min, hourly"
Saskatchewan,CA-SK,C,Total Reported Load,2019-01-01T00:00:00.000Z,"5min, 15min, hourly","5min, 15min, hourly",Forecasted by Electricity Maps,"24h, 48h, 72h","5min, 15min, hourly"
Yukon,CA-YT,C,Renewable Energy,2017-01-01T00:00:00.000Z,"5min, 15min, hourly, daily, monthly, quarterly, yearly","5min, 15min, hourly",Forecasted by Electricity Maps,"24h, 48h, 72h","5min, 15min, hourly"
Yukon,CA-YT,C,Carbon Free Energy,2017-01-01T00:00:00.000Z,"5min, 15min, hourly, daily, monthly, quarterly, yearly","5min, 15min, hourly",Forecasted by Electricity Maps,"24h, 48h, 72h","5min, 15min, hourly"
Yukon,CA-YT,C,Fossil Only Carbon Intensity,2017-01-01T00:00:00.000Z,"5min, 15min, hourly, daily, monthly, quarterly, yearly","5min, 15min, hourly",Forecasted by Electricity Maps,"24h, 48h, 72h","5min, 15min, hourly"
Yukon,CA-YT,C,Carbon Intensity,2017-01-01T00:00:00.000Z,"5min, 15min, hourly, daily, monthly, quarterly, yearly","5min, 15min, hourly",Forecasted by Electricity Maps,"24h, 48h, 72h","5min, 15min, hourly"
Yukon,CA-YT,C,Electricity Flows,2017-01-01T00:00:00.000Z,"5min, 15min, hourly, daily, monthly, quarterly, yearly","5min, 15min, hourly",Forecasted by Electricity Maps,"24h, 48h, 72h","5min, 15min, hourly"
Yukon,CA-YT,C,Total Load,2017-01-01T00:00:00.000Z,"5min, 15min, hourly, daily, monthly, quarterly, yearly","5min, 15min, hourly",Forecasted by Electricity Maps,"24h, 48h, 72h","5min, 15min, hourly"
Yukon,CA-YT,C,Electricity Mix,2017-01-01T00:00:00.000Z,"5min, 15min, hourly, daily, monthly, quarterly, yearly","5min, 15min, hourly",Forecasted by Electricity Maps,"24h, 48h, 72h","5min, 15min, hourly"
Democratic Republic of the Congo,CD,C,Renewable Energy,2017-01-01T00:00:00.000Z,"5min, 15min, hourly, daily, monthly, quarterly, yearly","5min, 15min, hourly",Forecasted by Electricity Maps,"24h, 48h, 72h","5min, 15min, hourly"
Democratic Republic of the Congo,CD,C,Carbon Free Energy,2017-01-01T00:00:00.000Z,"5min, 15min, hourly, daily, monthly, quarterly, yearly","5min, 15min, hourly",Forecasted by Electricity Maps,"24h, 48h, 72h","5min, 15min, hourly"
Democratic Republic of the Congo,CD,C,Fossil Only Carbon Intensity,2017-01-01T00:00:00.000Z,"5min, 15min, hourly, daily, monthly, quarterly, yearly","5min, 15min, hourly",Forecasted by Electricity Maps,"24h, 48h, 72h","5min, 15min, hourly"
Democratic Republic of the Congo,CD,C,Carbon Intensity,2017-01-01T00:00:00.000Z,"5min, 15min, hourly, daily, monthly, quarterly, yearly","5min, 15min, hourly",Forecasted by Electricity Maps,"24h, 48h, 72h","5min, 15min, hourly"
Democratic Republic of the Congo,CD,C,Electricity Flows,2017-01-01T00:00:00.000Z,"5min, 15min, hourly, daily, monthly, quarterly, yearly","5min, 15min, hourly",Forecasted by Electricity Maps,"24h, 48h, 72h","5min, 15min, hourly"
Democratic Republic of the Congo,CD,C,Total Load,2017-01-01T00:00:00.000Z,"5min, 15min, hourly, daily, monthly, quarterly, yearly","5min, 15min, hourly",Forecasted by Electricity Maps,"24h, 48h, 72h","5min, 15min, hourly"
Democratic Republic of the Congo,CD,C,Electricity Mix,2017-01-01T00:00:00.000Z,"5min, 15min, hourly, daily, monthly, quarterly, yearly","5min, 15min, hourly",Forecasted by Electricity Maps,"24h, 48h, 72h","5min, 15min, hourly"
Central African Republic,CF,C,Renewable Energy,2017-01-01T00:00:00.000Z,"5min, 15min, hourly, daily, monthly, quarterly, yearly","5min, 15min, hourly",Forecasted by Electricity Maps,"24h, 48h, 72h","5min, 15min, hourly"
Central African Republic,CF,C,Carbon Free Energy,2017-01-01T00:00:00.000Z,"5min, 15min, hourly, daily, monthly, quarterly, yearly","5min, 15min, hourly",Forecasted by Electricity Maps,"24h, 48h, 72h","5min, 15min, hourly"
Central African Republic,CF,C,Fossil Only Carbon Intensity,2017-01-01T00:00:00.000Z,"5min, 15min, hourly, daily, monthly, quarterly, yearly","5min, 15min, hourly",Forecasted by Electricity Maps,"24h, 48h, 72h","5min, 15min, hourly"
Central African Republic,CF,C,Carbon Intensity,2017-01-01T00:00:00.000Z,"5min, 15min, hourly, daily, monthly, quarterly, yearly","5min, 15min, hourly",Forecasted by Electricity Maps,"24h, 48h, 72h","5min, 15min, hourly"
Central African Republic,CF,C,Electricity Flows,2017-01-01T00:00:00.000Z,"5min, 15min, hourly, daily, monthly, quarterly, yearly","5min, 15min, hourly",Forecasted by Electricity Maps,"24h, 48h, 72h","5min, 15min, hourly"
Central African Republic,CF,C,Total Load,2017-01-01T00:00:00.000Z,"5min, 15min, hourly, daily, monthly, quarterly, yearly","5min, 15min, hourly",Forecasted by Electricity Maps,"24h, 48h, 72h","5min, 15min, hourly"
Central African Republic,CF,C,Electricity Mix,2017-01-01T00:00:00.000Z,"5min, 15min, hourly, daily, monthly, quarterly, yearly","5min, 15min, hourly",Forecasted by Electricity Maps,"24h, 48h, 72h","5min, 15min, hourly"
Congo,CG,C,Renewable Energy,2017-01-01T00:00:00.000Z,"5min, 15min, hourly, daily, monthly, quarterly, yearly","5min, 15min, hourly",Forecasted by Electricity Maps,"24h, 48h, 72h","5min, 15min, hourly"
Congo,CG,C,Carbon Free Energy,2017-01-01T00:00:00.000Z,"5min, 15min, hourly, daily, monthly, quarterly, yearly","5min, 15min, hourly",Forecasted by Electricity Maps,"24h, 48h, 72h","5min, 15min, hourly"
Congo,CG,C,Fossil Only Carbon Intensity,2017-01-01T00:00:00.000Z,"5min, 15min, hourly, daily, monthly, quarterly, yearly","5min, 15min, hourly",Forecasted by Electricity Maps,"24h, 48h, 72h","5min, 15min, hourly"
Congo,CG,C,Carbon Intensity,2017-01-01T00:00:00.000Z,"5min, 15min, hourly, daily, monthly, quarterly, yearly","5min, 15min, hourly",Forecasted by Electricity Maps,"24h, 48h, 72h","5min, 15min, hourly"
Congo,CG,C,Electricity Flows,2017-01-01T00:00:00.000Z,"5min, 15min, hourly, daily, monthly, quarterly, yearly","5min, 15min, hourly",Forecasted by Electricity Maps,"24h, 48h, 72h","5min, 15min, hourly"
Congo,CG,C,Total Load,2017-01-01T00:00:00.000Z,"5min, 15min, hourly, daily, monthly, quarterly, yearly","5min, 15min, hourly",Forecasted by Electricity Maps,"24h, 48h, 72h","5min, 15min, hourly"
Congo,CG,C,Electricity Mix,2017-01-01T00:00:00.000Z,"5min, 15min, hourly, daily, monthly, quarterly, yearly","5min, 15min, hourly",Forecasted by Electricity Maps,"24h, 48h, 72h","5min, 15min, hourly"
Switzerland,CH,C,Price Day Ahead,2015-01-01T00:00:00.000Z,"5min, 15min, hourly, daily, monthly, quarterly, yearly","5min, 15min, hourly",Forecasted by Electricity Maps,"24h, 48h, 72h","5min, 15min, hourly"
Switzerland,CH,C,Renewable Energy,2017-01-01T00:00:00.000Z,"5min, 15min, hourly, daily, monthly, quarterly, yearly","5min, 15min, hourly",Forecasted by Electricity Maps,"24h, 48h, 72h","5min, 15min, hourly"
Switzerland,CH,C,Carbon Free Energy,2017-01-01T00:00:00.000Z,"5min, 15min, hourly, daily, monthly, quarterly, yearly","5min, 15min, hourly",Forecasted by Electricity Maps,"24h, 48h, 72h","5min, 15min, hourly"
Switzerland,CH,C,Fossil Only Carbon Intensity,2017-01-01T00:00:00.000Z,"5min, 15min, hourly, daily, monthly, quarterly, yearly","5min, 15min, hourly",Forecasted by Electricity Maps,"24h, 48h, 72h","5min, 15min, hourly"
Switzerland,CH,C,Carbon Intensity,2017-01-01T00:00:00.000Z,"5min, 15min, hourly, daily, monthly, quarterly, yearly","5min, 15min, hourly",Forecasted by Electricity Maps,"24h, 48h, 72h","5min, 15min, hourly"
Switzerland,CH,C,Electricity Flows,2017-01-01T00:00:00.000Z,"5min, 15min, hourly, daily, monthly, quarterly, yearly","5min, 15min, hourly",Forecasted by Electricity Maps,"24h, 48h, 72h","5min, 15min, hourly"
Switzerland,CH,C,Total Load,2017-01-01T00:00:00.000Z,"5min, 15min, hourly, daily, monthly, quarterly, yearly","5min, 15min, hourly",Forecasted by Electricity Maps,"24h, 48h, 72h","5min, 15min, hourly"
Switzerland,CH,C,Electricity Mix,2017-01-01T00:00:00.000Z,"5min, 15min, hourly, daily, monthly, quarterly, yearly","5min, 15min, hourly",Forecasted by Electricity Maps,"24h, 48h, 72h","5min, 15min, hourly"
Switzerland,CH,C,Total Reported Load,2018-01-01T00:00:00.000Z,"5min, 15min, hourly","5min, 15min, hourly",Forecasted by Electricity Maps,"24h, 48h, 72h","5min, 15min, hourly"
Ivory Coast,CI,C,Renewable Energy,2017-01-01T00:00:00.000Z,"5min, 15min, hourly, daily, monthly, quarterly, yearly","5min, 15min, hourly",Forecasted by Electricity Maps,"24h, 48h, 72h","5min, 15min, hourly"
Ivory Coast,CI,C,Carbon Free Energy,2017-01-01T00:00:00.000Z,"5min, 15min, hourly, daily, monthly, quarterly, yearly","5min, 15min, hourly",Forecasted by Electricity Maps,"24h, 48h, 72h","5min, 15min, hourly"
Ivory Coast,CI,C,Fossil Only Carbon Intensity,2017-01-01T00:00:00.000Z,"5min, 15min, hourly, daily, monthly, quarterly, yearly","5min, 15min, hourly",Forecasted by Electricity Maps,"24h, 48h, 72h","5min, 15min, hourly"
Ivory Coast,CI,C,Carbon Intensity,2017-01-01T00:00:00.000Z,"5min, 15min, hourly, daily, monthly, quarterly, yearly","5min, 15min, hourly",Forecasted by Electricity Maps,"24h, 48h, 72h","5min, 15min, hourly"
Ivory Coast,CI,C,Electricity Flows,2017-01-01T00:00:00.000Z,"5min, 15min, hourly, daily, monthly, quarterly, yearly","5min, 15min, hourly",Forecasted by Electricity Maps,"24h, 48h, 72h","5min, 15min, hourly"
Ivory Coast,CI,C,Total Load,2017-01-01T00:00:00.000Z,"5min, 15min, hourly, daily, monthly, quarterly, yearly","5min, 15min, hourly",Forecasted by Electricity Maps,"24h, 48h, 72h","5min, 15min, hourly"
Ivory Coast,CI,C,Electricity Mix,2017-01-01T00:00:00.000Z,"5min, 15min, hourly, daily, monthly, quarterly, yearly","5min, 15min, hourly",Forecasted by Electricity Maps,"24h, 48h, 72h","5min, 15min, hourly"
Madeira,PT-MA,C,Renewable Energy,2017-01-01T00:00:00.000Z,"5min, 15min, hourly, daily, monthly, quarterly, yearly","5min, 15min, hourly",Forecasted by Electricity Maps,"24h, 48h, 72h","5min, 15min, hourly"
Madeira,PT-MA,C,Carbon Free Energy,2017-01-01T00:00:00.000Z,"5min, 15min, hourly, daily, monthly, quarterly, yearly","5min, 15min, hourly",Forecasted by Electricity Maps,"24h, 48h, 72h","5min, 15min, hourly"
Madeira,PT-MA,C,Fossil Only Carbon Intensity,2017-01-01T00:00:00.000Z,"5min, 15min, hourly, daily, monthly, quarterly, yearly","5min, 15min, hourly",Forecasted by Electricity Maps,"24h, 48h, 72h","5min, 15min, hourly"
Madeira,PT-MA,C,Carbon Intensity,2017-01-01T00:00:00.000Z,"5min, 15min, hourly, daily, monthly, quarterly, yearly","5min, 15min, hourly",Forecasted by Electricity Maps,"24h, 48h, 72h","5min, 15min, hourly"
Madeira,PT-MA,C,Electricity Flows,2017-01-01T00:00:00.000Z,"5min, 15min, hourly, daily, monthly, quarterly, yearly","5min, 15min, hourly",Forecasted by Electricity Maps,"24h, 48h, 72h","5min, 15min, hourly"
Madeira,PT-MA,C,Total Load,2017-01-01T00:00:00.000Z,"5min, 15min, hourly, daily, monthly, quarterly, yearly","5min, 15min, hourly",Forecasted by Electricity Maps,"24h, 48h, 72h","5min, 15min, hourly"
Madeira,PT-MA,C,Electricity Mix,2017-01-01T00:00:00.000Z,"5min, 15min, hourly, daily, monthly, quarterly, yearly","5min, 15min, hourly",Forecasted by Electricity Maps,"24h, 48h, 72h","5min, 15min, hourly"
Nicaragua,NI,A,Price Day Ahead,2017-07-09T00:00:00.000Z,"5min, 15min, hourly, daily, monthly, quarterly, yearly","5min, 15min, hourly",Forecasted by Electricity Maps,"24h, 48h, 72h","5min, 15min, hourly"
Nicaragua,NI,A,Renewable Energy,2017-01-01T00:00:00.000Z,"5min, 15min, hourly, daily, monthly, quarterly, yearly","5min, 15min, hourly",Forecasted by Electricity Maps,"24h, 48h, 72h","5min, 15min, hourly"
Nicaragua,NI,A,Carbon Free Energy,2017-01-01T00:00:00.000Z,"5min, 15min, hourly, daily, monthly, quarterly, yearly","5min, 15min, hourly",Forecasted by Electricity Maps,"24h, 48h, 72h","5min, 15min, hourly"
Nicaragua,NI,A,Fossil Only Carbon Intensity,2017-01-01T00:00:00.000Z,"5min, 15min, hourly, daily, monthly, quarterly, yearly","5min, 15min, hourly",Forecasted by Electricity Maps,"24h, 48h, 72h","5min, 15min, hourly"
Nicaragua,NI,A,Carbon Intensity,2017-01-01T00:00:00.000Z,"5min, 15min, hourly, daily, monthly, quarterly, yearly","5min, 15min, hourly",Forecasted by Electricity Maps,"24h, 48h, 72h","5min, 15min, hourly"
Nicaragua,NI,A,Electricity Flows,2017-01-01T00:00:00.000Z,"5min, 15min, hourly, daily, monthly, quarterly, yearly","5min, 15min, hourly",Forecasted by Electricity Maps,"24h, 48h, 72h","5min, 15min, hourly"
Nicaragua,NI,A,Total Load,2017-01-01T00:00:00.000Z,"5min, 15min, hourly, daily, monthly, quarterly, yearly","5min, 15min, hourly",Forecasted by Electricity Maps,"24h, 48h, 72h","5min, 15min, hourly"
Nicaragua,NI,A,Electricity Mix,2017-01-01T00:00:00.000Z,"5min, 15min, hourly, daily, monthly, quarterly, yearly","5min, 15min, hourly",Forecasted by Electricity Maps,"24h, 48h, 72h","5min, 15min, hourly"
Panama,PA,A,Renewable Energy,2017-01-01T00:00:00.000Z,"5min, 15min, hourly, daily, monthly, quarterly, yearly","5min, 15min, hourly",Forecasted by Electricity Maps,"24h, 48h, 72h","5min, 15min, hourly"
Panama,PA,A,Carbon Free Energy,2017-01-01T00:00:00.000Z,"5min, 15min, hourly, daily, monthly, quarterly, yearly","5min, 15min, hourly",Forecasted by Electricity Maps,"24h, 48h, 72h","5min, 15min, hourly"
Panama,PA,A,Fossil Only Carbon Intensity,2017-01-01T00:00:00.000Z,"5min, 15min, hourly, daily, monthly, quarterly, yearly","5min, 15min, hourly",Forecasted by Electricity Maps,"24h, 48h, 72h","5min, 15min, hourly"
Panama,PA,A,Carbon Intensity,2017-01-01T00:00:00.000Z,"5min, 15min, hourly, daily, monthly, quarterly, yearly","5min, 15min, hourly",Forecasted by Electricity Maps,"24h, 48h, 72h","5min, 15min, hourly"
Panama,PA,A,Electricity Flows,2017-01-01T00:00:00.000Z,"5min, 15min, hourly, daily, monthly, quarterly, yearly","5min, 15min, hourly",Forecasted by Electricity Maps,"24h, 48h, 72h","5min, 15min, hourly"
Panama,PA,A,Total Load,2017-01-01T00:00:00.000Z,"5min, 15min, hourly, daily, monthly, quarterly, yearly","5min, 15min, hourly",Forecasted by Electricity Maps,"24h, 48h, 72h","5min, 15min, hourly"
Panama,PA,A,Electricity Mix,2017-01-01T00:00:00.000Z,"5min, 15min, hourly, daily, monthly, quarterly, yearly","5min, 15min, hourly",Forecasted by Electricity Maps,"24h, 48h, 72h","5min, 15min, hourly"
Panama,PA,A,Total Reported Load,2019-01-01T00:00:00.000Z,"5min, 15min, hourly","5min, 15min, hourly",Forecasted by Electricity Maps,"24h, 48h, 72h","5min, 15min, hourly"
Luzon,PH-LU,A,Renewable Energy,2017-01-01T00:00:00.000Z,"5min, 15min, hourly, daily, monthly, quarterly, yearly","5min, 15min, hourly",Forecasted by Electricity Maps,"24h, 48h, 72h","5min, 15min, hourly"
Luzon,PH-LU,A,Carbon Free Energy,2017-01-01T00:00:00.000Z,"5min, 15min, hourly, daily, monthly, quarterly, yearly","5min, 15min, hourly",Forecasted by Electricity Maps,"24h, 48h, 72h","5min, 15min, hourly"
Luzon,PH-LU,A,Fossil Only Carbon Intensity,2017-01-01T00:00:00.000Z,"5min, 15min, hourly, daily, monthly, quarterly, yearly","5min, 15min, hourly",Forecasted by Electricity Maps,"24h, 48h, 72h","5min, 15min, hourly"
Luzon,PH-LU,A,Carbon Intensity,2017-01-01T00:00:00.000Z,"5min, 15min, hourly, daily, monthly, quarterly, yearly","5min, 15min, hourly",Forecasted by Electricity Maps,"24h, 48h, 72h","5min, 15min, hourly"
Luzon,PH-LU,A,Electricity Flows,2017-01-01T00:00:00.000Z,"5min, 15min, hourly, daily, monthly, quarterly, yearly","5min, 15min, hourly",Forecasted by Electricity Maps,"24h, 48h, 72h","5min, 15min, hourly"
Luzon,PH-LU,A,Total Load,2017-01-01T00:00:00.000Z,"5min, 15min, hourly, daily, monthly, quarterly, yearly","5min, 15min, hourly",Forecasted by Electricity Maps,"24h, 48h, 72h","5min, 15min, hourly"
Luzon,PH-LU,A,Electricity Mix,2017-01-01T00:00:00.000Z,"5min, 15min, hourly, daily, monthly, quarterly, yearly","5min, 15min, hourly",Forecasted by Electricity Maps,"24h, 48h, 72h","5min, 15min, hourly"
Mindanao,PH-MI,A,Renewable Energy,2017-01-01T00:00:00.000Z,"5min, 15min, hourly, daily, monthly, quarterly, yearly","5min, 15min, hourly",Forecasted by Electricity Maps,"24h, 48h, 72h","5min, 15min, hourly"
Mindanao,PH-MI,A,Carbon Free Energy,2017-01-01T00:00:00.000Z,"5min, 15min, hourly, daily, monthly, quarterly, yearly","5min, 15min, hourly",Forecasted by Electricity Maps,"24h, 48h, 72h","5min, 15min, hourly"
Mindanao,PH-MI,A,Fossil Only Carbon Intensity,2017-01-01T00:00:00.000Z,"5min, 15min, hourly, daily, monthly, quarterly, yearly","5min, 15min, hourly",Forecasted by Electricity Maps,"24h, 48h, 72h","5min, 15min, hourly"
Mindanao,PH-MI,A,Carbon Intensity,2017-01-01T00:00:00.000Z,"5min, 15min, hourly, daily, monthly, quarterly, yearly","5min, 15min, hourly",Forecasted by Electricity Maps,"24h, 48h, 72h","5min, 15min, hourly"
Mindanao,PH-MI,A,Electricity Flows,2017-01-01T00:00:00.000Z,"5min, 15min, hourly, daily, monthly, quarterly, yearly","5min, 15min, hourly",Forecasted by Electricity Maps,"24h, 48h, 72h","5min, 15min, hourly"
Mindanao,PH-MI,A,Total Load,2017-01-01T00:00:00.000Z,"5min, 15min, hourly, daily, monthly, quarterly, yearly","5min, 15min, hourly",Forecasted by Electricity Maps,"24h, 48h, 72h","5min, 15min, hourly"
Mindanao,PH-MI,A,Electricity Mix,2017-01-01T00:00:00.000Z,"5min, 15min, hourly, daily, monthly, quarterly, yearly","5min, 15min, hourly",Forecasted by Electricity Maps,"24h, 48h, 72h","5min, 15min, hourly"
Visayas,PH-VI,A,Renewable Energy,2017-01-01T00:00:00.000Z,"5min, 15min, hourly, daily, monthly, quarterly, yearly","5min, 15min, hourly",Forecasted by Electricity Maps,"24h, 48h, 72h","5min, 15min, hourly"
Visayas,PH-VI,A,Carbon Free Energy,2017-01-01T00:00:00.000Z,"5min, 15min, hourly, daily, monthly, quarterly, yearly","5min, 15min, hourly",Forecasted by Electricity Maps,"24h, 48h, 72h","5min, 15min, hourly"
Visayas,PH-VI,A,Fossil Only Carbon Intensity,2017-01-01T00:00:00.000Z,"5min, 15min, hourly, daily, monthly, quarterly, yearly","5min, 15min, hourly",Forecasted by Electricity Maps,"24h, 48h, 72h","5min, 15min, hourly"
Visayas,PH-VI,A,Carbon Intensity,2017-01-01T00:00:00.000Z,"5min, 15min, hourly, daily, monthly, quarterly, yearly","5min, 15min, hourly",Forecasted by Electricity Maps,"24h, 48h, 72h","5min, 15min, hourly"
Visayas,PH-VI,A,Electricity Flows,2017-01-01T00:00:00.000Z,"5min, 15min, hourly, daily, monthly, quarterly, yearly","5min, 15min, hourly",Forecasted by Electricity Maps,"24h, 48h, 72h","5min, 15min, hourly"
Visayas,PH-VI,A,Total Load,2017-01-01T00:00:00.000Z,"5min, 15min, hourly, daily, monthly, quarterly, yearly","5min, 15min, hourly",Forecasted by Electricity Maps,"24h, 48h, 72h","5min, 15min, hourly"
Visayas,PH-VI,A,Electricity Mix,2017-01-01T00:00:00.000Z,"5min, 15min, hourly, daily, monthly, quarterly, yearly","5min, 15min, hourly",Forecasted by Electricity Maps,"24h, 48h, 72h","5min, 15min, hourly"
Saint Pierre and Miquelon,PM,C,Renewable Energy,2017-01-01T00:00:00.000Z,"5min, 15min, hourly, daily, monthly, quarterly, yearly","5min, 15min, hourly",Forecasted by Electricity Maps,"24h, 48h, 72h","5min, 15min, hourly"
Saint Pierre and Miquelon,PM,C,Carbon Free Energy,2017-01-01T00:00:00.000Z,"5min, 15min, hourly, daily, monthly, quarterly, yearly","5min, 15min, hourly",Forecasted by Electricity Maps,"24h, 48h, 72h","5min, 15min, hourly"
Saint Pierre and Miquelon,PM,C,Fossil Only Carbon Intensity,2017-01-01T00:00:00.000Z,"5min, 15min, hourly, daily, monthly, quarterly, yearly","5min, 15min, hourly",Forecasted by Electricity Maps,"24h, 48h, 72h","5min, 15min, hourly"
Saint Pierre and Miquelon,PM,C,Carbon Intensity,2017-01-01T00:00:00.000Z,"5min, 15min, hourly, daily, monthly, quarterly, yearly","5min, 15min, hourly",Forecasted by Electricity Maps,"24h, 48h, 72h","5min, 15min, hourly"
Saint Pierre and Miquelon,PM,C,Electricity Flows,2017-01-01T00:00:00.000Z,"5min, 15min, hourly, daily, monthly, quarterly, yearly","5min, 15min, hourly",Forecasted by Electricity Maps,"24h, 48h, 72h","5min, 15min, hourly"
Saint Pierre and Miquelon,PM,C,Total Load,2017-01-01T00:00:00.000Z,"5min, 15min, hourly, daily, monthly, quarterly, yearly","5min, 15min, hourly",Forecasted by Electricity Maps,"24h, 48h, 72h","5min, 15min, hourly"
Saint Pierre and Miquelon,PM,C,Electricity Mix,2017-01-01T00:00:00.000Z,"5min, 15min, hourly, daily, monthly, quarterly, yearly","5min, 15min, hourly",Forecasted by Electricity Maps,"24h, 48h, 72h","5min, 15min, hourly"
State of Palestine,PS,C,Renewable Energy,2017-01-01T00:00:00.000Z,"5min, 15min, hourly, daily, monthly, quarterly, yearly","5min, 15min, hourly",Forecasted by Electricity Maps,"24h, 48h, 72h","5min, 15min, hourly"
State of Palestine,PS,C,Carbon Free Energy,2017-01-01T00:00:00.000Z,"5min, 15min, hourly, daily, monthly, quarterly, yearly","5min, 15min, hourly",Forecasted by Electricity Maps,"24h, 48h, 72h","5min, 15min, hourly"
State of Palestine,PS,C,Fossil Only Carbon Intensity,2017-01-01T00:00:00.000Z,"5min, 15min, hourly, daily, monthly, quarterly, yearly","5min, 15min, hourly",Forecasted by Electricity Maps,"24h, 48h, 72h","5min, 15min, hourly"
State of Palestine,PS,C,Carbon Intensity,2017-01-01T00:00:00.000Z,"5min, 15min, hourly, daily, monthly, quarterly, yearly","5min, 15min, hourly",Forecasted by Electricity Maps,"24h, 48h, 72h","5min, 15min, hourly"
State of Palestine,PS,C,Electricity Flows,2017-01-01T00:00:00.000Z,"5min, 15min, hourly, daily, monthly, quarterly, yearly","5min, 15min, hourly",Forecasted by Electricity Maps,"24h, 48h, 72h","5min, 15min, hourly"
State of Palestine,PS,C,Total Load,2017-01-01T00:00:00.000Z,"5min, 15min, hourly, daily, monthly, quarterly, yearly","5min, 15min, hourly",Forecasted by Electricity Maps,"24h, 48h, 72h","5min, 15min, hourly"
State of Palestine,PS,C,Electricity Mix,2017-01-01T00:00:00.000Z,"5min, 15min, hourly, daily, monthly, quarterly, yearly","5min, 15min, hourly",Forecasted by Electricity Maps,"24h, 48h, 72h","5min, 15min, hourly"
East,RU-AS,A,Renewable Energy,2017-01-01T00:00:00.000Z,"5min, 15min, hourly, daily, monthly, quarterly, yearly","5min, 15min, hourly",Forecasted by Electricity Maps,"24h, 48h, 72h","5min, 15min, hourly"
East,RU-AS,A,Carbon Free Energy,2017-01-01T00:00:00.000Z,"5min, 15min, hourly, daily, monthly, quarterly, yearly","5min, 15min, hourly",Forecasted by Electricity Maps,"24h, 48h, 72h","5min, 15min, hourly"
East,RU-AS,A,Fossil Only Carbon Intensity,2017-01-01T00:00:00.000Z,"5min, 15min, hourly, daily, monthly, quarterly, yearly","5min, 15min, hourly",Forecasted by Electricity Maps,"24h, 48h, 72h","5min, 15min, hourly"
East,RU-AS,A,Carbon Intensity,2017-01-01T00:00:00.000Z,"5min, 15min, hourly, daily, monthly, quarterly, yearly","5min, 15min, hourly",Forecasted by Electricity Maps,"24h, 48h, 72h","5min, 15min, hourly"
East,RU-AS,A,Electricity Flows,2017-01-01T00:00:00.000Z,"5min, 15min, hourly, daily, monthly, quarterly, yearly","5min, 15min, hourly",Forecasted by Electricity Maps,"24h, 48h, 72h","5min, 15min, hourly"
East,RU-AS,A,Total Load,2017-01-01T00:00:00.000Z,"5min, 15min, hourly, daily, monthly, quarterly, yearly","5min, 15min, hourly",Forecasted by Electricity Maps,"24h, 48h, 72h","5min, 15min, hourly"
East,RU-AS,A,Electricity Mix,2017-01-01T00:00:00.000Z,"5min, 15min, hourly, daily, monthly, quarterly, yearly","5min, 15min, hourly",Forecasted by Electricity Maps,"24h, 48h, 72h","5min, 15min, hourly"
Southeast Alaska Power Agency,US-AK-SEAPA,A,Renewable Energy,2017-01-01T00:00:00.000Z,"5min, 15min, hourly, daily, monthly, quarterly, yearly","5min, 15min, hourly",Forecasted by Electricity Maps,"24h, 48h, 72h","5min, 15min, hourly"
Southeast Alaska Power Agency,US-AK-SEAPA,A,Carbon Free Energy,2017-01-01T00:00:00.000Z,"5min, 15min, hourly, daily, monthly, quarterly, yearly","5min, 15min, hourly",Forecasted by Electricity Maps,"24h, 48h, 72h","5min, 15min, hourly"
Southeast Alaska Power Agency,US-AK-SEAPA,A,Fossil Only Carbon Intensity,2017-01-01T00:00:00.000Z,"5min, 15min, hourly, daily, monthly, quarterly, yearly","5min, 15min, hourly",Forecasted by Electricity Maps,"24h, 48h, 72h","5min, 15min, hourly"
Southeast Alaska Power Agency,US-AK-SEAPA,A,Carbon Intensity,2017-01-01T00:00:00.000Z,"5min, 15min, hourly, daily, monthly, quarterly, yearly","5min, 15min, hourly",Forecasted by Electricity Maps,"24h, 48h, 72h","5min, 15min, hourly"
Southeast Alaska Power Agency,US-AK-SEAPA,A,Electricity Flows,2017-01-01T00:00:00.000Z,"5min, 15min, hourly, daily, monthly, quarterly, yearly","5min, 15min, hourly",Forecasted by Electricity Maps,"24h, 48h, 72h","5min, 15min, hourly"
Southeast Alaska Power Agency,US-AK-SEAPA,A,Total Load,2017-01-01T00:00:00.000Z,"5min, 15min, hourly, daily, monthly, quarterly, yearly","5min, 15min, hourly",Forecasted by Electricity Maps,"24h, 48h, 72h","5min, 15min, hourly"
Southeast Alaska Power Agency,US-AK-SEAPA,A,Electricity Mix,2017-01-01T00:00:00.000Z,"5min, 15min, hourly, daily, monthly, quarterly, yearly","5min, 15min, hourly",Forecasted by Electricity Maps,"24h, 48h, 72h","5min, 15min, hourly"
Balancing Authority of Northern California,US-CAL-BANC,A,Renewable Energy,2017-01-01T00:00:00.000Z,"5min, 15min, hourly, daily, monthly, quarterly, yearly","5min, 15min, hourly",Forecasted by Electricity Maps,"24h, 48h, 72h","5min, 15min, hourly"
Balancing Authority of Northern California,US-CAL-BANC,A,Carbon Free Energy,2017-01-01T00:00:00.000Z,"5min, 15min, hourly, daily, monthly, quarterly, yearly","5min, 15min, hourly",Forecasted by Electricity Maps,"24h, 48h, 72h","5min, 15min, hourly"
Balancing Authority of Northern California,US-CAL-BANC,A,Fossil Only Carbon Intensity,2017-01-01T00:00:00.000Z,"5min, 15min, hourly, daily, monthly, quarterly, yearly","5min, 15min, hourly",Forecasted by Electricity Maps,"24h, 48h, 72h","5min, 15min, hourly"
Balancing Authority of Northern California,US-CAL-BANC,A,Carbon Intensity,2017-01-01T00:00:00.000Z,"5min, 15min, hourly, daily, monthly, quarterly, yearly","5min, 15min, hourly",Forecasted by Electricity Maps,"24h, 48h, 72h","5min, 15min, hourly"
Balancing Authority of Northern California,US-CAL-BANC,A,Electricity Flows,2017-01-01T00:00:00.000Z,"5min, 15min, hourly, daily, monthly, quarterly, yearly","5min, 15min, hourly",Forecasted by Electricity Maps,"24h, 48h, 72h","5min, 15min, hourly"
Balancing Authority of Northern California,US-CAL-BANC,A,Total Load,2017-01-01T00:00:00.000Z,"5min, 15min, hourly, daily, monthly, quarterly, yearly","5min, 15min, hourly",Forecasted by Electricity Maps,"24h, 48h, 72h","5min, 15min, hourly"
Balancing Authority of Northern California,US-CAL-BANC,A,Electricity Mix,2017-01-01T00:00:00.000Z,"5min, 15min, hourly, daily, monthly, quarterly, yearly","5min, 15min, hourly",Forecasted by Electricity Maps,"24h, 48h, 72h","5min, 15min, hourly"
Balancing Authority of Northern California,US-CAL-BANC,A,Total Reported Load,2018-01-01T00:00:00.000Z,"5min, 15min, hourly","5min, 15min, hourly",Forecasted by Electricity Maps,"24h, 48h, 72h","5min, 15min, hourly"
Imperial Irrigation District,US-CAL-IID,A,Renewable Energy,2017-01-01T00:00:00.000Z,"5min, 15min, hourly, daily, monthly, quarterly, yearly","5min, 15min, hourly",Forecasted by Electricity Maps,"24h, 48h, 72h","5min, 15min, hourly"
Imperial Irrigation District,US-CAL-IID,A,Carbon Free Energy,2017-01-01T00:00:00.000Z,"5min, 15min, hourly, daily, monthly, quarterly, yearly","5min, 15min, hourly",Forecasted by Electricity Maps,"24h, 48h, 72h","5min, 15min, hourly"
Imperial Irrigation District,US-CAL-IID,A,Fossil Only Carbon Intensity,2017-01-01T00:00:00.000Z,"5min, 15min, hourly, daily, monthly, quarterly, yearly","5min, 15min, hourly",Forecasted by Electricity Maps,"24h, 48h, 72h","5min, 15min, hourly"
Imperial Irrigation District,US-CAL-IID,A,Carbon Intensity,2017-01-01T00:00:00.000Z,"5min, 15min, hourly, daily, monthly, quarterly, yearly","5min, 15min, hourly",Forecasted by Electricity Maps,"24h, 48h, 72h","5min, 15min, hourly"
Imperial Irrigation District,US-CAL-IID,A,Electricity Flows,2017-01-01T00:00:00.000Z,"5min, 15min, hourly, daily, monthly, quarterly, yearly","5min, 15min, hourly",Forecasted by Electricity Maps,"24h, 48h, 72h","5min, 15min, hourly"
Imperial Irrigation District,US-CAL-IID,A,Total Load,2017-01-01T00:00:00.000Z,"5min, 15min, hourly, daily, monthly, quarterly, yearly","5min, 15min, hourly",Forecasted by Electricity Maps,"24h, 48h, 72h","5min, 15min, hourly"
Imperial Irrigation District,US-CAL-IID,A,Electricity Mix,2017-01-01T00:00:00.000Z,"5min, 15min, hourly, daily, monthly, quarterly, yearly","5min, 15min, hourly",Forecasted by Electricity Maps,"24h, 48h, 72h","5min, 15min, hourly"
Imperial Irrigation District,US-CAL-IID,A,Total Reported Load,2018-01-01T00:00:00.000Z,"5min, 15min, hourly","5min, 15min, hourly",Forecasted by Electricity Maps,"24h, 48h, 72h","5min, 15min, hourly"
Albania,AL,C,Renewable Energy,2017-01-01T00:00:00.000Z,"5min, 15min, hourly, daily, monthly, quarterly, yearly","5min, 15min, hourly",Forecasted by Electricity Maps,"24h, 48h, 72h","5min, 15min, hourly"
Albania,AL,C,Carbon Free Energy,2017-01-01T00:00:00.000Z,"5min, 15min, hourly, daily, monthly, quarterly, yearly","5min, 15min, hourly",Forecasted by Electricity Maps,"24h, 48h, 72h","5min, 15min, hourly"
Albania,AL,C,Fossil Only Carbon Intensity,2017-01-01T00:00:00.000Z,"5min, 15min, hourly, daily, monthly, quarterly, yearly","5min, 15min, hourly",Forecasted by Electricity Maps,"24h, 48h, 72h","5min, 15min, hourly"
Albania,AL,C,Carbon Intensity,2017-01-01T00:00:00.000Z,"5min, 15min, hourly, daily, monthly, quarterly, yearly","5min, 15min, hourly",Forecasted by Electricity Maps,"24h, 48h, 72h","5min, 15min, hourly"
Albania,AL,C,Electricity Flows,2017-01-01T00:00:00.000Z,"5min, 15min, hourly, daily, monthly, quarterly, yearly","5min, 15min, hourly",Forecasted by Electricity Maps,"24h, 48h, 72h","5min, 15min, hourly"
Albania,AL,C,Total Load,2017-01-01T00:00:00.000Z,"5min, 15min, hourly, daily, monthly, quarterly, yearly","5min, 15min, hourly",Forecasted by Electricity Maps,"24h, 48h, 72h","5min, 15min, hourly"
Albania,AL,C,Electricity Mix,2017-01-01T00:00:00.000Z,"5min, 15min, hourly, daily, monthly, quarterly, yearly","5min, 15min, hourly",Forecasted by Electricity Maps,"24h, 48h, 72h","5min, 15min, hourly"
Albania,AL,C,Total Reported Load,2019-01-01T00:00:00.000Z,"5min, 15min, hourly","5min, 15min, hourly",Forecasted by Electricity Maps,"24h, 48h, 72h","5min, 15min, hourly"
Sistema Eléctrico Nacional,CL-SEN,A,Renewable Energy,2015-01-01T00:00:00.000Z,"5min, 15min, hourly, daily, monthly, quarterly, yearly","5min, 15min, hourly",Forecasted by Electricity Maps,"24h, 48h, 72h","5min, 15min, hourly"
Sistema Eléctrico Nacional,CL-SEN,A,Carbon Free Energy,2015-01-01T00:00:00.000Z,"5min, 15min, hourly, daily, monthly, quarterly, yearly","5min, 15min, hourly",Forecasted by Electricity Maps,"24h, 48h, 72h","5min, 15min, hourly"
Sistema Eléctrico Nacional,CL-SEN,A,Fossil Only Carbon Intensity,2015-01-01T00:00:00.000Z,"5min, 15min, hourly, daily, monthly, quarterly, yearly","5min, 15min, hourly",Forecasted by Electricity Maps,"24h, 48h, 72h","5min, 15min, hourly"
Sistema Eléctrico Nacional,CL-SEN,A,Carbon Intensity,2015-01-01T00:00:00.000Z,"5min, 15min, hourly, daily, monthly, quarterly, yearly","5min, 15min, hourly",Forecasted by Electricity Maps,"24h, 48h, 72h","5min, 15min, hourly"
Sistema Eléctrico Nacional,CL-SEN,A,Electricity Flows,2015-01-01T00:00:00.000Z,"5min, 15min, hourly, daily, monthly, quarterly, yearly","5min, 15min, hourly",Forecasted by Electricity Maps,"24h, 48h, 72h","5min, 15min, hourly"
Sistema Eléctrico Nacional,CL-SEN,A,Total Load,2015-01-01T00:00:00.000Z,"5min, 15min, hourly, daily, monthly, quarterly, yearly","5min, 15min, hourly",Forecasted by Electricity Maps,"24h, 48h, 72h","5min, 15min, hourly"
Sistema Eléctrico Nacional,CL-SEN,A,Electricity Mix,2015-01-01T00:00:00.000Z,"5min, 15min, hourly, daily, monthly, quarterly, yearly","5min, 15min, hourly",Forecasted by Electricity Maps,"24h, 48h, 72h","5min, 15min, hourly"
Cameroon,CM,C,Renewable Energy,2017-01-01T00:00:00.000Z,"5min, 15min, hourly, daily, monthly, quarterly, yearly","5min, 15min, hourly",Forecasted by Electricity Maps,"24h, 48h, 72h","5min, 15min, hourly"
Cameroon,CM,C,Carbon Free Energy,2017-01-01T00:00:00.000Z,"5min, 15min, hourly, daily, monthly, quarterly, yearly","5min, 15min, hourly",Forecasted by Electricity Maps,"24h, 48h, 72h","5min, 15min, hourly"
Cameroon,CM,C,Fossil Only Carbon Intensity,2017-01-01T00:00:00.000Z,"5min, 15min, hourly, daily, monthly, quarterly, yearly","5min, 15min, hourly",Forecasted by Electricity Maps,"24h, 48h, 72h","5min, 15min, hourly"
Cameroon,CM,C,Carbon Intensity,2017-01-01T00:00:00.000Z,"5min, 15min, hourly, daily, monthly, quarterly, yearly","5min, 15min, hourly",Forecasted by Electricity Maps,"24h, 48h, 72h","5min, 15min, hourly"
Cameroon,CM,C,Electricity Flows,2017-01-01T00:00:00.000Z,"5min, 15min, hourly, daily, monthly, quarterly, yearly","5min, 15min, hourly",Forecasted by Electricity Maps,"24h, 48h, 72h","5min, 15min, hourly"
Cameroon,CM,C,Total Load,2017-01-01T00:00:00.000Z,"5min, 15min, hourly, daily, monthly, quarterly, yearly","5min, 15min, hourly",Forecasted by Electricity Maps,"24h, 48h, 72h","5min, 15min, hourly"
Cameroon,CM,C,Electricity Mix,2017-01-01T00:00:00.000Z,"5min, 15min, hourly, daily, monthly, quarterly, yearly","5min, 15min, hourly",Forecasted by Electricity Maps,"24h, 48h, 72h","5min, 15min, hourly"
China,CN,C,Renewable Energy,2017-01-01T00:00:00.000Z,"5min, 15min, hourly, daily, monthly, quarterly, yearly","5min, 15min, hourly",Forecasted by Electricity Maps,"24h, 48h, 72h","5min, 15min, hourly"
China,CN,C,Carbon Free Energy,2017-01-01T00:00:00.000Z,"5min, 15min, hourly, daily, monthly, quarterly, yearly","5min, 15min, hourly",Forecasted by Electricity Maps,"24h, 48h, 72h","5min, 15min, hourly"
China,CN,C,Fossil Only Carbon Intensity,2017-01-01T00:00:00.000Z,"5min, 15min, hourly, daily, monthly, quarterly, yearly","5min, 15min, hourly",Forecasted by Electricity Maps,"24h, 48h, 72h","5min, 15min, hourly"
China,CN,C,Carbon Intensity,2017-01-01T00:00:00.000Z,"5min, 15min, hourly, daily, monthly, quarterly, yearly","5min, 15min, hourly",Forecasted by Electricity Maps,"24h, 48h, 72h","5min, 15min, hourly"
China,CN,C,Electricity Flows,2017-01-01T00:00:00.000Z,"5min, 15min, hourly, daily, monthly, quarterly, yearly","5min, 15min, hourly",Forecasted by Electricity Maps,"24h, 48h, 72h","5min, 15min, hourly"
China,CN,C,Total Load,2017-01-01T00:00:00.000Z,"5min, 15min, hourly, daily, monthly, quarterly, yearly","5min, 15min, hourly",Forecasted by Electricity Maps,"24h, 48h, 72h","5min, 15min, hourly"
China,CN,C,Electricity Mix,2017-01-01T00:00:00.000Z,"5min, 15min, hourly, daily, monthly, quarterly, yearly","5min, 15min, hourly",Forecasted by Electricity Maps,"24h, 48h, 72h","5min, 15min, hourly"
Colombia,CO,A,Price Day Ahead,2015-01-01T00:00:00.000Z,"5min, 15min, hourly, daily, monthly, quarterly, yearly","5min, 15min, hourly",Forecasted by Electricity Maps,"24h, 48h, 72h","5min, 15min, hourly"
Colombia,CO,A,Renewable Energy,2015-01-01T00:00:00.000Z,"5min, 15min, hourly, daily, monthly, quarterly, yearly","5min, 15min, hourly",Forecasted by Electricity Maps,"24h, 48h, 72h","5min, 15min, hourly"
Colombia,CO,A,Carbon Free Energy,2015-01-01T00:00:00.000Z,"5min, 15min, hourly, daily, monthly, quarterly, yearly","5min, 15min, hourly",Forecasted by Electricity Maps,"24h, 48h, 72h","5min, 15min, hourly"
Colombia,CO,A,Fossil Only Carbon Intensity,2015-01-01T00:00:00.000Z,"5min, 15min, hourly, daily, monthly, quarterly, yearly","5min, 15min, hourly",Forecasted by Electricity Maps,"24h, 48h, 72h","5min, 15min, hourly"
Colombia,CO,A,Carbon Intensity,2015-01-01T00:00:00.000Z,"5min, 15min, hourly, daily, monthly, quarterly, yearly","5min, 15min, hourly",Forecasted by Electricity Maps,"24h, 48h, 72h","5min, 15min, hourly"
Colombia,CO,A,Electricity Flows,2015-01-01T00:00:00.000Z,"5min, 15min, hourly, daily, monthly, quarterly, yearly","5min, 15min, hourly",Forecasted by Electricity Maps,"24h, 48h, 72h","5min, 15min, hourly"
Colombia,CO,A,Total Load,2015-01-01T00:00:00.000Z,"5min, 15min, hourly, daily, monthly, quarterly, yearly","5min, 15min, hourly",Forecasted by Electricity Maps,"24h, 48h, 72h","5min, 15min, hourly"
Colombia,CO,A,Electricity Mix,2015-01-01T00:00:00.000Z,"5min, 15min, hourly, daily, monthly, quarterly, yearly","5min, 15min, hourly",Forecasted by Electricity Maps,"24h, 48h, 72h","5min, 15min, hourly"
Colombia,CO,A,Total Reported Load,2018-01-01T00:00:00.000Z,"5min, 15min, hourly","5min, 15min, hourly",Forecasted by Electricity Maps,"24h, 48h, 72h","5min, 15min, hourly"
Costa Rica,CR,A,Renewable Energy,2017-01-01T00:00:00.000Z,"5min, 15min, hourly, daily, monthly, quarterly, yearly","5min, 15min, hourly",Forecasted by Electricity Maps,"24h, 48h, 72h","5min, 15min, hourly"
Costa Rica,CR,A,Carbon Free Energy,2017-01-01T00:00:00.000Z,"5min, 15min, hourly, daily, monthly, quarterly, yearly","5min, 15min, hourly",Forecasted by Electricity Maps,"24h, 48h, 72h","5min, 15min, hourly"
Costa Rica,CR,A,Fossil Only Carbon Intensity,2017-01-01T00:00:00.000Z,"5min, 15min, hourly, daily, monthly, quarterly, yearly","5min, 15min, hourly",Forecasted by Electricity Maps,"24h, 48h, 72h","5min, 15min, hourly"
Costa Rica,CR,A,Carbon Intensity,2017-01-01T00:00:00.000Z,"5min, 15min, hourly, daily, monthly, quarterly, yearly","5min, 15min, hourly",Forecasted by Electricity Maps,"24h, 48h, 72h","5min, 15min, hourly"
Costa Rica,CR,A,Electricity Flows,2017-01-01T00:00:00.000Z,"5min, 15min, hourly, daily, monthly, quarterly, yearly","5min, 15min, hourly",Forecasted by Electricity Maps,"24h, 48h, 72h","5min, 15min, hourly"
Costa Rica,CR,A,Total Load,2017-01-01T00:00:00.000Z,"5min, 15min, hourly, daily, monthly, quarterly, yearly","5min, 15min, hourly",Forecasted by Electricity Maps,"24h, 48h, 72h","5min, 15min, hourly"
Costa Rica,CR,A,Electricity Mix,2017-01-01T00:00:00.000Z,"5min, 15min, hourly, daily, monthly, quarterly, yearly","5min, 15min, hourly",Forecasted by Electricity Maps,"24h, 48h, 72h","5min, 15min, hourly"
Cuba,CU,C,Renewable Energy,2017-01-01T00:00:00.000Z,"5min, 15min, hourly, daily, monthly, quarterly, yearly","5min, 15min, hourly",Forecasted by Electricity Maps,"24h, 48h, 72h","5min, 15min, hourly"
Cuba,CU,C,Carbon Free Energy,2017-01-01T00:00:00.000Z,"5min, 15min, hourly, daily, monthly, quarterly, yearly","5min, 15min, hourly",Forecasted by Electricity Maps,"24h, 48h, 72h","5min, 15min, hourly"
Cuba,CU,C,Fossil Only Carbon Intensity,2017-01-01T00:00:00.000Z,"5min, 15min, hourly, daily, monthly, quarterly, yearly","5min, 15min, hourly",Forecasted by Electricity Maps,"24h, 48h, 72h","5min, 15min, hourly"
Cuba,CU,C,Carbon Intensity,2017-01-01T00:00:00.000Z,"5min, 15min, hourly, daily, monthly, quarterly, yearly","5min, 15min, hourly",Forecasted by Electricity Maps,"24h, 48h, 72h","5min, 15min, hourly"
Cuba,CU,C,Electricity Flows,2017-01-01T00:00:00.000Z,"5min, 15min, hourly, daily, monthly, quarterly, yearly","5min, 15min, hourly",Forecasted by Electricity Maps,"24h, 48h, 72h","5min, 15min, hourly"
Cuba,CU,C,Total Load,2017-01-01T00:00:00.000Z,"5min, 15min, hourly, daily, monthly, quarterly, yearly","5min, 15min, hourly",Forecasted by Electricity Maps,"24h, 48h, 72h","5min, 15min, hourly"
Cuba,CU,C,Electricity Mix,2017-01-01T00:00:00.000Z,"5min, 15min, hourly, daily, monthly, quarterly, yearly","5min, 15min, hourly",Forecasted by Electricity Maps,"24h, 48h, 72h","5min, 15min, hourly"
Cabo Verde,CV,C,Renewable Energy,2017-01-01T00:00:00.000Z,"5min, 15min, hourly, daily, monthly, quarterly, yearly","5min, 15min, hourly",Forecasted by Electricity Maps,"24h, 48h, 72h","5min, 15min, hourly"
Cabo Verde,CV,C,Carbon Free Energy,2017-01-01T00:00:00.000Z,"5min, 15min, hourly, daily, monthly, quarterly, yearly","5min, 15min, hourly",Forecasted by Electricity Maps,"24h, 48h, 72h","5min, 15min, hourly"
Cabo Verde,CV,C,Fossil Only Carbon Intensity,2017-01-01T00:00:00.000Z,"5min, 15min, hourly, daily, monthly, quarterly, yearly","5min, 15min, hourly",Forecasted by Electricity Maps,"24h, 48h, 72h","5min, 15min, hourly"
Cabo Verde,CV,C,Carbon Intensity,2017-01-01T00:00:00.000Z,"5min, 15min, hourly, daily, monthly, quarterly, yearly","5min, 15min, hourly",Forecasted by Electricity Maps,"24h, 48h, 72h","5min, 15min, hourly"
Cabo Verde,CV,C,Electricity Flows,2017-01-01T00:00:00.000Z,"5min, 15min, hourly, daily, monthly, quarterly, yearly","5min, 15min, hourly",Forecasted by Electricity Maps,"24h, 48h, 72h","5min, 15min, hourly"
Cabo Verde,CV,C,Total Load,2017-01-01T00:00:00.000Z,"5min, 15min, hourly, daily, monthly, quarterly, yearly","5min, 15min, hourly",Forecasted by Electricity Maps,"24h, 48h, 72h","5min, 15min, hourly"
Cabo Verde,CV,C,Electricity Mix,2017-01-01T00:00:00.000Z,"5min, 15min, hourly, daily, monthly, quarterly, yearly","5min, 15min, hourly",Forecasted by Electricity Maps,"24h, 48h, 72h","5min, 15min, hourly"
Austria,AT,A,Price Day Ahead,2015-01-01T00:00:00.000Z,"5min, 15min, hourly, daily, monthly, quarterly, yearly","5min, 15min, hourly",Forecasted by Electricity Maps,"24h, 48h, 72h","5min, 15min, hourly"
Austria,AT,A,Renewable Energy,2015-01-01T00:00:00.000Z,"5min, 15min, hourly, daily, monthly, quarterly, yearly","5min, 15min, hourly",Forecasted by Electricity Maps,"24h, 48h, 72h","5min, 15min, hourly"
Austria,AT,A,Carbon Free Energy,2015-01-01T00:00:00.000Z,"5min, 15min, hourly, daily, monthly, quarterly, yearly","5min, 15min, hourly",Forecasted by Electricity Maps,"24h, 48h, 72h","5min, 15min, hourly"
Austria,AT,A,Fossil Only Carbon Intensity,2015-01-01T00:00:00.000Z,"5min, 15min, hourly, daily, monthly, quarterly, yearly","5min, 15min, hourly",Forecasted by Electricity Maps,"24h, 48h, 72h","5min, 15min, hourly"
Austria,AT,A,Carbon Intensity,2015-01-01T00:00:00.000Z,"5min, 15min, hourly, daily, monthly, quarterly, yearly","5min, 15min, hourly",Forecasted by Electricity Maps,"24h, 48h, 72h","5min, 15min, hourly"
Austria,AT,A,Electricity Flows,2015-01-01T00:00:00.000Z,"5min, 15min, hourly, daily, monthly, quarterly, yearly","5min, 15min, hourly",Forecasted by Electricity Maps,"24h, 48h, 72h","5min, 15min, hourly"
Austria,AT,A,Total Load,2015-01-01T00:00:00.000Z,"5min, 15min, hourly, daily, monthly, quarterly, yearly","5min, 15min, hourly",Forecasted by Electricity Maps,"24h, 48h, 72h","5min, 15min, hourly"
Austria,AT,A,Electricity Mix,2015-01-01T00:00:00.000Z,"5min, 15min, hourly, daily, monthly, quarterly, yearly","5min, 15min, hourly",Forecasted by Electricity Maps,"24h, 48h, 72h","5min, 15min, hourly"
Austria,AT,A,Total Reported Load,2018-01-01T00:00:00.000Z,"5min, 15min, hourly","5min, 15min, hourly",Forecasted by Electricity Maps,"24h, 48h, 72h","5min, 15min, hourly"
Belgium,BE,A,Price Day Ahead,2015-01-05T00:00:00.000Z,"5min, 15min, hourly, daily, monthly, quarterly, yearly","5min, 15min, hourly",Forecasted by Electricity Maps,"24h, 48h, 72h","5min, 15min, hourly"
Belgium,BE,A,Renewable Energy,2015-01-01T00:00:00.000Z,"5min, 15min, hourly, daily, monthly, quarterly, yearly","5min, 15min, hourly",Forecasted by Electricity Maps,"24h, 48h, 72h","5min, 15min, hourly"
Belgium,BE,A,Carbon Free Energy,2015-01-01T00:00:00.000Z,"5min, 15min, hourly, daily, monthly, quarterly, yearly","5min, 15min, hourly",Forecasted by Electricity Maps,"24h, 48h, 72h","5min, 15min, hourly"
Belgium,BE,A,Fossil Only Carbon Intensity,2015-01-01T00:00:00.000Z,"5min, 15min, hourly, daily, monthly, quarterly, yearly","5min, 15min, hourly",Forecasted by Electricity Maps,"24h, 48h, 72h","5min, 15min, hourly"
Belgium,BE,A,Carbon Intensity,2015-01-01T00:00:00.000Z,"5min, 15min, hourly, daily, monthly, quarterly, yearly","5min, 15min, hourly",Forecasted by Electricity Maps,"24h, 48h, 72h","5min, 15min, hourly"
Belgium,BE,A,Electricity Flows,2015-01-01T00:00:00.000Z,"5min, 15min, hourly, daily, monthly, quarterly, yearly","5min, 15min, hourly",Forecasted by Electricity Maps,"24h, 48h, 72h","5min, 15min, hourly"
Belgium,BE,A,Total Load,2015-01-01T00:00:00.000Z,"5min, 15min, hourly, daily, monthly, quarterly, yearly","5min, 15min, hourly",Forecasted by Electricity Maps,"24h, 48h, 72h","5min, 15min, hourly"
Belgium,BE,A,Electricity Mix,2015-01-01T00:00:00.000Z,"5min, 15min, hourly, daily, monthly, quarterly, yearly","5min, 15min, hourly",Forecasted by Electricity Maps,"24h, 48h, 72h","5min, 15min, hourly"
Belgium,BE,A,Total Reported Load,2018-01-01T00:00:00.000Z,"5min, 15min, hourly","5min, 15min, hourly",Forecasted by Electricity Maps,"24h, 48h, 72h","5min, 15min, hourly"
Germany,DE,A,Price Day Ahead,2015-01-05T00:00:00.000Z,"5min, 15min, hourly, daily, monthly, quarterly, yearly","5min, 15min, hourly",Forecasted by Electricity Maps,"24h, 48h, 72h","5min, 15min, hourly"
Germany,DE,A,Renewable Energy,2015-01-01T00:00:00.000Z,"5min, 15min, hourly, daily, monthly, quarterly, yearly","5min, 15min, hourly",Forecasted by Electricity Maps,"24h, 48h, 72h","5min, 15min, hourly"
Germany,DE,A,Carbon Free Energy,2015-01-01T00:00:00.000Z,"5min, 15min, hourly, daily, monthly, quarterly, yearly","5min, 15min, hourly",Forecasted by Electricity Maps,"24h, 48h, 72h","5min, 15min, hourly"
Germany,DE,A,Fossil Only Carbon Intensity,2015-01-01T00:00:00.000Z,"5min, 15min, hourly, daily, monthly, quarterly, yearly","5min, 15min, hourly",Forecasted by Electricity Maps,"24h, 48h, 72h","5min, 15min, hourly"
Germany,DE,A,Carbon Intensity,2015-01-01T00:00:00.000Z,"5min, 15min, hourly, daily, monthly, quarterly, yearly","5min, 15min, hourly",Forecasted by Electricity Maps,"24h, 48h, 72h","5min, 15min, hourly"
Germany,DE,A,Electricity Flows,2015-01-01T00:00:00.000Z,"5min, 15min, hourly, daily, monthly, quarterly, yearly","5min, 15min, hourly",Forecasted by Electricity Maps,"24h, 48h, 72h","5min, 15min, hourly"
Germany,DE,A,Total Load,2015-01-01T00:00:00.000Z,"5min, 15min, hourly, daily, monthly, quarterly, yearly","5min, 15min, hourly",Forecasted by Electricity Maps,"24h, 48h, 72h","5min, 15min, hourly"
Germany,DE,A,Electricity Mix,2015-01-01T00:00:00.000Z,"5min, 15min, hourly, daily, monthly, quarterly, yearly","5min, 15min, hourly",Forecasted by Electricity Maps,"24h, 48h, 72h","5min, 15min, hourly"
Germany,DE,A,Total Reported Load,2018-01-01T00:00:00.000Z,"5min, 15min, hourly","5min, 15min, hourly",Forecasted by Electricity Maps,"24h, 48h, 72h","5min, 15min, hourly"
Åland Islands,AX,A,Price Day Ahead,2015-01-01T00:00:00.000Z,"5min, 15min, hourly, daily, monthly, quarterly, yearly","5min, 15min, hourly",Forecasted by Electricity Maps,"24h, 48h, 72h","5min, 15min, hourly"
Åland Islands,AX,A,Renewable Energy,2017-01-01T00:00:00.000Z,"5min, 15min, hourly, daily, monthly, quarterly, yearly","5min, 15min, hourly",Forecasted by Electricity Maps,"24h, 48h, 72h","5min, 15min, hourly"
Åland Islands,AX,A,Carbon Free Energy,2017-01-01T00:00:00.000Z,"5min, 15min, hourly, daily, monthly, quarterly, yearly","5min, 15min, hourly",Forecasted by Electricity Maps,"24h, 48h, 72h","5min, 15min, hourly"
Åland Islands,AX,A,Fossil Only Carbon Intensity,2017-01-01T00:00:00.000Z,"5min, 15min, hourly, daily, monthly, quarterly, yearly","5min, 15min, hourly",Forecasted by Electricity Maps,"24h, 48h, 72h","5min, 15min, hourly"
Åland Islands,AX,A,Carbon Intensity,2017-01-01T00:00:00.000Z,"5min, 15min, hourly, daily, monthly, quarterly, yearly","5min, 15min, hourly",Forecasted by Electricity Maps,"24h, 48h, 72h","5min, 15min, hourly"
Åland Islands,AX,A,Electricity Flows,2017-01-01T00:00:00.000Z,"5min, 15min, hourly, daily, monthly, quarterly, yearly","5min, 15min, hourly",Forecasted by Electricity Maps,"24h, 48h, 72h","5min, 15min, hourly"
Åland Islands,AX,A,Total Load,2017-01-01T00:00:00.000Z,"5min, 15min, hourly, daily, monthly, quarterly, yearly","5min, 15min, hourly",Forecasted by Electricity Maps,"24h, 48h, 72h","5min, 15min, hourly"
Åland Islands,AX,A,Electricity Mix,2017-01-01T00:00:00.000Z,"5min, 15min, hourly, daily, monthly, quarterly, yearly","5min, 15min, hourly",Forecasted by Electricity Maps,"24h, 48h, 72h","5min, 15min, hourly"
Åland Islands,AX,A,Total Reported Load,2018-01-01T00:00:00.000Z,"5min, 15min, hourly","5min, 15min, hourly",Forecasted by Electricity Maps,"24h, 48h, 72h","5min, 15min, hourly"
Tasmania,AU-TAS,A,Price Day Ahead,2017-01-01T00:00:00.000Z,"5min, 15min, hourly, daily, monthly, quarterly, yearly","5min, 15min, hourly",Forecasted by Electricity Maps,"24h, 48h, 72h","5min, 15min, hourly"
Tasmania,AU-TAS,A,Renewable Energy,2017-01-01T00:00:00.000Z,"5min, 15min, hourly, daily, monthly, quarterly, yearly","5min, 15min, hourly",Forecasted by Electricity Maps,"24h, 48h, 72h","5min, 15min, hourly"
Tasmania,AU-TAS,A,Carbon Free Energy,2017-01-01T00:00:00.000Z,"5min, 15min, hourly, daily, monthly, quarterly, yearly","5min, 15min, hourly",Forecasted by Electricity Maps,"24h, 48h, 72h","5min, 15min, hourly"
Tasmania,AU-TAS,A,Fossil Only Carbon Intensity,2017-01-01T00:00:00.000Z,"5min, 15min, hourly, daily, monthly, quarterly, yearly","5min, 15min, hourly",Forecasted by Electricity Maps,"24h, 48h, 72h","5min, 15min, hourly"
Tasmania,AU-TAS,A,Carbon Intensity,2017-01-01T00:00:00.000Z,"5min, 15min, hourly, daily, monthly, quarterly, yearly","5min, 15min, hourly",Forecasted by Electricity Maps,"24h, 48h, 72h","5min, 15min, hourly"
Tasmania,AU-TAS,A,Electricity Flows,2017-01-01T00:00:00.000Z,"5min, 15min, hourly, daily, monthly, quarterly, yearly","5min, 15min, hourly",Forecasted by Electricity Maps,"24h, 48h, 72h","5min, 15min, hourly"
Tasmania,AU-TAS,A,Total Load,2017-01-01T00:00:00.000Z,"5min, 15min, hourly, daily, monthly, quarterly, yearly","5min, 15min, hourly",Forecasted by Electricity Maps,"24h, 48h, 72h","5min, 15min, hourly"
Tasmania,AU-TAS,A,Electricity Mix,2017-01-01T00:00:00.000Z,"5min, 15min, hourly, daily, monthly, quarterly, yearly","5min, 15min, hourly",Forecasted by Electricity Maps,"24h, 48h, 72h","5min, 15min, hourly"
Victoria,AU-VIC,A,Price Day Ahead,2017-01-01T00:00:00.000Z,"5min, 15min, hourly, daily, monthly, quarterly, yearly","5min, 15min, hourly",Forecasted by Electricity Maps,"24h, 48h, 72h","5min, 15min, hourly"
Victoria,AU-VIC,A,Renewable Energy,2016-12-31T00:00:00.000Z,"5min, 15min, hourly, daily, monthly, quarterly, yearly","5min, 15min, hourly",Forecasted by Electricity Maps,"24h, 48h, 72h","5min, 15min, hourly"
Victoria,AU-VIC,A,Carbon Free Energy,2016-12-31T00:00:00.000Z,"5min, 15min, hourly, daily, monthly, quarterly, yearly","5min, 15min, hourly",Forecasted by Electricity Maps,"24h, 48h, 72h","5min, 15min, hourly"
Victoria,AU-VIC,A,Fossil Only Carbon Intensity,2016-12-31T00:00:00.000Z,"5min, 15min, hourly, daily, monthly, quarterly, yearly","5min, 15min, hourly",Forecasted by Electricity Maps,"24h, 48h, 72h","5min, 15min, hourly"
Victoria,AU-VIC,A,Carbon Intensity,2016-12-31T00:00:00.000Z,"5min, 15min, hourly, daily, monthly, quarterly, yearly","5min, 15min, hourly",Forecasted by Electricity Maps,"24h, 48h, 72h","5min, 15min, hourly"
Victoria,AU-VIC,A,Electricity Flows,2016-12-31T00:00:00.000Z,"5min, 15min, hourly, daily, monthly, quarterly, yearly","5min, 15min, hourly",Forecasted by Electricity Maps,"24h, 48h, 72h","5min, 15min, hourly"
Victoria,AU-VIC,A,Total Load,2016-12-31T00:00:00.000Z,"5min, 15min, hourly, daily, monthly, quarterly, yearly","5min, 15min, hourly",Forecasted by Electricity Maps,"24h, 48h, 72h","5min, 15min, hourly"
Victoria,AU-VIC,A,Electricity Mix,2016-12-31T00:00:00.000Z,"5min, 15min, hourly, daily, monthly, quarterly, yearly","5min, 15min, hourly",Forecasted by Electricity Maps,"24h, 48h, 72h","5min, 15min, hourly"
Rottnest Island,AU-WA-RI,A,Renewable Energy,2017-01-01T00:00:00.000Z,"5min, 15min, hourly, daily, monthly, quarterly, yearly","5min, 15min, hourly",Forecasted by Electricity Maps,"24h, 48h, 72h","5min, 15min, hourly"
Rottnest Island,AU-WA-RI,A,Carbon Free Energy,2017-01-01T00:00:00.000Z,"5min, 15min, hourly, daily, monthly, quarterly, yearly","5min, 15min, hourly",Forecasted by Electricity Maps,"24h, 48h, 72h","5min, 15min, hourly"
Rottnest Island,AU-WA-RI,A,Fossil Only Carbon Intensity,2017-01-01T00:00:00.000Z,"5min, 15min, hourly, daily, monthly, quarterly, yearly","5min, 15min, hourly",Forecasted by Electricity Maps,"24h, 48h, 72h","5min, 15min, hourly"
Rottnest Island,AU-WA-RI,A,Carbon Intensity,2017-01-01T00:00:00.000Z,"5min, 15min, hourly, daily, monthly, quarterly, yearly","5min, 15min, hourly",Forecasted by Electricity Maps,"24h, 48h, 72h","5min, 15min, hourly"
Rottnest Island,AU-WA-RI,A,Electricity Flows,2017-01-01T00:00:00.000Z,"5min, 15min, hourly, daily, monthly, quarterly, yearly","5min, 15min, hourly",Forecasted by Electricity Maps,"24h, 48h, 72h","5min, 15min, hourly"
Rottnest Island,AU-WA-RI,A,Total Load,2017-01-01T00:00:00.000Z,"5min, 15min, hourly, daily, monthly, quarterly, yearly","5min, 15min, hourly",Forecasted by Electricity Maps,"24h, 48h, 72h","5min, 15min, hourly"
Rottnest Island,AU-WA-RI,A,Electricity Mix,2017-01-01T00:00:00.000Z,"5min, 15min, hourly, daily, monthly, quarterly, yearly","5min, 15min, hourly",Forecasted by Electricity Maps,"24h, 48h, 72h","5min, 15min, hourly"
Western Australia,AU-WA,A,Price Day Ahead,2017-01-01T00:00:00.000Z,"5min, 15min, hourly, daily, monthly, quarterly, yearly","5min, 15min, hourly",Forecasted by Electricity Maps,"24h, 48h, 72h","5min, 15min, hourly"
Western Australia,AU-WA,A,Renewable Energy,2016-12-31T00:00:00.000Z,"5min, 15min, hourly, daily, monthly, quarterly, yearly","5min, 15min, hourly",Forecasted by Electricity Maps,"24h, 48h, 72h","5min, 15min, hourly"
Western Australia,AU-WA,A,Carbon Free Energy,2016-12-31T00:00:00.000Z,"5min, 15min, hourly, daily, monthly, quarterly, yearly","5min, 15min, hourly",Forecasted by Electricity Maps,"24h, 48h, 72h","5min, 15min, hourly"
Western Australia,AU-WA,A,Fossil Only Carbon Intensity,2016-12-31T00:00:00.000Z,"5min, 15min, hourly, daily, monthly, quarterly, yearly","5min, 15min, hourly",Forecasted by Electricity Maps,"24h, 48h, 72h","5min, 15min, hourly"
Western Australia,AU-WA,A,Carbon Intensity,2016-12-31T00:00:00.000Z,"5min, 15min, hourly, daily, monthly, quarterly, yearly","5min, 15min, hourly",Forecasted by Electricity Maps,"24h, 48h, 72h","5min, 15min, hourly"
Western Australia,AU-WA,A,Electricity Flows,2016-12-31T00:00:00.000Z,"5min, 15min, hourly, daily, monthly, quarterly, yearly","5min, 15min, hourly",Forecasted by Electricity Maps,"24h, 48h, 72h","5min, 15min, hourly"
Western Australia,AU-WA,A,Total Load,2016-12-31T00:00:00.000Z,"5min, 15min, hourly, daily, monthly, quarterly, yearly","5min, 15min, hourly",Forecasted by Electricity Maps,"24h, 48h, 72h","5min, 15min, hourly"
Western Australia,AU-WA,A,Electricity Mix,2016-12-31T00:00:00.000Z,"5min, 15min, hourly, daily, monthly, quarterly, yearly","5min, 15min, hourly",Forecasted by Electricity Maps,"24h, 48h, 72h","5min, 15min, hourly"
Azerbaijan,AZ,C,Renewable Energy,2017-01-01T00:00:00.000Z,"5min, 15min, hourly, daily, monthly, quarterly, yearly","5min, 15min, hourly",Forecasted by Electricity Maps,"24h, 48h, 72h","5min, 15min, hourly"
Azerbaijan,AZ,C,Carbon Free Energy,2017-01-01T00:00:00.000Z,"5min, 15min, hourly, daily, monthly, quarterly, yearly","5min, 15min, hourly",Forecasted by Electricity Maps,"24h, 48h, 72h","5min, 15min, hourly"
Azerbaijan,AZ,C,Fossil Only Carbon Intensity,2017-01-01T00:00:00.000Z,"5min, 15min, hourly, daily, monthly, quarterly, yearly","5min, 15min, hourly",Forecasted by Electricity Maps,"24h, 48h, 72h","5min, 15min, hourly"
Azerbaijan,AZ,C,Carbon Intensity,2017-01-01T00:00:00.000Z,"5min, 15min, hourly, daily, monthly, quarterly, yearly","5min, 15min, hourly",Forecasted by Electricity Maps,"24h, 48h, 72h","5min, 15min, hourly"
Azerbaijan,AZ,C,Electricity Flows,2017-01-01T00:00:00.000Z,"5min, 15min, hourly, daily, monthly, quarterly, yearly","5min, 15min, hourly",Forecasted by Electricity Maps,"24h, 48h, 72h","5min, 15min, hourly"
Azerbaijan,AZ,C,Total Load,2017-01-01T00:00:00.000Z,"5min, 15min, hourly, daily, monthly, quarterly, yearly","5min, 15min, hourly",Forecasted by Electricity Maps,"24h, 48h, 72h","5min, 15min, hourly"
Azerbaijan,AZ,C,Electricity Mix,2017-01-01T00:00:00.000Z,"5min, 15min, hourly, daily, monthly, quarterly, yearly","5min, 15min, hourly",Forecasted by Electricity Maps,"24h, 48h, 72h","5min, 15min, hourly"
Bosnia and Herzegovina,BA,A,Renewable Energy,2017-01-01T00:00:00.000Z,"5min, 15min, hourly, daily, monthly, quarterly, yearly","5min, 15min, hourly",Forecasted by Electricity Maps,"24h, 48h, 72h","5min, 15min, hourly"
Bosnia and Herzegovina,BA,A,Carbon Free Energy,2017-01-01T00:00:00.000Z,"5min, 15min, hourly, daily, monthly, quarterly, yearly","5min, 15min, hourly",Forecasted by Electricity Maps,"24h, 48h, 72h","5min, 15min, hourly"
Bosnia and Herzegovina,BA,A,Fossil Only Carbon Intensity,2017-01-01T00:00:00.000Z,"5min, 15min, hourly, daily, monthly, quarterly, yearly","5min, 15min, hourly",Forecasted by Electricity Maps,"24h, 48h, 72h","5min, 15min, hourly"
Bosnia and Herzegovina,BA,A,Carbon Intensity,2017-01-01T00:00:00.000Z,"5min, 15min, hourly, daily, monthly, quarterly, yearly","5min, 15min, hourly",Forecasted by Electricity Maps,"24h, 48h, 72h","5min, 15min, hourly"
Bosnia and Herzegovina,BA,A,Electricity Flows,2017-01-01T00:00:00.000Z,"5min, 15min, hourly, daily, monthly, quarterly, yearly","5min, 15min, hourly",Forecasted by Electricity Maps,"24h, 48h, 72h","5min, 15min, hourly"
Bosnia and Herzegovina,BA,A,Total Load,2017-01-01T00:00:00.000Z,"5min, 15min, hourly, daily, monthly, quarterly, yearly","5min, 15min, hourly",Forecasted by Electricity Maps,"24h, 48h, 72h","5min, 15min, hourly"
Bosnia and Herzegovina,BA,A,Electricity Mix,2017-01-01T00:00:00.000Z,"5min, 15min, hourly, daily, monthly, quarterly, yearly","5min, 15min, hourly",Forecasted by Electricity Maps,"24h, 48h, 72h","5min, 15min, hourly"
Bosnia and Herzegovina,BA,A,Total Reported Load,2018-01-01T00:00:00.000Z,"5min, 15min, hourly","5min, 15min, hourly",Forecasted by Electricity Maps,"24h, 48h, 72h","5min, 15min, hourly"
Barbados,BB,C,Renewable Energy,2017-01-01T00:00:00.000Z,"5min, 15min, hourly, daily, monthly, quarterly, yearly","5min, 15min, hourly",Forecasted by Electricity Maps,"24h, 48h, 72h","5min, 15min, hourly"
Barbados,BB,C,Carbon Free Energy,2017-01-01T00:00:00.000Z,"5min, 15min, hourly, daily, monthly, quarterly, yearly","5min, 15min, hourly",Forecasted by Electricity Maps,"24h, 48h, 72h","5min, 15min, hourly"
Barbados,BB,C,Fossil Only Carbon Intensity,2017-01-01T00:00:00.000Z,"5min, 15min, hourly, daily, monthly, quarterly, yearly","5min, 15min, hourly",Forecasted by Electricity Maps,"24h, 48h, 72h","5min, 15min, hourly"
Barbados,BB,C,Carbon Intensity,2017-01-01T00:00:00.000Z,"5min, 15min, hourly, daily, monthly, quarterly, yearly","5min, 15min, hourly",Forecasted by Electricity Maps,"24h, 48h, 72h","5min, 15min, hourly"
Barbados,BB,C,Electricity Flows,2017-01-01T00:00:00.000Z,"5min, 15min, hourly, daily, monthly, quarterly, yearly","5min, 15min, hourly",Forecasted by Electricity Maps,"24h, 48h, 72h","5min, 15min, hourly"
Barbados,BB,C,Total Load,2017-01-01T00:00:00.000Z,"5min, 15min, hourly, daily, monthly, quarterly, yearly","5min, 15min, hourly",Forecasted by Electricity Maps,"24h, 48h, 72h","5min, 15min, hourly"
Barbados,BB,C,Electricity Mix,2017-01-01T00:00:00.000Z,"5min, 15min, hourly, daily, monthly, quarterly, yearly","5min, 15min, hourly",Forecasted by Electricity Maps,"24h, 48h, 72h","5min, 15min, hourly"
Barbados,BB,C,Total Reported Load,2019-01-01T00:00:00.000Z,"5min, 15min, hourly","5min, 15min, hourly",Forecasted by Electricity Maps,"24h, 48h, 72h","5min, 15min, hourly"
Bangladesh,BD,A,Renewable Energy,2015-04-16T00:00:00.000Z,"5min, 15min, hourly, daily, monthly, quarterly, yearly","5min, 15min, hourly",Forecasted by Electricity Maps,"24h, 48h, 72h","5min, 15min, hourly"
Bangladesh,BD,A,Carbon Free Energy,2015-04-16T00:00:00.000Z,"5min, 15min, hourly, daily, monthly, quarterly, yearly","5min, 15min, hourly",Forecasted by Electricity Maps,"24h, 48h, 72h","5min, 15min, hourly"
Bangladesh,BD,A,Fossil Only Carbon Intensity,2015-04-16T00:00:00.000Z,"5min, 15min, hourly, daily, monthly, quarterly, yearly","5min, 15min, hourly",Forecasted by Electricity Maps,"24h, 48h, 72h","5min, 15min, hourly"
Bangladesh,BD,A,Carbon Intensity,2015-04-16T00:00:00.000Z,"5min, 15min, hourly, daily, monthly, quarterly, yearly","5min, 15min, hourly",Forecasted by Electricity Maps,"24h, 48h, 72h","5min, 15min, hourly"
Bangladesh,BD,A,Electricity Flows,2015-04-16T00:00:00.000Z,"5min, 15min, hourly, daily, monthly, quarterly, yearly","5min, 15min, hourly",Forecasted by Electricity Maps,"24h, 48h, 72h","5min, 15min, hourly"
Bangladesh,BD,A,Total Load,2015-04-16T00:00:00.000Z,"5min, 15min, hourly, daily, monthly, quarterly, yearly","5min, 15min, hourly",Forecasted by Electricity Maps,"24h, 48h, 72h","5min, 15min, hourly"
Bangladesh,BD,A,Electricity Mix,2015-04-16T00:00:00.000Z,"5min, 15min, hourly, daily, monthly, quarterly, yearly","5min, 15min, hourly",Forecasted by Electricity Maps,"24h, 48h, 72h","5min, 15min, hourly"
Bangladesh,BD,A,Total Reported Load,2018-01-01T00:00:00.000Z,"5min, 15min, hourly","5min, 15min, hourly",Forecasted by Electricity Maps,"24h, 48h, 72h","5min, 15min, hourly"
Burkina Faso,BF,C,Renewable Energy,2017-01-01T00:00:00.000Z,"5min, 15min, hourly, daily, monthly, quarterly, yearly","5min, 15min, hourly",Forecasted by Electricity Maps,"24h, 48h, 72h","5min, 15min, hourly"
Burkina Faso,BF,C,Carbon Free Energy,2017-01-01T00:00:00.000Z,"5min, 15min, hourly, daily, monthly, quarterly, yearly","5min, 15min, hourly",Forecasted by Electricity Maps,"24h, 48h, 72h","5min, 15min, hourly"
Burkina Faso,BF,C,Fossil Only Carbon Intensity,2017-01-01T00:00:00.000Z,"5min, 15min, hourly, daily, monthly, quarterly, yearly","5min, 15min, hourly",Forecasted by Electricity Maps,"24h, 48h, 72h","5min, 15min, hourly"
Burkina Faso,BF,C,Carbon Intensity,2017-01-01T00:00:00.000Z,"5min, 15min, hourly, daily, monthly, quarterly, yearly","5min, 15min, hourly",Forecasted by Electricity Maps,"24h, 48h, 72h","5min, 15min, hourly"
Burkina Faso,BF,C,Electricity Flows,2017-01-01T00:00:00.000Z,"5min, 15min, hourly, daily, monthly, quarterly, yearly","5min, 15min, hourly",Forecasted by Electricity Maps,"24h, 48h, 72h","5min, 15min, hourly"
Burkina Faso,BF,C,Total Load,2017-01-01T00:00:00.000Z,"5min, 15min, hourly, daily, monthly, quarterly, yearly","5min, 15min, hourly",Forecasted by Electricity Maps,"24h, 48h, 72h","5min, 15min, hourly"
Burkina Faso,BF,C,Electricity Mix,2017-01-01T00:00:00.000Z,"5min, 15min, hourly, daily, monthly, quarterly, yearly","5min, 15min, hourly",Forecasted by Electricity Maps,"24h, 48h, 72h","5min, 15min, hourly"
Bulgaria,BG,A,Price Day Ahead,2016-10-31T00:00:00.000Z,"5min, 15min, hourly, daily, monthly, quarterly, yearly","5min, 15min, hourly",Forecasted by Electricity Maps,"24h, 48h, 72h","5min, 15min, hourly"
Bulgaria,BG,A,Renewable Energy,2015-01-01T00:00:00.000Z,"5min, 15min, hourly, daily, monthly, quarterly, yearly","5min, 15min, hourly",Forecasted by Electricity Maps,"24h, 48h, 72h","5min, 15min, hourly"
Bulgaria,BG,A,Carbon Free Energy,2015-01-01T00:00:00.000Z,"5min, 15min, hourly, daily, monthly, quarterly, yearly","5min, 15min, hourly",Forecasted by Electricity Maps,"24h, 48h, 72h","5min, 15min, hourly"
Bulgaria,BG,A,Fossil Only Carbon Intensity,2015-01-01T00:00:00.000Z,"5min, 15min, hourly, daily, monthly, quarterly, yearly","5min, 15min, hourly",Forecasted by Electricity Maps,"24h, 48h, 72h","5min, 15min, hourly"
Bulgaria,BG,A,Carbon Intensity,2015-01-01T00:00:00.000Z,"5min, 15min, hourly, daily, monthly, quarterly, yearly","5min, 15min, hourly",Forecasted by Electricity Maps,"24h, 48h, 72h","5min, 15min, hourly"
Bulgaria,BG,A,Electricity Flows,2015-01-01T00:00:00.000Z,"5min, 15min, hourly, daily, monthly, quarterly, yearly","5min, 15min, hourly",Forecasted by Electricity Maps,"24h, 48h, 72h","5min, 15min, hourly"
Bulgaria,BG,A,Total Load,2015-01-01T00:00:00.000Z,"5min, 15min, hourly, daily, monthly, quarterly, yearly","5min, 15min, hourly",Forecasted by Electricity Maps,"24h, 48h, 72h","5min, 15min, hourly"
Bulgaria,BG,A,Electricity Mix,2015-01-01T00:00:00.000Z,"5min, 15min, hourly, daily, monthly, quarterly, yearly","5min, 15min, hourly",Forecasted by Electricity Maps,"24h, 48h, 72h","5min, 15min, hourly"
Bulgaria,BG,A,Total Reported Load,2018-01-01T00:00:00.000Z,"5min, 15min, hourly","5min, 15min, hourly",Forecasted by Electricity Maps,"24h, 48h, 72h","5min, 15min, hourly"
Bahrain,BH,C,Renewable Energy,2017-01-01T00:00:00.000Z,"5min, 15min, hourly, daily, monthly, quarterly, yearly","5min, 15min, hourly",Forecasted by Electricity Maps,"24h, 48h, 72h","5min, 15min, hourly"
Bahrain,BH,C,Carbon Free Energy,2017-01-01T00:00:00.000Z,"5min, 15min, hourly, daily, monthly, quarterly, yearly","5min, 15min, hourly",Forecasted by Electricity Maps,"24h, 48h, 72h","5min, 15min, hourly"
Bahrain,BH,C,Fossil Only Carbon Intensity,2017-01-01T00:00:00.000Z,"5min, 15min, hourly, daily, monthly, quarterly, yearly","5min, 15min, hourly",Forecasted by Electricity Maps,"24h, 48h, 72h","5min, 15min, hourly"
Bahrain,BH,C,Carbon Intensity,2017-01-01T00:00:00.000Z,"5min, 15min, hourly, daily, monthly, quarterly, yearly","5min, 15min, hourly",Forecasted by Electricity Maps,"24h, 48h, 72h","5min, 15min, hourly"
Bahrain,BH,C,Electricity Flows,2017-01-01T00:00:00.000Z,"5min, 15min, hourly, daily, monthly, quarterly, yearly","5min, 15min, hourly",Forecasted by Electricity Maps,"24h, 48h, 72h","5min, 15min, hourly"
Bahrain,BH,C,Total Load,2017-01-01T00:00:00.000Z,"5min, 15min, hourly, daily, monthly, quarterly, yearly","5min, 15min, hourly",Forecasted by Electricity Maps,"24h, 48h, 72h","5min, 15min, hourly"
Bahrain,BH,C,Electricity Mix,2017-01-01T00:00:00.000Z,"5min, 15min, hourly, daily, monthly, quarterly, yearly","5min, 15min, hourly",Forecasted by Electricity Maps,"24h, 48h, 72h","5min, 15min, hourly"
Bahrain,BH,C,Total Reported Load,2019-01-01T00:00:00.000Z,"5min, 15min, hourly","5min, 15min, hourly",Forecasted by Electricity Maps,"24h, 48h, 72h","5min, 15min, hourly"
Burundi,BI,C,Renewable Energy,2017-01-01T00:00:00.000Z,"5min, 15min, hourly, daily, monthly, quarterly, yearly","5min, 15min, hourly",Forecasted by Electricity Maps,"24h, 48h, 72h","5min, 15min, hourly"
Burundi,BI,C,Carbon Free Energy,2017-01-01T00:00:00.000Z,"5min, 15min, hourly, daily, monthly, quarterly, yearly","5min, 15min, hourly",Forecasted by Electricity Maps,"24h, 48h, 72h","5min, 15min, hourly"
Burundi,BI,C,Fossil Only Carbon Intensity,2017-01-01T00:00:00.000Z,"5min, 15min, hourly, daily, monthly, quarterly, yearly","5min, 15min, hourly",Forecasted by Electricity Maps,"24h, 48h, 72h","5min, 15min, hourly"
Burundi,BI,C,Carbon Intensity,2017-01-01T00:00:00.000Z,"5min, 15min, hourly, daily, monthly, quarterly, yearly","5min, 15min, hourly",Forecasted by Electricity Maps,"24h, 48h, 72h","5min, 15min, hourly"
Burundi,BI,C,Electricity Flows,2017-01-01T00:00:00.000Z,"5min, 15min, hourly, daily, monthly, quarterly, yearly","5min, 15min, hourly",Forecasted by Electricity Maps,"24h, 48h, 72h","5min, 15min, hourly"
Burundi,BI,C,Total Load,2017-01-01T00:00:00.000Z,"5min, 15min, hourly, daily, monthly, quarterly, yearly","5min, 15min, hourly",Forecasted by Electricity Maps,"24h, 48h, 72h","5min, 15min, hourly"
Burundi,BI,C,Electricity Mix,2017-01-01T00:00:00.000Z,"5min, 15min, hourly, daily, monthly, quarterly, yearly","5min, 15min, hourly",Forecasted by Electricity Maps,"24h, 48h, 72h","5min, 15min, hourly"
Benin,BJ,C,Renewable Energy,2017-01-01T00:00:00.000Z,"5min, 15min, hourly, daily, monthly, quarterly, yearly","5min, 15min, hourly",Forecasted by Electricity Maps,"24h, 48h, 72h","5min, 15min, hourly"
Benin,BJ,C,Carbon Free Energy,2017-01-01T00:00:00.000Z,"5min, 15min, hourly, daily, monthly, quarterly, yearly","5min, 15min, hourly",Forecasted by Electricity Maps,"24h, 48h, 72h","5min, 15min, hourly"
Benin,BJ,C,Fossil Only Carbon Intensity,2017-01-01T00:00:00.000Z,"5min, 15min, hourly, daily, monthly, quarterly, yearly","5min, 15min, hourly",Forecasted by Electricity Maps,"24h, 48h, 72h","5min, 15min, hourly"
Benin,BJ,C,Carbon Intensity,2017-01-01T00:00:00.000Z,"5min, 15min, hourly, daily, monthly, quarterly, yearly","5min, 15min, hourly",Forecasted by Electricity Maps,"24h, 48h, 72h","5min, 15min, hourly"
Benin,BJ,C,Electricity Flows,2017-01-01T00:00:00.000Z,"5min, 15min, hourly, daily, monthly, quarterly, yearly","5min, 15min, hourly",Forecasted by Electricity Maps,"24h, 48h, 72h","5min, 15min, hourly"
Benin,BJ,C,Total Load,2017-01-01T00:00:00.000Z,"5min, 15min, hourly, daily, monthly, quarterly, yearly","5min, 15min, hourly",Forecasted by Electricity Maps,"24h, 48h, 72h","5min, 15min, hourly"
Benin,BJ,C,Electricity Mix,2017-01-01T00:00:00.000Z,"5min, 15min, hourly, daily, monthly, quarterly, yearly","5min, 15min, hourly",Forecasted by Electricity Maps,"24h, 48h, 72h","5min, 15min, hourly"
Brunei,BN,C,Renewable Energy,2017-01-01T00:00:00.000Z,"5min, 15min, hourly, daily, monthly, quarterly, yearly","5min, 15min, hourly",Forecasted by Electricity Maps,"24h, 48h, 72h","5min, 15min, hourly"
Brunei,BN,C,Carbon Free Energy,2017-01-01T00:00:00.000Z,"5min, 15min, hourly, daily, monthly, quarterly, yearly","5min, 15min, hourly",Forecasted by Electricity Maps,"24h, 48h, 72h","5min, 15min, hourly"
Brunei,BN,C,Fossil Only Carbon Intensity,2017-01-01T00:00:00.000Z,"5min, 15min, hourly, daily, monthly, quarterly, yearly","5min, 15min, hourly",Forecasted by Electricity Maps,"24h, 48h, 72h","5min, 15min, hourly"
Brunei,BN,C,Carbon Intensity,2017-01-01T00:00:00.000Z,"5min, 15min, hourly, daily, monthly, quarterly, yearly","5min, 15min, hourly",Forecasted by Electricity Maps,"24h, 48h, 72h","5min, 15min, hourly"
Brunei,BN,C,Electricity Flows,2017-01-01T00:00:00.000Z,"5min, 15min, hourly, daily, monthly, quarterly, yearly","5min, 15min, hourly",Forecasted by Electricity Maps,"24h, 48h, 72h","5min, 15min, hourly"
Brunei,BN,C,Total Load,2017-01-01T00:00:00.000Z,"5min, 15min, hourly, daily, monthly, quarterly, yearly","5min, 15min, hourly",Forecasted by Electricity Maps,"24h, 48h, 72h","5min, 15min, hourly"
Brunei,BN,C,Electricity Mix,2017-01-01T00:00:00.000Z,"5min, 15min, hourly, daily, monthly, quarterly, yearly","5min, 15min, hourly",Forecasted by Electricity Maps,"24h, 48h, 72h","5min, 15min, hourly"
Bolivia,BO,A,Renewable Energy,2017-01-01T00:00:00.000Z,"5min, 15min, hourly, daily, monthly, quarterly, yearly","5min, 15min, hourly",Forecasted by Electricity Maps,"24h, 48h, 72h","5min, 15min, hourly"
Bolivia,BO,A,Carbon Free Energy,2017-01-01T00:00:00.000Z,"5min, 15min, hourly, daily, monthly, quarterly, yearly","5min, 15min, hourly",Forecasted by Electricity Maps,"24h, 48h, 72h","5min, 15min, hourly"
Bolivia,BO,A,Fossil Only Carbon Intensity,2017-01-01T00:00:00.000Z,"5min, 15min, hourly, daily, monthly, quarterly, yearly","5min, 15min, hourly",Forecasted by Electricity Maps,"24h, 48h, 72h","5min, 15min, hourly"
Bolivia,BO,A,Carbon Intensity,2017-01-01T00:00:00.000Z,"5min, 15min, hourly, daily, monthly, quarterly, yearly","5min, 15min, hourly",Forecasted by Electricity Maps,"24h, 48h, 72h","5min, 15min, hourly"
Bolivia,BO,A,Electricity Flows,2017-01-01T00:00:00.000Z,"5min, 15min, hourly, daily, monthly, quarterly, yearly","5min, 15min, hourly",Forecasted by Electricity Maps,"24h, 48h, 72h","5min, 15min, hourly"
Bolivia,BO,A,Total Load,2017-01-01T00:00:00.000Z,"5min, 15min, hourly, daily, monthly, quarterly, yearly","5min, 15min, hourly",Forecasted by Electricity Maps,"24h, 48h, 72h","5min, 15min, hourly"
Bolivia,BO,A,Electricity Mix,2017-01-01T00:00:00.000Z,"5min, 15min, hourly, daily, monthly, quarterly, yearly","5min, 15min, hourly",Forecasted by Electricity Maps,"24h, 48h, 72h","5min, 15min, hourly"
Central Brazil,BR-CS,A,Renewable Energy,2017-01-01T00:00:00.000Z,"5min, 15min, hourly, daily, monthly, quarterly, yearly","5min, 15min, hourly",Forecasted by Electricity Maps,"24h, 48h, 72h","5min, 15min, hourly"
Central Brazil,BR-CS,A,Carbon Free Energy,2017-01-01T00:00:00.000Z,"5min, 15min, hourly, daily, monthly, quarterly, yearly","5min, 15min, hourly",Forecasted by Electricity Maps,"24h, 48h, 72h","5min, 15min, hourly"
Central Brazil,BR-CS,A,Fossil Only Carbon Intensity,2017-01-01T00:00:00.000Z,"5min, 15min, hourly, daily, monthly, quarterly, yearly","5min, 15min, hourly",Forecasted by Electricity Maps,"24h, 48h, 72h","5min, 15min, hourly"
Central Brazil,BR-CS,A,Carbon Intensity,2017-01-01T00:00:00.000Z,"5min, 15min, hourly, daily, monthly, quarterly, yearly","5min, 15min, hourly",Forecasted by Electricity Maps,"24h, 48h, 72h","5min, 15min, hourly"
Central Brazil,BR-CS,A,Electricity Flows,2017-01-01T00:00:00.000Z,"5min, 15min, hourly, daily, monthly, quarterly, yearly","5min, 15min, hourly",Forecasted by Electricity Maps,"24h, 48h, 72h","5min, 15min, hourly"
Central Brazil,BR-CS,A,Total Load,2017-01-01T00:00:00.000Z,"5min, 15min, hourly, daily, monthly, quarterly, yearly","5min, 15min, hourly",Forecasted by Electricity Maps,"24h, 48h, 72h","5min, 15min, hourly"
Central Brazil,BR-CS,A,Electricity Mix,2017-01-01T00:00:00.000Z,"5min, 15min, hourly, daily, monthly, quarterly, yearly","5min, 15min, hourly",Forecasted by Electricity Maps,"24h, 48h, 72h","5min, 15min, hourly"
North Brazil,BR-N,A,Renewable Energy,2017-01-01T00:00:00.000Z,"5min, 15min, hourly, daily, monthly, quarterly, yearly","5min, 15min, hourly",Forecasted by Electricity Maps,"24h, 48h, 72h","5min, 15min, hourly"
North Brazil,BR-N,A,Carbon Free Energy,2017-01-01T00:00:00.000Z,"5min, 15min, hourly, daily, monthly, quarterly, yearly","5min, 15min, hourly",Forecasted by Electricity Maps,"24h, 48h, 72h","5min, 15min, hourly"
North Brazil,BR-N,A,Fossil Only Carbon Intensity,2017-01-01T00:00:00.000Z,"5min, 15min, hourly, daily, monthly, quarterly, yearly","5min, 15min, hourly",Forecasted by Electricity Maps,"24h, 48h, 72h","5min, 15min, hourly"
North Brazil,BR-N,A,Carbon Intensity,2017-01-01T00:00:00.000Z,"5min, 15min, hourly, daily, monthly, quarterly, yearly","5min, 15min, hourly",Forecasted by Electricity Maps,"24h, 48h, 72h","5min, 15min, hourly"
North Brazil,BR-N,A,Electricity Flows,2017-01-01T00:00:00.000Z,"5min, 15min, hourly, daily, monthly, quarterly, yearly","5min, 15min, hourly",Forecasted by Electricity Maps,"24h, 48h, 72h","5min, 15min, hourly"
North Brazil,BR-N,A,Total Load,2017-01-01T00:00:00.000Z,"5min, 15min, hourly, daily, monthly, quarterly, yearly","5min, 15min, hourly",Forecasted by Electricity Maps,"24h, 48h, 72h","5min, 15min, hourly"
North Brazil,BR-N,A,Electricity Mix,2017-01-01T00:00:00.000Z,"5min, 15min, hourly, daily, monthly, quarterly, yearly","5min, 15min, hourly",Forecasted by Electricity Maps,"24h, 48h, 72h","5min, 15min, hourly"
North-East Brazil,BR-NE,A,Renewable Energy,2017-01-01T00:00:00.000Z,"5min, 15min, hourly, daily, monthly, quarterly, yearly","5min, 15min, hourly",Forecasted by Electricity Maps,"24h, 48h, 72h","5min, 15min, hourly"
North-East Brazil,BR-NE,A,Carbon Free Energy,2017-01-01T00:00:00.000Z,"5min, 15min, hourly, daily, monthly, quarterly, yearly","5min, 15min, hourly",Forecasted by Electricity Maps,"24h, 48h, 72h","5min, 15min, hourly"
North-East Brazil,BR-NE,A,Fossil Only Carbon Intensity,2017-01-01T00:00:00.000Z,"5min, 15min, hourly, daily, monthly, quarterly, yearly","5min, 15min, hourly",Forecasted by Electricity Maps,"24h, 48h, 72h","5min, 15min, hourly"
North-East Brazil,BR-NE,A,Carbon Intensity,2017-01-01T00:00:00.000Z,"5min, 15min, hourly, daily, monthly, quarterly, yearly","5min, 15min, hourly",Forecasted by Electricity Maps,"24h, 48h, 72h","5min, 15min, hourly"
North-East Brazil,BR-NE,A,Electricity Flows,2017-01-01T00:00:00.000Z,"5min, 15min, hourly, daily, monthly, quarterly, yearly","5min, 15min, hourly",Forecasted by Electricity Maps,"24h, 48h, 72h","5min, 15min, hourly"
North-East Brazil,BR-NE,A,Total Load,2017-01-01T00:00:00.000Z,"5min, 15min, hourly, daily, monthly, quarterly, yearly","5min, 15min, hourly",Forecasted by Electricity Maps,"24h, 48h, 72h","5min, 15min, hourly"
North-East Brazil,BR-NE,A,Electricity Mix,2017-01-01T00:00:00.000Z,"5min, 15min, hourly, daily, monthly, quarterly, yearly","5min, 15min, hourly",Forecasted by Electricity Maps,"24h, 48h, 72h","5min, 15min, hourly"
South Brazil,BR-S,A,Renewable Energy,2017-01-01T00:00:00.000Z,"5min, 15min, hourly, daily, monthly, quarterly, yearly","5min, 15min, hourly",Forecasted by Electricity Maps,"24h, 48h, 72h","5min, 15min, hourly"
South Brazil,BR-S,A,Carbon Free Energy,2017-01-01T00:00:00.000Z,"5min, 15min, hourly, daily, monthly, quarterly, yearly","5min, 15min, hourly",Forecasted by Electricity Maps,"24h, 48h, 72h","5min, 15min, hourly"
South Brazil,BR-S,A,Fossil Only Carbon Intensity,2017-01-01T00:00:00.000Z,"5min, 15min, hourly, daily, monthly, quarterly, yearly","5min, 15min, hourly",Forecasted by Electricity Maps,"24h, 48h, 72h","5min, 15min, hourly"
South Brazil,BR-S,A,Carbon Intensity,2017-01-01T00:00:00.000Z,"5min, 15min, hourly, daily, monthly, quarterly, yearly","5min, 15min, hourly",Forecasted by Electricity Maps,"24h, 48h, 72h","5min, 15min, hourly"
South Brazil,BR-S,A,Electricity Flows,2017-01-01T00:00:00.000Z,"5min, 15min, hourly, daily, monthly, quarterly, yearly","5min, 15min, hourly",Forecasted by Electricity Maps,"24h, 48h, 72h","5min, 15min, hourly"
South Brazil,BR-S,A,Total Load,2017-01-01T00:00:00.000Z,"5min, 15min, hourly, daily, monthly, quarterly, yearly","5min, 15min, hourly",Forecasted by Electricity Maps,"24h, 48h, 72h","5min, 15min, hourly"
South Brazil,BR-S,A,Electricity Mix,2017-01-01T00:00:00.000Z,"5min, 15min, hourly, daily, monthly, quarterly, yearly","5min, 15min, hourly",Forecasted by Electricity Maps,"24h, 48h, 72h","5min, 15min, hourly"
Bahamas,BS,C,Renewable Energy,2017-01-01T00:00:00.000Z,"5min, 15min, hourly, daily, monthly, quarterly, yearly","5min, 15min, hourly",Forecasted by Electricity Maps,"24h, 48h, 72h","5min, 15min, hourly"
Bahamas,BS,C,Carbon Free Energy,2017-01-01T00:00:00.000Z,"5min, 15min, hourly, daily, monthly, quarterly, yearly","5min, 15min, hourly",Forecasted by Electricity Maps,"24h, 48h, 72h","5min, 15min, hourly"
Bahamas,BS,C,Fossil Only Carbon Intensity,2017-01-01T00:00:00.000Z,"5min, 15min, hourly, daily, monthly, quarterly, yearly","5min, 15min, hourly",Forecasted by Electricity Maps,"24h, 48h, 72h","5min, 15min, hourly"
Bahamas,BS,C,Carbon Intensity,2017-01-01T00:00:00.000Z,"5min, 15min, hourly, daily, monthly, quarterly, yearly","5min, 15min, hourly",Forecasted by Electricity Maps,"24h, 48h, 72h","5min, 15min, hourly"
Bahamas,BS,C,Electricity Flows,2017-01-01T00:00:00.000Z,"5min, 15min, hourly, daily, monthly, quarterly, yearly","5min, 15min, hourly",Forecasted by Electricity Maps,"24h, 48h, 72h","5min, 15min, hourly"
Bahamas,BS,C,Total Load,2017-01-01T00:00:00.000Z,"5min, 15min, hourly, daily, monthly, quarterly, yearly","5min, 15min, hourly",Forecasted by Electricity Maps,"24h, 48h, 72h","5min, 15min, hourly"
Bahamas,BS,C,Electricity Mix,2017-01-01T00:00:00.000Z,"5min, 15min, hourly, daily, monthly, quarterly, yearly","5min, 15min, hourly",Forecasted by Electricity Maps,"24h, 48h, 72h","5min, 15min, hourly"
Bhutan,BT,C,Renewable Energy,2017-01-01T00:00:00.000Z,"5min, 15min, hourly, daily, monthly, quarterly, yearly","5min, 15min, hourly",Forecasted by Electricity Maps,"24h, 48h, 72h","5min, 15min, hourly"
Bhutan,BT,C,Carbon Free Energy,2017-01-01T00:00:00.000Z,"5min, 15min, hourly, daily, monthly, quarterly, yearly","5min, 15min, hourly",Forecasted by Electricity Maps,"24h, 48h, 72h","5min, 15min, hourly"
Bhutan,BT,C,Fossil Only Carbon Intensity,2017-01-01T00:00:00.000Z,"5min, 15min, hourly, daily, monthly, quarterly, yearly","5min, 15min, hourly",Forecasted by Electricity Maps,"24h, 48h, 72h","5min, 15min, hourly"
Bhutan,BT,C,Carbon Intensity,2017-01-01T00:00:00.000Z,"5min, 15min, hourly, daily, monthly, quarterly, yearly","5min, 15min, hourly",Forecasted by Electricity Maps,"24h, 48h, 72h","5min, 15min, hourly"
Bhutan,BT,C,Electricity Flows,2017-01-01T00:00:00.000Z,"5min, 15min, hourly, daily, monthly, quarterly, yearly","5min, 15min, hourly",Forecasted by Electricity Maps,"24h, 48h, 72h","5min, 15min, hourly"
Bhutan,BT,C,Total Load,2017-01-01T00:00:00.000Z,"5min, 15min, hourly, daily, monthly, quarterly, yearly","5min, 15min, hourly",Forecasted by Electricity Maps,"24h, 48h, 72h","5min, 15min, hourly"
Bhutan,BT,C,Electricity Mix,2017-01-01T00:00:00.000Z,"5min, 15min, hourly, daily, monthly, quarterly, yearly","5min, 15min, hourly",Forecasted by Electricity Maps,"24h, 48h, 72h","5min, 15min, hourly"
Botswana,BW,C,Renewable Energy,2017-01-01T00:00:00.000Z,"5min, 15min, hourly, daily, monthly, quarterly, yearly","5min, 15min, hourly",Forecasted by Electricity Maps,"24h, 48h, 72h","5min, 15min, hourly"
Botswana,BW,C,Carbon Free Energy,2017-01-01T00:00:00.000Z,"5min, 15min, hourly, daily, monthly, quarterly, yearly","5min, 15min, hourly",Forecasted by Electricity Maps,"24h, 48h, 72h","5min, 15min, hourly"
Botswana,BW,C,Fossil Only Carbon Intensity,2017-01-01T00:00:00.000Z,"5min, 15min, hourly, daily, monthly, quarterly, yearly","5min, 15min, hourly",Forecasted by Electricity Maps,"24h, 48h, 72h","5min, 15min, hourly"
Botswana,BW,C,Carbon Intensity,2017-01-01T00:00:00.000Z,"5min, 15min, hourly, daily, monthly, quarterly, yearly","5min, 15min, hourly",Forecasted by Electricity Maps,"24h, 48h, 72h","5min, 15min, hourly"
Botswana,BW,C,Electricity Flows,2017-01-01T00:00:00.000Z,"5min, 15min, hourly, daily, monthly, quarterly, yearly","5min, 15min, hourly",Forecasted by Electricity Maps,"24h, 48h, 72h","5min, 15min, hourly"
Botswana,BW,C,Total Load,2017-01-01T00:00:00.000Z,"5min, 15min, hourly, daily, monthly, quarterly, yearly","5min, 15min, hourly",Forecasted by Electricity Maps,"24h, 48h, 72h","5min, 15min, hourly"
Botswana,BW,C,Electricity Mix,2017-01-01T00:00:00.000Z,"5min, 15min, hourly, daily, monthly, quarterly, yearly","5min, 15min, hourly",Forecasted by Electricity Maps,"24h, 48h, 72h","5min, 15min, hourly"
Belarus,BY,C,Renewable Energy,2017-01-01T00:00:00.000Z,"5min, 15min, hourly, daily, monthly, quarterly, yearly","5min, 15min, hourly",Forecasted by Electricity Maps,"24h, 48h, 72h","5min, 15min, hourly"
Belarus,BY,C,Carbon Free Energy,2017-01-01T00:00:00.000Z,"5min, 15min, hourly, daily, monthly, quarterly, yearly","5min, 15min, hourly",Forecasted by Electricity Maps,"24h, 48h, 72h","5min, 15min, hourly"
Belarus,BY,C,Fossil Only Carbon Intensity,2017-01-01T00:00:00.000Z,"5min, 15min, hourly, daily, monthly, quarterly, yearly","5min, 15min, hourly",Forecasted by Electricity Maps,"24h, 48h, 72h","5min, 15min, hourly"
Belarus,BY,C,Carbon Intensity,2017-01-01T00:00:00.000Z,"5min, 15min, hourly, daily, monthly, quarterly, yearly","5min, 15min, hourly",Forecasted by Electricity Maps,"24h, 48h, 72h","5min, 15min, hourly"
Belarus,BY,C,Electricity Flows,2017-01-01T00:00:00.000Z,"5min, 15min, hourly, daily, monthly, quarterly, yearly","5min, 15min, hourly",Forecasted by Electricity Maps,"24h, 48h, 72h","5min, 15min, hourly"
Belarus,BY,C,Total Load,2017-01-01T00:00:00.000Z,"5min, 15min, hourly, daily, monthly, quarterly, yearly","5min, 15min, hourly",Forecasted by Electricity Maps,"24h, 48h, 72h","5min, 15min, hourly"
Belarus,BY,C,Electricity Mix,2017-01-01T00:00:00.000Z,"5min, 15min, hourly, daily, monthly, quarterly, yearly","5min, 15min, hourly",Forecasted by Electricity Maps,"24h, 48h, 72h","5min, 15min, hourly"
Belize,BZ,C,Renewable Energy,2017-01-01T00:00:00.000Z,"5min, 15min, hourly, daily, monthly, quarterly, yearly","5min, 15min, hourly",Forecasted by Electricity Maps,"24h, 48h, 72h","5min, 15min, hourly"
Belize,BZ,C,Carbon Free Energy,2017-01-01T00:00:00.000Z,"5min, 15min, hourly, daily, monthly, quarterly, yearly","5min, 15min, hourly",Forecasted by Electricity Maps,"24h, 48h, 72h","5min, 15min, hourly"
Belize,BZ,C,Fossil Only Carbon Intensity,2017-01-01T00:00:00.000Z,"5min, 15min, hourly, daily, monthly, quarterly, yearly","5min, 15min, hourly",Forecasted by Electricity Maps,"24h, 48h, 72h","5min, 15min, hourly"
Belize,BZ,C,Carbon Intensity,2017-01-01T00:00:00.000Z,"5min, 15min, hourly, daily, monthly, quarterly, yearly","5min, 15min, hourly",Forecasted by Electricity Maps,"24h, 48h, 72h","5min, 15min, hourly"
Belize,BZ,C,Electricity Flows,2017-01-01T00:00:00.000Z,"5min, 15min, hourly, daily, monthly, quarterly, yearly","5min, 15min, hourly",Forecasted by Electricity Maps,"24h, 48h, 72h","5min, 15min, hourly"
Belize,BZ,C,Total Load,2017-01-01T00:00:00.000Z,"5min, 15min, hourly, daily, monthly, quarterly, yearly","5min, 15min, hourly",Forecasted by Electricity Maps,"24h, 48h, 72h","5min, 15min, hourly"
Belize,BZ,C,Electricity Mix,2017-01-01T00:00:00.000Z,"5min, 15min, hourly, daily, monthly, quarterly, yearly","5min, 15min, hourly",Forecasted by Electricity Maps,"24h, 48h, 72h","5min, 15min, hourly"
Alberta,CA-AB,A,Price Day Ahead,2017-04-24T00:00:00.000Z,"5min, 15min, hourly, daily, monthly, quarterly, yearly","5min, 15min, hourly",Forecasted by Electricity Maps,"24h, 48h, 72h","5min, 15min, hourly"
Alberta,CA-AB,A,Renewable Energy,2017-01-01T00:00:00.000Z,"5min, 15min, hourly, daily, monthly, quarterly, yearly","5min, 15min, hourly",Forecasted by Electricity Maps,"24h, 48h, 72h","5min, 15min, hourly"
Alberta,CA-AB,A,Carbon Free Energy,2017-01-01T00:00:00.000Z,"5min, 15min, hourly, daily, monthly, quarterly, yearly","5min, 15min, hourly",Forecasted by Electricity Maps,"24h, 48h, 72h","5min, 15min, hourly"
Alberta,CA-AB,A,Fossil Only Carbon Intensity,2017-01-01T00:00:00.000Z,"5min, 15min, hourly, daily, monthly, quarterly, yearly","5min, 15min, hourly",Forecasted by Electricity Maps,"24h, 48h, 72h","5min, 15min, hourly"
Alberta,CA-AB,A,Carbon Intensity,2017-01-01T00:00:00.000Z,"5min, 15min, hourly, daily, monthly, quarterly, yearly","5min, 15min, hourly",Forecasted by Electricity Maps,"24h, 48h, 72h","5min, 15min, hourly"
Alberta,CA-AB,A,Electricity Flows,2017-01-01T00:00:00.000Z,"5min, 15min, hourly, daily, monthly, quarterly, yearly","5min, 15min, hourly",Forecasted by Electricity Maps,"24h, 48h, 72h","5min, 15min, hourly"
Alberta,CA-AB,A,Total Load,2017-01-01T00:00:00.000Z,"5min, 15min, hourly, daily, monthly, quarterly, yearly","5min, 15min, hourly",Forecasted by Electricity Maps,"24h, 48h, 72h","5min, 15min, hourly"
Alberta,CA-AB,A,Electricity Mix,2017-01-01T00:00:00.000Z,"5min, 15min, hourly, daily, monthly, quarterly, yearly","5min, 15min, hourly",Forecasted by Electricity Maps,"24h, 48h, 72h","5min, 15min, hourly"
British Columbia,CA-BC,C,Renewable Energy,2017-01-01T00:00:00.000Z,"5min, 15min, hourly, daily, monthly, quarterly, yearly","5min, 15min, hourly",Forecasted by Electricity Maps,"24h, 48h, 72h","5min, 15min, hourly"
British Columbia,CA-BC,C,Carbon Free Energy,2017-01-01T00:00:00.000Z,"5min, 15min, hourly, daily, monthly, quarterly, yearly","5min, 15min, hourly",Forecasted by Electricity Maps,"24h, 48h, 72h","5min, 15min, hourly"
British Columbia,CA-BC,C,Fossil Only Carbon Intensity,2017-01-01T00:00:00.000Z,"5min, 15min, hourly, daily, monthly, quarterly, yearly","5min, 15min, hourly",Forecasted by Electricity Maps,"24h, 48h, 72h","5min, 15min, hourly"
British Columbia,CA-BC,C,Carbon Intensity,2017-01-01T00:00:00.000Z,"5min, 15min, hourly, daily, monthly, quarterly, yearly","5min, 15min, hourly",Forecasted by Electricity Maps,"24h, 48h, 72h","5min, 15min, hourly"
British Columbia,CA-BC,C,Electricity Flows,2017-01-01T00:00:00.000Z,"5min, 15min, hourly, daily, monthly, quarterly, yearly","5min, 15min, hourly",Forecasted by Electricity Maps,"24h, 48h, 72h","5min, 15min, hourly"
British Columbia,CA-BC,C,Total Load,2017-01-01T00:00:00.000Z,"5min, 15min, hourly, daily, monthly, quarterly, yearly","5min, 15min, hourly",Forecasted by Electricity Maps,"24h, 48h, 72h","5min, 15min, hourly"
British Columbia,CA-BC,C,Electricity Mix,2017-01-01T00:00:00.000Z,"5min, 15min, hourly, daily, monthly, quarterly, yearly","5min, 15min, hourly",Forecasted by Electricity Maps,"24h, 48h, 72h","5min, 15min, hourly"
British Columbia,CA-BC,C,Total Reported Load,2019-01-01T00:00:00.000Z,"5min, 15min, hourly","5min, 15min, hourly",Forecasted by Electricity Maps,"24h, 48h, 72h","5min, 15min, hourly"
Manitoba,CA-MB,C,Renewable Energy,2017-01-01T00:00:00.000Z,"5min, 15min, hourly, daily, monthly, quarterly, yearly","5min, 15min, hourly",Forecasted by Electricity Maps,"24h, 48h, 72h","5min, 15min, hourly"
Manitoba,CA-MB,C,Carbon Free Energy,2017-01-01T00:00:00.000Z,"5min, 15min, hourly, daily, monthly, quarterly, yearly","5min, 15min, hourly",Forecasted by Electricity Maps,"24h, 48h, 72h","5min, 15min, hourly"
Manitoba,CA-MB,C,Fossil Only Carbon Intensity,2017-01-01T00:00:00.000Z,"5min, 15min, hourly, daily, monthly, quarterly, yearly","5min, 15min, hourly",Forecasted by Electricity Maps,"24h, 48h, 72h","5min, 15min, hourly"
Manitoba,CA-MB,C,Carbon Intensity,2017-01-01T00:00:00.000Z,"5min, 15min, hourly, daily, monthly, quarterly, yearly","5min, 15min, hourly",Forecasted by Electricity Maps,"24h, 48h, 72h","5min, 15min, hourly"
Manitoba,CA-MB,C,Electricity Flows,2017-01-01T00:00:00.000Z,"5min, 15min, hourly, daily, monthly, quarterly, yearly","5min, 15min, hourly",Forecasted by Electricity Maps,"24h, 48h, 72h","5min, 15min, hourly"
Manitoba,CA-MB,C,Total Load,2017-01-01T00:00:00.000Z,"5min, 15min, hourly, daily, monthly, quarterly, yearly","5min, 15min, hourly",Forecasted by Electricity Maps,"24h, 48h, 72h","5min, 15min, hourly"
Manitoba,CA-MB,C,Electricity Mix,2017-01-01T00:00:00.000Z,"5min, 15min, hourly, daily, monthly, quarterly, yearly","5min, 15min, hourly",Forecasted by Electricity Maps,"24h, 48h, 72h","5min, 15min, hourly"
New Brunswick,CA-NB,C,Renewable Energy,2017-01-01T00:00:00.000Z,"5min, 15min, hourly, daily, monthly, quarterly, yearly","5min, 15min, hourly",Forecasted by Electricity Maps,"24h, 48h, 72h","5min, 15min, hourly"
New Brunswick,CA-NB,C,Carbon Free Energy,2017-01-01T00:00:00.000Z,"5min, 15min, hourly, daily, monthly, quarterly, yearly","5min, 15min, hourly",Forecasted by Electricity Maps,"24h, 48h, 72h","5min, 15min, hourly"
New Brunswick,CA-NB,C,Fossil Only Carbon Intensity,2017-01-01T00:00:00.000Z,"5min, 15min, hourly, daily, monthly, quarterly, yearly","5min, 15min, hourly",Forecasted by Electricity Maps,"24h, 48h, 72h","5min, 15min, hourly"
New Brunswick,CA-NB,C,Carbon Intensity,2017-01-01T00:00:00.000Z,"5min, 15min, hourly, daily, monthly, quarterly, yearly","5min, 15min, hourly",Forecasted by Electricity Maps,"24h, 48h, 72h","5min, 15min, hourly"
New Brunswick,CA-NB,C,Electricity Flows,2017-01-01T00:00:00.000Z,"5min, 15min, hourly, daily, monthly, quarterly, yearly","5min, 15min, hourly",Forecasted by Electricity Maps,"24h, 48h, 72h","5min, 15min, hourly"
New Brunswick,CA-NB,C,Total Load,2017-01-01T00:00:00.000Z,"5min, 15min, hourly, daily, monthly, quarterly, yearly","5min, 15min, hourly",Forecasted by Electricity Maps,"24h, 48h, 72h","5min, 15min, hourly"
New Brunswick,CA-NB,C,Electricity Mix,2017-01-01T00:00:00.000Z,"5min, 15min, hourly, daily, monthly, quarterly, yearly","5min, 15min, hourly",Forecasted by Electricity Maps,"24h, 48h, 72h","5min, 15min, hourly"
Newfoundland and Labrador,CA-NL,C,Renewable Energy,2017-01-01T00:00:00.000Z,"5min, 15min, hourly, daily, monthly, quarterly, yearly","5min, 15min, hourly",Forecasted by Electricity Maps,"24h, 48h, 72h","5min, 15min, hourly"
Newfoundland and Labrador,CA-NL,C,Carbon Free Energy,2017-01-01T00:00:00.000Z,"5min, 15min, hourly, daily, monthly, quarterly, yearly","5min, 15min, hourly",Forecasted by Electricity Maps,"24h, 48h, 72h","5min, 15min, hourly"
Newfoundland and Labrador,CA-NL,C,Fossil Only Carbon Intensity,2017-01-01T00:00:00.000Z,"5min, 15min, hourly, daily, monthly, quarterly, yearly","5min, 15min, hourly",Forecasted by Electricity Maps,"24h, 48h, 72h","5min, 15min, hourly"
Newfoundland and Labrador,CA-NL,C,Carbon Intensity,2017-01-01T00:00:00.000Z,"5min, 15min, hourly, daily, monthly, quarterly, yearly","5min, 15min, hourly",Forecasted by Electricity Maps,"24h, 48h, 72h","5min, 15min, hourly"
Newfoundland and Labrador,CA-NL,C,Electricity Flows,2017-01-01T00:00:00.000Z,"5min, 15min, hourly, daily, monthly, quarterly, yearly","5min, 15min, hourly",Forecasted by Electricity Maps,"24h, 48h, 72h","5min, 15min, hourly"
Newfoundland and Labrador,CA-NL,C,Total Load,2017-01-01T00:00:00.000Z,"5min, 15min, hourly, daily, monthly, quarterly, yearly","5min, 15min, hourly",Forecasted by Electricity Maps,"24h, 48h, 72h","5min, 15min, hourly"
Newfoundland and Labrador,CA-NL,C,Electricity Mix,2017-01-01T00:00:00.000Z,"5min, 15min, hourly, daily, monthly, quarterly, yearly","5min, 15min, hourly",Forecasted by Electricity Maps,"24h, 48h, 72h","5min, 15min, hourly"
Nova Scotia,CA-NS,C,Renewable Energy,2017-01-01T00:00:00.000Z,"5min, 15min, hourly, daily, monthly, quarterly, yearly","5min, 15min, hourly",Forecasted by Electricity Maps,"24h, 48h, 72h","5min, 15min, hourly"
Nova Scotia,CA-NS,C,Carbon Free Energy,2017-01-01T00:00:00.000Z,"5min, 15min, hourly, daily, monthly, quarterly, yearly","5min, 15min, hourly",Forecasted by Electricity Maps,"24h, 48h, 72h","5min, 15min, hourly"
Nova Scotia,CA-NS,C,Fossil Only Carbon Intensity,2017-01-01T00:00:00.000Z,"5min, 15min, hourly, daily, monthly, quarterly, yearly","5min, 15min, hourly",Forecasted by Electricity Maps,"24h, 48h, 72h","5min, 15min, hourly"
Nova Scotia,CA-NS,C,Carbon Intensity,2017-01-01T00:00:00.000Z,"5min, 15min, hourly, daily, monthly, quarterly, yearly","5min, 15min, hourly",Forecasted by Electricity Maps,"24h, 48h, 72h","5min, 15min, hourly"
Nova Scotia,CA-NS,C,Electricity Flows,2017-01-01T00:00:00.000Z,"5min, 15min, hourly, daily, monthly, quarterly, yearly","5min, 15min, hourly",Forecasted by Electricity Maps,"24h, 48h, 72h","5min, 15min, hourly"
Nova Scotia,CA-NS,C,Total Load,2017-01-01T00:00:00.000Z,"5min, 15min, hourly, daily, monthly, quarterly, yearly","5min, 15min, hourly",Forecasted by Electricity Maps,"24h, 48h, 72h","5min, 15min, hourly"
Nova Scotia,CA-NS,C,Electricity Mix,2017-01-01T00:00:00.000Z,"5min, 15min, hourly, daily, monthly, quarterly, yearly","5min, 15min, hourly",Forecasted by Electricity Maps,"24h, 48h, 72h","5min, 15min, hourly"
Curaçao,CW,C,Renewable Energy,2017-01-01T00:00:00.000Z,"5min, 15min, hourly, daily, monthly, quarterly, yearly","5min, 15min, hourly",Forecasted by Electricity Maps,"24h, 48h, 72h","5min, 15min, hourly"
Curaçao,CW,C,Carbon Free Energy,2017-01-01T00:00:00.000Z,"5min, 15min, hourly, daily, monthly, quarterly, yearly","5min, 15min, hourly",Forecasted by Electricity Maps,"24h, 48h, 72h","5min, 15min, hourly"
Curaçao,CW,C,Fossil Only Carbon Intensity,2017-01-01T00:00:00.000Z,"5min, 15min, hourly, daily, monthly, quarterly, yearly","5min, 15min, hourly",Forecasted by Electricity Maps,"24h, 48h, 72h","5min, 15min, hourly"
Curaçao,CW,C,Carbon Intensity,2017-01-01T00:00:00.000Z,"5min, 15min, hourly, daily, monthly, quarterly, yearly","5min, 15min, hourly",Forecasted by Electricity Maps,"24h, 48h, 72h","5min, 15min, hourly"
Curaçao,CW,C,Electricity Flows,2017-01-01T00:00:00.000Z,"5min, 15min, hourly, daily, monthly, quarterly, yearly","5min, 15min, hourly",Forecasted by Electricity Maps,"24h, 48h, 72h","5min, 15min, hourly"
Curaçao,CW,C,Total Load,2017-01-01T00:00:00.000Z,"5min, 15min, hourly, daily, monthly, quarterly, yearly","5min, 15min, hourly",Forecasted by Electricity Maps,"24h, 48h, 72h","5min, 15min, hourly"
Curaçao,CW,C,Electricity Mix,2017-01-01T00:00:00.000Z,"5min, 15min, hourly, daily, monthly, quarterly, yearly","5min, 15min, hourly",Forecasted by Electricity Maps,"24h, 48h, 72h","5min, 15min, hourly"
Cyprus,CY,A,Renewable Energy,2017-01-01T00:00:00.000Z,"5min, 15min, hourly, daily, monthly, quarterly, yearly","5min, 15min, hourly",Forecasted by Electricity Maps,"24h, 48h, 72h","5min, 15min, hourly"
Cyprus,CY,A,Carbon Free Energy,2017-01-01T00:00:00.000Z,"5min, 15min, hourly, daily, monthly, quarterly, yearly","5min, 15min, hourly",Forecasted by Electricity Maps,"24h, 48h, 72h","5min, 15min, hourly"
Cyprus,CY,A,Fossil Only Carbon Intensity,2017-01-01T00:00:00.000Z,"5min, 15min, hourly, daily, monthly, quarterly, yearly","5min, 15min, hourly",Forecasted by Electricity Maps,"24h, 48h, 72h","5min, 15min, hourly"
Cyprus,CY,A,Carbon Intensity,2017-01-01T00:00:00.000Z,"5min, 15min, hourly, daily, monthly, quarterly, yearly","5min, 15min, hourly",Forecasted by Electricity Maps,"24h, 48h, 72h","5min, 15min, hourly"
Cyprus,CY,A,Electricity Flows,2017-01-01T00:00:00.000Z,"5min, 15min, hourly, daily, monthly, quarterly, yearly","5min, 15min, hourly",Forecasted by Electricity Maps,"24h, 48h, 72h","5min, 15min, hourly"
Cyprus,CY,A,Total Load,2017-01-01T00:00:00.000Z,"5min, 15min, hourly, daily, monthly, quarterly, yearly","5min, 15min, hourly",Forecasted by Electricity Maps,"24h, 48h, 72h","5min, 15min, hourly"
Cyprus,CY,A,Electricity Mix,2017-01-01T00:00:00.000Z,"5min, 15min, hourly, daily, monthly, quarterly, yearly","5min, 15min, hourly",Forecasted by Electricity Maps,"24h, 48h, 72h","5min, 15min, hourly"
Cyprus,CY,A,Total Reported Load,2019-01-01T00:00:00.000Z,"5min, 15min, hourly","5min, 15min, hourly",Forecasted by Electricity Maps,"24h, 48h, 72h","5min, 15min, hourly"
Czechia,CZ,A,Price Day Ahead,2015-01-01T00:00:00.000Z,"5min, 15min, hourly, daily, monthly, quarterly, yearly","5min, 15min, hourly",Forecasted by Electricity Maps,"24h, 48h, 72h","5min, 15min, hourly"
Czechia,CZ,A,Renewable Energy,2015-01-01T00:00:00.000Z,"5min, 15min, hourly, daily, monthly, quarterly, yearly","5min, 15min, hourly",Forecasted by Electricity Maps,"24h, 48h, 72h","5min, 15min, hourly"
Czechia,CZ,A,Carbon Free Energy,2015-01-01T00:00:00.000Z,"5min, 15min, hourly, daily, monthly, quarterly, yearly","5min, 15min, hourly",Forecasted by Electricity Maps,"24h, 48h, 72h","5min, 15min, hourly"
Czechia,CZ,A,Fossil Only Carbon Intensity,2015-01-01T00:00:00.000Z,"5min, 15min, hourly, daily, monthly, quarterly, yearly","5min, 15min, hourly",Forecasted by Electricity Maps,"24h, 48h, 72h","5min, 15min, hourly"
Czechia,CZ,A,Carbon Intensity,2015-01-01T00:00:00.000Z,"5min, 15min, hourly, daily, monthly, quarterly, yearly","5min, 15min, hourly",Forecasted by Electricity Maps,"24h, 48h, 72h","5min, 15min, hourly"
Czechia,CZ,A,Electricity Flows,2015-01-01T00:00:00.000Z,"5min, 15min, hourly, daily, monthly, quarterly, yearly","5min, 15min, hourly",Forecasted by Electricity Maps,"24h, 48h, 72h","5min, 15min, hourly"
Czechia,CZ,A,Total Load,2015-01-01T00:00:00.000Z,"5min, 15min, hourly, daily, monthly, quarterly, yearly","5min, 15min, hourly",Forecasted by Electricity Maps,"24h, 48h, 72h","5min, 15min, hourly"
Czechia,CZ,A,Electricity Mix,2015-01-01T00:00:00.000Z,"5min, 15min, hourly, daily, monthly, quarterly, yearly","5min, 15min, hourly",Forecasted by Electricity Maps,"24h, 48h, 72h","5min, 15min, hourly"
Czechia,CZ,A,Total Reported Load,2018-01-01T00:00:00.000Z,"5min, 15min, hourly","5min, 15min, hourly",Forecasted by Electricity Maps,"24h, 48h, 72h","5min, 15min, hourly"
Djibouti,DJ,C,Renewable Energy,2017-01-01T00:00:00.000Z,"5min, 15min, hourly, daily, monthly, quarterly, yearly","5min, 15min, hourly",Forecasted by Electricity Maps,"24h, 48h, 72h","5min, 15min, hourly"
Djibouti,DJ,C,Carbon Free Energy,2017-01-01T00:00:00.000Z,"5min, 15min, hourly, daily, monthly, quarterly, yearly","5min, 15min, hourly",Forecasted by Electricity Maps,"24h, 48h, 72h","5min, 15min, hourly"
Djibouti,DJ,C,Fossil Only Carbon Intensity,2017-01-01T00:00:00.000Z,"5min, 15min, hourly, daily, monthly, quarterly, yearly","5min, 15min, hourly",Forecasted by Electricity Maps,"24h, 48h, 72h","5min, 15min, hourly"
Djibouti,DJ,C,Carbon Intensity,2017-01-01T00:00:00.000Z,"5min, 15min, hourly, daily, monthly, quarterly, yearly","5min, 15min, hourly",Forecasted by Electricity Maps,"24h, 48h, 72h","5min, 15min, hourly"
Djibouti,DJ,C,Electricity Flows,2017-01-01T00:00:00.000Z,"5min, 15min, hourly, daily, monthly, quarterly, yearly","5min, 15min, hourly",Forecasted by Electricity Maps,"24h, 48h, 72h","5min, 15min, hourly"
Djibouti,DJ,C,Total Load,2017-01-01T00:00:00.000Z,"5min, 15min, hourly, daily, monthly, quarterly, yearly","5min, 15min, hourly",Forecasted by Electricity Maps,"24h, 48h, 72h","5min, 15min, hourly"
Djibouti,DJ,C,Electricity Mix,2017-01-01T00:00:00.000Z,"5min, 15min, hourly, daily, monthly, quarterly, yearly","5min, 15min, hourly",Forecasted by Electricity Maps,"24h, 48h, 72h","5min, 15min, hourly"
Dominica,DM,C,Renewable Energy,2017-01-01T00:00:00.000Z,"5min, 15min, hourly, daily, monthly, quarterly, yearly","5min, 15min, hourly",Forecasted by Electricity Maps,"24h, 48h, 72h","5min, 15min, hourly"
Dominica,DM,C,Carbon Free Energy,2017-01-01T00:00:00.000Z,"5min, 15min, hourly, daily, monthly, quarterly, yearly","5min, 15min, hourly",Forecasted by Electricity Maps,"24h, 48h, 72h","5min, 15min, hourly"
Dominica,DM,C,Fossil Only Carbon Intensity,2017-01-01T00:00:00.000Z,"5min, 15min, hourly, daily, monthly, quarterly, yearly","5min, 15min, hourly",Forecasted by Electricity Maps,"24h, 48h, 72h","5min, 15min, hourly"
Dominica,DM,C,Carbon Intensity,2017-01-01T00:00:00.000Z,"5min, 15min, hourly, daily, monthly, quarterly, yearly","5min, 15min, hourly",Forecasted by Electricity Maps,"24h, 48h, 72h","5min, 15min, hourly"
Dominica,DM,C,Electricity Flows,2017-01-01T00:00:00.000Z,"5min, 15min, hourly, daily, monthly, quarterly, yearly","5min, 15min, hourly",Forecasted by Electricity Maps,"24h, 48h, 72h","5min, 15min, hourly"
Dominica,DM,C,Total Load,2017-01-01T00:00:00.000Z,"5min, 15min, hourly, daily, monthly, quarterly, yearly","5min, 15min, hourly",Forecasted by Electricity Maps,"24h, 48h, 72h","5min, 15min, hourly"
Dominica,DM,C,Electricity Mix,2017-01-01T00:00:00.000Z,"5min, 15min, hourly, daily, monthly, quarterly, yearly","5min, 15min, hourly",Forecasted by Electricity Maps,"24h, 48h, 72h","5min, 15min, hourly"
Dominican Republic,DO,A,Renewable Energy,2017-01-01T00:00:00.000Z,"5min, 15min, hourly, daily, monthly, quarterly, yearly","5min, 15min, hourly",Forecasted by Electricity Maps,"24h, 48h, 72h","5min, 15min, hourly"
Dominican Republic,DO,A,Carbon Free Energy,2017-01-01T00:00:00.000Z,"5min, 15min, hourly, daily, monthly, quarterly, yearly","5min, 15min, hourly",Forecasted by Electricity Maps,"24h, 48h, 72h","5min, 15min, hourly"
Dominican Republic,DO,A,Fossil Only Carbon Intensity,2017-01-01T00:00:00.000Z,"5min, 15min, hourly, daily, monthly, quarterly, yearly","5min, 15min, hourly",Forecasted by Electricity Maps,"24h, 48h, 72h","5min, 15min, hourly"
Dominican Republic,DO,A,Carbon Intensity,2017-01-01T00:00:00.000Z,"5min, 15min, hourly, daily, monthly, quarterly, yearly","5min, 15min, hourly",Forecasted by Electricity Maps,"24h, 48h, 72h","5min, 15min, hourly"
Dominican Republic,DO,A,Electricity Flows,2017-01-01T00:00:00.000Z,"5min, 15min, hourly, daily, monthly, quarterly, yearly","5min, 15min, hourly",Forecasted by Electricity Maps,"24h, 48h, 72h","5min, 15min, hourly"
Dominican Republic,DO,A,Total Load,2017-01-01T00:00:00.000Z,"5min, 15min, hourly, daily, monthly, quarterly, yearly","5min, 15min, hourly",Forecasted by Electricity Maps,"24h, 48h, 72h","5min, 15min, hourly"
Dominican Republic,DO,A,Electricity Mix,2017-01-01T00:00:00.000Z,"5min, 15min, hourly, daily, monthly, quarterly, yearly","5min, 15min, hourly",Forecasted by Electricity Maps,"24h, 48h, 72h","5min, 15min, hourly"
Algeria,DZ,C,Renewable Energy,2017-01-01T00:00:00.000Z,"5min, 15min, hourly, daily, monthly, quarterly, yearly","5min, 15min, hourly",Forecasted by Electricity Maps,"24h, 48h, 72h","5min, 15min, hourly"
Algeria,DZ,C,Carbon Free Energy,2017-01-01T00:00:00.000Z,"5min, 15min, hourly, daily, monthly, quarterly, yearly","5min, 15min, hourly",Forecasted by Electricity Maps,"24h, 48h, 72h","5min, 15min, hourly"
Algeria,DZ,C,Fossil Only Carbon Intensity,2017-01-01T00:00:00.000Z,"5min, 15min, hourly, daily, monthly, quarterly, yearly","5min, 15min, hourly",Forecasted by Electricity Maps,"24h, 48h, 72h","5min, 15min, hourly"
Algeria,DZ,C,Carbon Intensity,2017-01-01T00:00:00.000Z,"5min, 15min, hourly, daily, monthly, quarterly, yearly","5min, 15min, hourly",Forecasted by Electricity Maps,"24h, 48h, 72h","5min, 15min, hourly"
Algeria,DZ,C,Electricity Flows,2017-01-01T00:00:00.000Z,"5min, 15min, hourly, daily, monthly, quarterly, yearly","5min, 15min, hourly",Forecasted by Electricity Maps,"24h, 48h, 72h","5min, 15min, hourly"
Algeria,DZ,C,Total Load,2017-01-01T00:00:00.000Z,"5min, 15min, hourly, daily, monthly, quarterly, yearly","5min, 15min, hourly",Forecasted by Electricity Maps,"24h, 48h, 72h","5min, 15min, hourly"
Algeria,DZ,C,Electricity Mix,2017-01-01T00:00:00.000Z,"5min, 15min, hourly, daily, monthly, quarterly, yearly","5min, 15min, hourly",Forecasted by Electricity Maps,"24h, 48h, 72h","5min, 15min, hourly"
Ecuador,EC,C,Renewable Energy,2017-01-01T00:00:00.000Z,"5min, 15min, hourly, daily, monthly, quarterly, yearly","5min, 15min, hourly",Forecasted by Electricity Maps,"24h, 48h, 72h","5min, 15min, hourly"
Ecuador,EC,C,Carbon Free Energy,2017-01-01T00:00:00.000Z,"5min, 15min, hourly, daily, monthly, quarterly, yearly","5min, 15min, hourly",Forecasted by Electricity Maps,"24h, 48h, 72h","5min, 15min, hourly"
Ecuador,EC,C,Fossil Only Carbon Intensity,2017-01-01T00:00:00.000Z,"5min, 15min, hourly, daily, monthly, quarterly, yearly","5min, 15min, hourly",Forecasted by Electricity Maps,"24h, 48h, 72h","5min, 15min, hourly"
Ecuador,EC,C,Carbon Intensity,2017-01-01T00:00:00.000Z,"5min, 15min, hourly, daily, monthly, quarterly, yearly","5min, 15min, hourly",Forecasted by Electricity Maps,"24h, 48h, 72h","5min, 15min, hourly"
Ecuador,EC,C,Electricity Flows,2017-01-01T00:00:00.000Z,"5min, 15min, hourly, daily, monthly, quarterly, yearly","5min, 15min, hourly",Forecasted by Electricity Maps,"24h, 48h, 72h","5min, 15min, hourly"
Ecuador,EC,C,Total Load,2017-01-01T00:00:00.000Z,"5min, 15min, hourly, daily, monthly, quarterly, yearly","5min, 15min, hourly",Forecasted by Electricity Maps,"24h, 48h, 72h","5min, 15min, hourly"
Ecuador,EC,C,Electricity Mix,2017-01-01T00:00:00.000Z,"5min, 15min, hourly, daily, monthly, quarterly, yearly","5min, 15min, hourly",Forecasted by Electricity Maps,"24h, 48h, 72h","5min, 15min, hourly"
Egypt,EG,C,Renewable Energy,2017-01-01T00:00:00.000Z,"5min, 15min, hourly, daily, monthly, quarterly, yearly","5min, 15min, hourly",Forecasted by Electricity Maps,"24h, 48h, 72h","5min, 15min, hourly"
Egypt,EG,C,Carbon Free Energy,2017-01-01T00:00:00.000Z,"5min, 15min, hourly, daily, monthly, quarterly, yearly","5min, 15min, hourly",Forecasted by Electricity Maps,"24h, 48h, 72h","5min, 15min, hourly"
Egypt,EG,C,Fossil Only Carbon Intensity,2017-01-01T00:00:00.000Z,"5min, 15min, hourly, daily, monthly, quarterly, yearly","5min, 15min, hourly",Forecasted by Electricity Maps,"24h, 48h, 72h","5min, 15min, hourly"
Egypt,EG,C,Carbon Intensity,2017-01-01T00:00:00.000Z,"5min, 15min, hourly, daily, monthly, quarterly, yearly","5min, 15min, hourly",Forecasted by Electricity Maps,"24h, 48h, 72h","5min, 15min, hourly"
Egypt,EG,C,Electricity Flows,2017-01-01T00:00:00.000Z,"5min, 15min, hourly, daily, monthly, quarterly, yearly","5min, 15min, hourly",Forecasted by Electricity Maps,"24h, 48h, 72h","5min, 15min, hourly"
Egypt,EG,C,Total Load,2017-01-01T00:00:00.000Z,"5min, 15min, hourly, daily, monthly, quarterly, yearly","5min, 15min, hourly",Forecasted by Electricity Maps,"24h, 48h, 72h","5min, 15min, hourly"
Egypt,EG,C,Electricity Mix,2017-01-01T00:00:00.000Z,"5min, 15min, hourly, daily, monthly, quarterly, yearly","5min, 15min, hourly",Forecasted by Electricity Maps,"24h, 48h, 72h","5min, 15min, hourly"
Eritrea,ER,C,Renewable Energy,2017-01-01T00:00:00.000Z,"5min, 15min, hourly, daily, monthly, quarterly, yearly","5min, 15min, hourly",Forecasted by Electricity Maps,"24h, 48h, 72h","5min, 15min, hourly"
Eritrea,ER,C,Carbon Free Energy,2017-01-01T00:00:00.000Z,"5min, 15min, hourly, daily, monthly, quarterly, yearly","5min, 15min, hourly",Forecasted by Electricity Maps,"24h, 48h, 72h","5min, 15min, hourly"
Eritrea,ER,C,Fossil Only Carbon Intensity,2017-01-01T00:00:00.000Z,"5min, 15min, hourly, daily, monthly, quarterly, yearly","5min, 15min, hourly",Forecasted by Electricity Maps,"24h, 48h, 72h","5min, 15min, hourly"
Eritrea,ER,C,Carbon Intensity,2017-01-01T00:00:00.000Z,"5min, 15min, hourly, daily, monthly, quarterly, yearly","5min, 15min, hourly",Forecasted by Electricity Maps,"24h, 48h, 72h","5min, 15min, hourly"
Eritrea,ER,C,Electricity Flows,2017-01-01T00:00:00.000Z,"5min, 15min, hourly, daily, monthly, quarterly, yearly","5min, 15min, hourly",Forecasted by Electricity Maps,"24h, 48h, 72h","5min, 15min, hourly"
Eritrea,ER,C,Total Load,2017-01-01T00:00:00.000Z,"5min, 15min, hourly, daily, monthly, quarterly, yearly","5min, 15min, hourly",Forecasted by Electricity Maps,"24h, 48h, 72h","5min, 15min, hourly"
Eritrea,ER,C,Electricity Mix,2017-01-01T00:00:00.000Z,"5min, 15min, hourly, daily, monthly, quarterly, yearly","5min, 15min, hourly",Forecasted by Electricity Maps,"24h, 48h, 72h","5min, 15min, hourly"
Ethiopia,ET,C,Renewable Energy,2017-01-01T00:00:00.000Z,"5min, 15min, hourly, daily, monthly, quarterly, yearly","5min, 15min, hourly",Forecasted by Electricity Maps,"24h, 48h, 72h","5min, 15min, hourly"
Ethiopia,ET,C,Carbon Free Energy,2017-01-01T00:00:00.000Z,"5min, 15min, hourly, daily, monthly, quarterly, yearly","5min, 15min, hourly",Forecasted by Electricity Maps,"24h, 48h, 72h","5min, 15min, hourly"
Ethiopia,ET,C,Fossil Only Carbon Intensity,2017-01-01T00:00:00.000Z,"5min, 15min, hourly, daily, monthly, quarterly, yearly","5min, 15min, hourly",Forecasted by Electricity Maps,"24h, 48h, 72h","5min, 15min, hourly"
Ethiopia,ET,C,Carbon Intensity,2017-01-01T00:00:00.000Z,"5min, 15min, hourly, daily, monthly, quarterly, yearly","5min, 15min, hourly",Forecasted by Electricity Maps,"24h, 48h, 72h","5min, 15min, hourly"
Ethiopia,ET,C,Electricity Flows,2017-01-01T00:00:00.000Z,"5min, 15min, hourly, daily, monthly, quarterly, yearly","5min, 15min, hourly",Forecasted by Electricity Maps,"24h, 48h, 72h","5min, 15min, hourly"
Ethiopia,ET,C,Total Load,2017-01-01T00:00:00.000Z,"5min, 15min, hourly, daily, monthly, quarterly, yearly","5min, 15min, hourly",Forecasted by Electricity Maps,"24h, 48h, 72h","5min, 15min, hourly"
Ethiopia,ET,C,Electricity Mix,2017-01-01T00:00:00.000Z,"5min, 15min, hourly, daily, monthly, quarterly, yearly","5min, 15min, hourly",Forecasted by Electricity Maps,"24h, 48h, 72h","5min, 15min, hourly"
Fiji,FJ,C,Renewable Energy,2017-01-01T00:00:00.000Z,"5min, 15min, hourly, daily, monthly, quarterly, yearly","5min, 15min, hourly",Forecasted by Electricity Maps,"24h, 48h, 72h","5min, 15min, hourly"
Fiji,FJ,C,Carbon Free Energy,2017-01-01T00:00:00.000Z,"5min, 15min, hourly, daily, monthly, quarterly, yearly","5min, 15min, hourly",Forecasted by Electricity Maps,"24h, 48h, 72h","5min, 15min, hourly"
Fiji,FJ,C,Fossil Only Carbon Intensity,2017-01-01T00:00:00.000Z,"5min, 15min, hourly, daily, monthly, quarterly, yearly","5min, 15min, hourly",Forecasted by Electricity Maps,"24h, 48h, 72h","5min, 15min, hourly"
Fiji,FJ,C,Carbon Intensity,2017-01-01T00:00:00.000Z,"5min, 15min, hourly, daily, monthly, quarterly, yearly","5min, 15min, hourly",Forecasted by Electricity Maps,"24h, 48h, 72h","5min, 15min, hourly"
Fiji,FJ,C,Electricity Flows,2017-01-01T00:00:00.000Z,"5min, 15min, hourly, daily, monthly, quarterly, yearly","5min, 15min, hourly",Forecasted by Electricity Maps,"24h, 48h, 72h","5min, 15min, hourly"
Fiji,FJ,C,Total Load,2017-01-01T00:00:00.000Z,"5min, 15min, hourly, daily, monthly, quarterly, yearly","5min, 15min, hourly",Forecasted by Electricity Maps,"24h, 48h, 72h","5min, 15min, hourly"
Fiji,FJ,C,Electricity Mix,2017-01-01T00:00:00.000Z,"5min, 15min, hourly, daily, monthly, quarterly, yearly","5min, 15min, hourly",Forecasted by Electricity Maps,"24h, 48h, 72h","5min, 15min, hourly"
Falkland Islands,FK,C,Renewable Energy,2017-01-01T00:00:00.000Z,"5min, 15min, hourly, daily, monthly, quarterly, yearly","5min, 15min, hourly",Forecasted by Electricity Maps,"24h, 48h, 72h","5min, 15min, hourly"
Falkland Islands,FK,C,Carbon Free Energy,2017-01-01T00:00:00.000Z,"5min, 15min, hourly, daily, monthly, quarterly, yearly","5min, 15min, hourly",Forecasted by Electricity Maps,"24h, 48h, 72h","5min, 15min, hourly"
Falkland Islands,FK,C,Fossil Only Carbon Intensity,2017-01-01T00:00:00.000Z,"5min, 15min, hourly, daily, monthly, quarterly, yearly","5min, 15min, hourly",Forecasted by Electricity Maps,"24h, 48h, 72h","5min, 15min, hourly"
Falkland Islands,FK,C,Carbon Intensity,2017-01-01T00:00:00.000Z,"5min, 15min, hourly, daily, monthly, quarterly, yearly","5min, 15min, hourly",Forecasted by Electricity Maps,"24h, 48h, 72h","5min, 15min, hourly"
Falkland Islands,FK,C,Electricity Flows,2017-01-01T00:00:00.000Z,"5min, 15min, hourly, daily, monthly, quarterly, yearly","5min, 15min, hourly",Forecasted by Electricity Maps,"24h, 48h, 72h","5min, 15min, hourly"
Falkland Islands,FK,C,Total Load,2017-01-01T00:00:00.000Z,"5min, 15min, hourly, daily, monthly, quarterly, yearly","5min, 15min, hourly",Forecasted by Electricity Maps,"24h, 48h, 72h","5min, 15min, hourly"
Falkland Islands,FK,C,Electricity Mix,2017-01-01T00:00:00.000Z,"5min, 15min, hourly, daily, monthly, quarterly, yearly","5min, 15min, hourly",Forecasted by Electricity Maps,"24h, 48h, 72h","5min, 15min, hourly"
Micronesia,FM,C,Renewable Energy,2017-01-01T00:00:00.000Z,"5min, 15min, hourly, daily, monthly, quarterly, yearly","5min, 15min, hourly",Forecasted by Electricity Maps,"24h, 48h, 72h","5min, 15min, hourly"
Micronesia,FM,C,Carbon Free Energy,2017-01-01T00:00:00.000Z,"5min, 15min, hourly, daily, monthly, quarterly, yearly","5min, 15min, hourly",Forecasted by Electricity Maps,"24h, 48h, 72h","5min, 15min, hourly"
Micronesia,FM,C,Fossil Only Carbon Intensity,2017-01-01T00:00:00.000Z,"5min, 15min, hourly, daily, monthly, quarterly, yearly","5min, 15min, hourly",Forecasted by Electricity Maps,"24h, 48h, 72h","5min, 15min, hourly"
Micronesia,FM,C,Carbon Intensity,2017-01-01T00:00:00.000Z,"5min, 15min, hourly, daily, monthly, quarterly, yearly","5min, 15min, hourly",Forecasted by Electricity Maps,"24h, 48h, 72h","5min, 15min, hourly"
Micronesia,FM,C,Electricity Flows,2017-01-01T00:00:00.000Z,"5min, 15min, hourly, daily, monthly, quarterly, yearly","5min, 15min, hourly",Forecasted by Electricity Maps,"24h, 48h, 72h","5min, 15min, hourly"
Micronesia,FM,C,Total Load,2017-01-01T00:00:00.000Z,"5min, 15min, hourly, daily, monthly, quarterly, yearly","5min, 15min, hourly",Forecasted by Electricity Maps,"24h, 48h, 72h","5min, 15min, hourly"
Micronesia,FM,C,Electricity Mix,2017-01-01T00:00:00.000Z,"5min, 15min, hourly, daily, monthly, quarterly, yearly","5min, 15min, hourly",Forecasted by Electricity Maps,"24h, 48h, 72h","5min, 15min, hourly"
Main Islands,FO-MI,A,Renewable Energy,2017-01-01T00:00:00.000Z,"5min, 15min, hourly, daily, monthly, quarterly, yearly","5min, 15min, hourly",Forecasted by Electricity Maps,"24h, 48h, 72h","5min, 15min, hourly"
Main Islands,FO-MI,A,Carbon Free Energy,2017-01-01T00:00:00.000Z,"5min, 15min, hourly, daily, monthly, quarterly, yearly","5min, 15min, hourly",Forecasted by Electricity Maps,"24h, 48h, 72h","5min, 15min, hourly"
Main Islands,FO-MI,A,Fossil Only Carbon Intensity,2017-01-01T00:00:00.000Z,"5min, 15min, hourly, daily, monthly, quarterly, yearly","5min, 15min, hourly",Forecasted by Electricity Maps,"24h, 48h, 72h","5min, 15min, hourly"
Main Islands,FO-MI,A,Carbon Intensity,2017-01-01T00:00:00.000Z,"5min, 15min, hourly, daily, monthly, quarterly, yearly","5min, 15min, hourly",Forecasted by Electricity Maps,"24h, 48h, 72h","5min, 15min, hourly"
Main Islands,FO-MI,A,Electricity Flows,2017-01-01T00:00:00.000Z,"5min, 15min, hourly, daily, monthly, quarterly, yearly","5min, 15min, hourly",Forecasted by Electricity Maps,"24h, 48h, 72h","5min, 15min, hourly"
Main Islands,FO-MI,A,Total Load,2017-01-01T00:00:00.000Z,"5min, 15min, hourly, daily, monthly, quarterly, yearly","5min, 15min, hourly",Forecasted by Electricity Maps,"24h, 48h, 72h","5min, 15min, hourly"
Main Islands,FO-MI,A,Electricity Mix,2017-01-01T00:00:00.000Z,"5min, 15min, hourly, daily, monthly, quarterly, yearly","5min, 15min, hourly",Forecasted by Electricity Maps,"24h, 48h, 72h","5min, 15min, hourly"
South Island,FO-SI,A,Renewable Energy,2017-01-01T00:00:00.000Z,"5min, 15min, hourly, daily, monthly, quarterly, yearly","5min, 15min, hourly",Forecasted by Electricity Maps,"24h, 48h, 72h","5min, 15min, hourly"
South Island,FO-SI,A,Carbon Free Energy,2017-01-01T00:00:00.000Z,"5min, 15min, hourly, daily, monthly, quarterly, yearly","5min, 15min, hourly",Forecasted by Electricity Maps,"24h, 48h, 72h","5min, 15min, hourly"
South Island,FO-SI,A,Fossil Only Carbon Intensity,2017-01-01T00:00:00.000Z,"5min, 15min, hourly, daily, monthly, quarterly, yearly","5min, 15min, hourly",Forecasted by Electricity Maps,"24h, 48h, 72h","5min, 15min, hourly"
South Island,FO-SI,A,Carbon Intensity,2017-01-01T00:00:00.000Z,"5min, 15min, hourly, daily, monthly, quarterly, yearly","5min, 15min, hourly",Forecasted by Electricity Maps,"24h, 48h, 72h","5min, 15min, hourly"
South Island,FO-SI,A,Electricity Flows,2017-01-01T00:00:00.000Z,"5min, 15min, hourly, daily, monthly, quarterly, yearly","5min, 15min, hourly",Forecasted by Electricity Maps,"24h, 48h, 72h","5min, 15min, hourly"
South Island,FO-SI,A,Total Load,2017-01-01T00:00:00.000Z,"5min, 15min, hourly, daily, monthly, quarterly, yearly","5min, 15min, hourly",Forecasted by Electricity Maps,"24h, 48h, 72h","5min, 15min, hourly"
South Island,FO-SI,A,Electricity Mix,2017-01-01T00:00:00.000Z,"5min, 15min, hourly, daily, monthly, quarterly, yearly","5min, 15min, hourly",Forecasted by Electricity Maps,"24h, 48h, 72h","5min, 15min, hourly"
Corsica,FR-COR,A,Price Day Ahead,2016-01-01T00:00:00.000Z,"5min, 15min, hourly, daily, monthly, quarterly, yearly","5min, 15min, hourly",Forecasted by Electricity Maps,"24h, 48h, 72h","5min, 15min, hourly"
Corsica,FR-COR,A,Renewable Energy,2016-01-01T00:00:00.000Z,"5min, 15min, hourly, daily, monthly, quarterly, yearly","5min, 15min, hourly",Forecasted by Electricity Maps,"24h, 48h, 72h","5min, 15min, hourly"
Corsica,FR-COR,A,Carbon Free Energy,2016-01-01T00:00:00.000Z,"5min, 15min, hourly, daily, monthly, quarterly, yearly","5min, 15min, hourly",Forecasted by Electricity Maps,"24h, 48h, 72h","5min, 15min, hourly"
Corsica,FR-COR,A,Fossil Only Carbon Intensity,2016-01-01T00:00:00.000Z,"5min, 15min, hourly, daily, monthly, quarterly, yearly","5min, 15min, hourly",Forecasted by Electricity Maps,"24h, 48h, 72h","5min, 15min, hourly"
Corsica,FR-COR,A,Carbon Intensity,2016-01-01T00:00:00.000Z,"5min, 15min, hourly, daily, monthly, quarterly, yearly","5min, 15min, hourly",Forecasted by Electricity Maps,"24h, 48h, 72h","5min, 15min, hourly"
Corsica,FR-COR,A,Electricity Flows,2016-01-01T00:00:00.000Z,"5min, 15min, hourly, daily, monthly, quarterly, yearly","5min, 15min, hourly",Forecasted by Electricity Maps,"24h, 48h, 72h","5min, 15min, hourly"
Corsica,FR-COR,A,Total Load,2016-01-01T00:00:00.000Z,"5min, 15min, hourly, daily, monthly, quarterly, yearly","5min, 15min, hourly",Forecasted by Electricity Maps,"24h, 48h, 72h","5min, 15min, hourly"
Corsica,FR-COR,A,Electricity Mix,2016-01-01T00:00:00.000Z,"5min, 15min, hourly, daily, monthly, quarterly, yearly","5min, 15min, hourly",Forecasted by Electricity Maps,"24h, 48h, 72h","5min, 15min, hourly"
Gabon,GA,C,Renewable Energy,2017-01-01T00:00:00.000Z,"5min, 15min, hourly, daily, monthly, quarterly, yearly","5min, 15min, hourly",Forecasted by Electricity Maps,"24h, 48h, 72h","5min, 15min, hourly"
Gabon,GA,C,Carbon Free Energy,2017-01-01T00:00:00.000Z,"5min, 15min, hourly, daily, monthly, quarterly, yearly","5min, 15min, hourly",Forecasted by Electricity Maps,"24h, 48h, 72h","5min, 15min, hourly"
Gabon,GA,C,Fossil Only Carbon Intensity,2017-01-01T00:00:00.000Z,"5min, 15min, hourly, daily, monthly, quarterly, yearly","5min, 15min, hourly",Forecasted by Electricity Maps,"24h, 48h, 72h","5min, 15min, hourly"
Gabon,GA,C,Carbon Intensity,2017-01-01T00:00:00.000Z,"5min, 15min, hourly, daily, monthly, quarterly, yearly","5min, 15min, hourly",Forecasted by Electricity Maps,"24h, 48h, 72h","5min, 15min, hourly"
Gabon,GA,C,Electricity Flows,2017-01-01T00:00:00.000Z,"5min, 15min, hourly, daily, monthly, quarterly, yearly","5min, 15min, hourly",Forecasted by Electricity Maps,"24h, 48h, 72h","5min, 15min, hourly"
Gabon,GA,C,Total Load,2017-01-01T00:00:00.000Z,"5min, 15min, hourly, daily, monthly, quarterly, yearly","5min, 15min, hourly",Forecasted by Electricity Maps,"24h, 48h, 72h","5min, 15min, hourly"
Gabon,GA,C,Electricity Mix,2017-01-01T00:00:00.000Z,"5min, 15min, hourly, daily, monthly, quarterly, yearly","5min, 15min, hourly",Forecasted by Electricity Maps,"24h, 48h, 72h","5min, 15min, hourly"
Georgia,GE,A,Renewable Energy,2017-01-01T00:00:00.000Z,"5min, 15min, hourly, daily, monthly, quarterly, yearly","5min, 15min, hourly",Forecasted by Electricity Maps,"24h, 48h, 72h","5min, 15min, hourly"
Georgia,GE,A,Carbon Free Energy,2017-01-01T00:00:00.000Z,"5min, 15min, hourly, daily, monthly, quarterly, yearly","5min, 15min, hourly",Forecasted by Electricity Maps,"24h, 48h, 72h","5min, 15min, hourly"
Georgia,GE,A,Fossil Only Carbon Intensity,2017-01-01T00:00:00.000Z,"5min, 15min, hourly, daily, monthly, quarterly, yearly","5min, 15min, hourly",Forecasted by Electricity Maps,"24h, 48h, 72h","5min, 15min, hourly"
Georgia,GE,A,Carbon Intensity,2017-01-01T00:00:00.000Z,"5min, 15min, hourly, daily, monthly, quarterly, yearly","5min, 15min, hourly",Forecasted by Electricity Maps,"24h, 48h, 72h","5min, 15min, hourly"
Georgia,GE,A,Electricity Flows,2017-01-01T00:00:00.000Z,"5min, 15min, hourly, daily, monthly, quarterly, yearly","5min, 15min, hourly",Forecasted by Electricity Maps,"24h, 48h, 72h","5min, 15min, hourly"
Georgia,GE,A,Total Load,2017-01-01T00:00:00.000Z,"5min, 15min, hourly, daily, monthly, quarterly, yearly","5min, 15min, hourly",Forecasted by Electricity Maps,"24h, 48h, 72h","5min, 15min, hourly"
Georgia,GE,A,Electricity Mix,2017-01-01T00:00:00.000Z,"5min, 15min, hourly, daily, monthly, quarterly, yearly","5min, 15min, hourly",Forecasted by Electricity Maps,"24h, 48h, 72h","5min, 15min, hourly"
Georgia,GE,A,Total Reported Load,2019-01-01T00:00:00.000Z,"5min, 15min, hourly","5min, 15min, hourly",Forecasted by Electricity Maps,"24h, 48h, 72h","5min, 15min, hourly"
French Guiana,GF,A,Price Day Ahead,2016-01-01T00:00:00.000Z,"5min, 15min, hourly, daily, monthly, quarterly, yearly","5min, 15min, hourly",Forecasted by Electricity Maps,"24h, 48h, 72h","5min, 15min, hourly"
French Guiana,GF,A,Renewable Energy,2016-01-01T00:00:00.000Z,"5min, 15min, hourly, daily, monthly, quarterly, yearly","5min, 15min, hourly",Forecasted by Electricity Maps,"24h, 48h, 72h","5min, 15min, hourly"
French Guiana,GF,A,Carbon Free Energy,2016-01-01T00:00:00.000Z,"5min, 15min, hourly, daily, monthly, quarterly, yearly","5min, 15min, hourly",Forecasted by Electricity Maps,"24h, 48h, 72h","5min, 15min, hourly"
French Guiana,GF,A,Fossil Only Carbon Intensity,2016-01-01T00:00:00.000Z,"5min, 15min, hourly, daily, monthly, quarterly, yearly","5min, 15min, hourly",Forecasted by Electricity Maps,"24h, 48h, 72h","5min, 15min, hourly"
French Guiana,GF,A,Carbon Intensity,2016-01-01T00:00:00.000Z,"5min, 15min, hourly, daily, monthly, quarterly, yearly","5min, 15min, hourly",Forecasted by Electricity Maps,"24h, 48h, 72h","5min, 15min, hourly"
French Guiana,GF,A,Electricity Flows,2016-01-01T00:00:00.000Z,"5min, 15min, hourly, daily, monthly, quarterly, yearly","5min, 15min, hourly",Forecasted by Electricity Maps,"24h, 48h, 72h","5min, 15min, hourly"
French Guiana,GF,A,Total Load,2016-01-01T00:00:00.000Z,"5min, 15min, hourly, daily, monthly, quarterly, yearly","5min, 15min, hourly",Forecasted by Electricity Maps,"24h, 48h, 72h","5min, 15min, hourly"
French Guiana,GF,A,Electricity Mix,2016-01-01T00:00:00.000Z,"5min, 15min, hourly, daily, monthly, quarterly, yearly","5min, 15min, hourly",Forecasted by Electricity Maps,"24h, 48h, 72h","5min, 15min, hourly"
Ghana,GH,C,Renewable Energy,2017-01-01T00:00:00.000Z,"5min, 15min, hourly, daily, monthly, quarterly, yearly","5min, 15min, hourly",Forecasted by Electricity Maps,"24h, 48h, 72h","5min, 15min, hourly"
Ghana,GH,C,Carbon Free Energy,2017-01-01T00:00:00.000Z,"5min, 15min, hourly, daily, monthly, quarterly, yearly","5min, 15min, hourly",Forecasted by Electricity Maps,"24h, 48h, 72h","5min, 15min, hourly"
Ghana,GH,C,Fossil Only Carbon Intensity,2017-01-01T00:00:00.000Z,"5min, 15min, hourly, daily, monthly, quarterly, yearly","5min, 15min, hourly",Forecasted by Electricity Maps,"24h, 48h, 72h","5min, 15min, hourly"
Ghana,GH,C,Carbon Intensity,2017-01-01T00:00:00.000Z,"5min, 15min, hourly, daily, monthly, quarterly, yearly","5min, 15min, hourly",Forecasted by Electricity Maps,"24h, 48h, 72h","5min, 15min, hourly"
Ghana,GH,C,Electricity Flows,2017-01-01T00:00:00.000Z,"5min, 15min, hourly, daily, monthly, quarterly, yearly","5min, 15min, hourly",Forecasted by Electricity Maps,"24h, 48h, 72h","5min, 15min, hourly"
Ghana,GH,C,Total Load,2017-01-01T00:00:00.000Z,"5min, 15min, hourly, daily, monthly, quarterly, yearly","5min, 15min, hourly",Forecasted by Electricity Maps,"24h, 48h, 72h","5min, 15min, hourly"
Ghana,GH,C,Electricity Mix,2017-01-01T00:00:00.000Z,"5min, 15min, hourly, daily, monthly, quarterly, yearly","5min, 15min, hourly",Forecasted by Electricity Maps,"24h, 48h, 72h","5min, 15min, hourly"
Gibraltar,GI,C,Renewable Energy,2017-01-01T00:00:00.000Z,"5min, 15min, hourly, daily, monthly, quarterly, yearly","5min, 15min, hourly",Forecasted by Electricity Maps,"24h, 48h, 72h","5min, 15min, hourly"
Gibraltar,GI,C,Carbon Free Energy,2017-01-01T00:00:00.000Z,"5min, 15min, hourly, daily, monthly, quarterly, yearly","5min, 15min, hourly",Forecasted by Electricity Maps,"24h, 48h, 72h","5min, 15min, hourly"
Gibraltar,GI,C,Fossil Only Carbon Intensity,2017-01-01T00:00:00.000Z,"5min, 15min, hourly, daily, monthly, quarterly, yearly","5min, 15min, hourly",Forecasted by Electricity Maps,"24h, 48h, 72h","5min, 15min, hourly"
Gibraltar,GI,C,Carbon Intensity,2017-01-01T00:00:00.000Z,"5min, 15min, hourly, daily, monthly, quarterly, yearly","5min, 15min, hourly",Forecasted by Electricity Maps,"24h, 48h, 72h","5min, 15min, hourly"
Gibraltar,GI,C,Electricity Flows,2017-01-01T00:00:00.000Z,"5min, 15min, hourly, daily, monthly, quarterly, yearly","5min, 15min, hourly",Forecasted by Electricity Maps,"24h, 48h, 72h","5min, 15min, hourly"
Gibraltar,GI,C,Total Load,2017-01-01T00:00:00.000Z,"5min, 15min, hourly, daily, monthly, quarterly, yearly","5min, 15min, hourly",Forecasted by Electricity Maps,"24h, 48h, 72h","5min, 15min, hourly"
Gibraltar,GI,C,Electricity Mix,2017-01-01T00:00:00.000Z,"5min, 15min, hourly, daily, monthly, quarterly, yearly","5min, 15min, hourly",Forecasted by Electricity Maps,"24h, 48h, 72h","5min, 15min, hourly"
Greenland,GL,C,Renewable Energy,2017-01-01T00:00:00.000Z,"5min, 15min, hourly, daily, monthly, quarterly, yearly","5min, 15min, hourly",Forecasted by Electricity Maps,"24h, 48h, 72h","5min, 15min, hourly"
Greenland,GL,C,Carbon Free Energy,2017-01-01T00:00:00.000Z,"5min, 15min, hourly, daily, monthly, quarterly, yearly","5min, 15min, hourly",Forecasted by Electricity Maps,"24h, 48h, 72h","5min, 15min, hourly"
Greenland,GL,C,Fossil Only Carbon Intensity,2017-01-01T00:00:00.000Z,"5min, 15min, hourly, daily, monthly, quarterly, yearly","5min, 15min, hourly",Forecasted by Electricity Maps,"24h, 48h, 72h","5min, 15min, hourly"
Greenland,GL,C,Carbon Intensity,2017-01-01T00:00:00.000Z,"5min, 15min, hourly, daily, monthly, quarterly, yearly","5min, 15min, hourly",Forecasted by Electricity Maps,"24h, 48h, 72h","5min, 15min, hourly"
Greenland,GL,C,Electricity Flows,2017-01-01T00:00:00.000Z,"5min, 15min, hourly, daily, monthly, quarterly, yearly","5min, 15min, hourly",Forecasted by Electricity Maps,"24h, 48h, 72h","5min, 15min, hourly"
Greenland,GL,C,Total Load,2017-01-01T00:00:00.000Z,"5min, 15min, hourly, daily, monthly, quarterly, yearly","5min, 15min, hourly",Forecasted by Electricity Maps,"24h, 48h, 72h","5min, 15min, hourly"
Greenland,GL,C,Electricity Mix,2017-01-01T00:00:00.000Z,"5min, 15min, hourly, daily, monthly, quarterly, yearly","5min, 15min, hourly",Forecasted by Electricity Maps,"24h, 48h, 72h","5min, 15min, hourly"
Gambia,GM,C,Renewable Energy,2017-01-01T00:00:00.000Z,"5min, 15min, hourly, daily, monthly, quarterly, yearly","5min, 15min, hourly",Forecasted by Electricity Maps,"24h, 48h, 72h","5min, 15min, hourly"
Gambia,GM,C,Carbon Free Energy,2017-01-01T00:00:00.000Z,"5min, 15min, hourly, daily, monthly, quarterly, yearly","5min, 15min, hourly",Forecasted by Electricity Maps,"24h, 48h, 72h","5min, 15min, hourly"
Gambia,GM,C,Fossil Only Carbon Intensity,2017-01-01T00:00:00.000Z,"5min, 15min, hourly, daily, monthly, quarterly, yearly","5min, 15min, hourly",Forecasted by Electricity Maps,"24h, 48h, 72h","5min, 15min, hourly"
Gambia,GM,C,Carbon Intensity,2017-01-01T00:00:00.000Z,"5min, 15min, hourly, daily, monthly, quarterly, yearly","5min, 15min, hourly",Forecasted by Electricity Maps,"24h, 48h, 72h","5min, 15min, hourly"
Gambia,GM,C,Electricity Flows,2017-01-01T00:00:00.000Z,"5min, 15min, hourly, daily, monthly, quarterly, yearly","5min, 15min, hourly",Forecasted by Electricity Maps,"24h, 48h, 72h","5min, 15min, hourly"
Gambia,GM,C,Total Load,2017-01-01T00:00:00.000Z,"5min, 15min, hourly, daily, monthly, quarterly, yearly","5min, 15min, hourly",Forecasted by Electricity Maps,"24h, 48h, 72h","5min, 15min, hourly"
Gambia,GM,C,Electricity Mix,2017-01-01T00:00:00.000Z,"5min, 15min, hourly, daily, monthly, quarterly, yearly","5min, 15min, hourly",Forecasted by Electricity Maps,"24h, 48h, 72h","5min, 15min, hourly"
Guinea,GN,C,Renewable Energy,2017-01-01T00:00:00.000Z,"5min, 15min, hourly, daily, monthly, quarterly, yearly","5min, 15min, hourly",Forecasted by Electricity Maps,"24h, 48h, 72h","5min, 15min, hourly"
Guinea,GN,C,Carbon Free Energy,2017-01-01T00:00:00.000Z,"5min, 15min, hourly, daily, monthly, quarterly, yearly","5min, 15min, hourly",Forecasted by Electricity Maps,"24h, 48h, 72h","5min, 15min, hourly"
Guinea,GN,C,Fossil Only Carbon Intensity,2017-01-01T00:00:00.000Z,"5min, 15min, hourly, daily, monthly, quarterly, yearly","5min, 15min, hourly",Forecasted by Electricity Maps,"24h, 48h, 72h","5min, 15min, hourly"
Guinea,GN,C,Carbon Intensity,2017-01-01T00:00:00.000Z,"5min, 15min, hourly, daily, monthly, quarterly, yearly","5min, 15min, hourly",Forecasted by Electricity Maps,"24h, 48h, 72h","5min, 15min, hourly"
Guinea,GN,C,Electricity Flows,2017-01-01T00:00:00.000Z,"5min, 15min, hourly, daily, monthly, quarterly, yearly","5min, 15min, hourly",Forecasted by Electricity Maps,"24h, 48h, 72h","5min, 15min, hourly"
Guinea,GN,C,Total Load,2017-01-01T00:00:00.000Z,"5min, 15min, hourly, daily, monthly, quarterly, yearly","5min, 15min, hourly",Forecasted by Electricity Maps,"24h, 48h, 72h","5min, 15min, hourly"
Guinea,GN,C,Electricity Mix,2017-01-01T00:00:00.000Z,"5min, 15min, hourly, daily, monthly, quarterly, yearly","5min, 15min, hourly",Forecasted by Electricity Maps,"24h, 48h, 72h","5min, 15min, hourly"
Guadeloupe,GP,A,Price Day Ahead,2016-01-01T00:00:00.000Z,"5min, 15min, hourly, daily, monthly, quarterly, yearly","5min, 15min, hourly",Forecasted by Electricity Maps,"24h, 48h, 72h","5min, 15min, hourly"
Guadeloupe,GP,A,Renewable Energy,2016-01-01T00:00:00.000Z,"5min, 15min, hourly, daily, monthly, quarterly, yearly","5min, 15min, hourly",Forecasted by Electricity Maps,"24h, 48h, 72h","5min, 15min, hourly"
Guadeloupe,GP,A,Carbon Free Energy,2016-01-01T00:00:00.000Z,"5min, 15min, hourly, daily, monthly, quarterly, yearly","5min, 15min, hourly",Forecasted by Electricity Maps,"24h, 48h, 72h","5min, 15min, hourly"
Guadeloupe,GP,A,Fossil Only Carbon Intensity,2016-01-01T00:00:00.000Z,"5min, 15min, hourly, daily, monthly, quarterly, yearly","5min, 15min, hourly",Forecasted by Electricity Maps,"24h, 48h, 72h","5min, 15min, hourly"
Guadeloupe,GP,A,Carbon Intensity,2016-01-01T00:00:00.000Z,"5min, 15min, hourly, daily, monthly, quarterly, yearly","5min, 15min, hourly",Forecasted by Electricity Maps,"24h, 48h, 72h","5min, 15min, hourly"
Guadeloupe,GP,A,Electricity Flows,2016-01-01T00:00:00.000Z,"5min, 15min, hourly, daily, monthly, quarterly, yearly","5min, 15min, hourly",Forecasted by Electricity Maps,"24h, 48h, 72h","5min, 15min, hourly"
Guadeloupe,GP,A,Total Load,2016-01-01T00:00:00.000Z,"5min, 15min, hourly, daily, monthly, quarterly, yearly","5min, 15min, hourly",Forecasted by Electricity Maps,"24h, 48h, 72h","5min, 15min, hourly"
Guadeloupe,GP,A,Electricity Mix,2016-01-01T00:00:00.000Z,"5min, 15min, hourly, daily, monthly, quarterly, yearly","5min, 15min, hourly",Forecasted by Electricity Maps,"24h, 48h, 72h","5min, 15min, hourly"
Equatorial Guinea,GQ,C,Renewable Energy,2017-01-01T00:00:00.000Z,"5min, 15min, hourly, daily, monthly, quarterly, yearly","5min, 15min, hourly",Forecasted by Electricity Maps,"24h, 48h, 72h","5min, 15min, hourly"
Equatorial Guinea,GQ,C,Carbon Free Energy,2017-01-01T00:00:00.000Z,"5min, 15min, hourly, daily, monthly, quarterly, yearly","5min, 15min, hourly",Forecasted by Electricity Maps,"24h, 48h, 72h","5min, 15min, hourly"
Equatorial Guinea,GQ,C,Fossil Only Carbon Intensity,2017-01-01T00:00:00.000Z,"5min, 15min, hourly, daily, monthly, quarterly, yearly","5min, 15min, hourly",Forecasted by Electricity Maps,"24h, 48h, 72h","5min, 15min, hourly"
Equatorial Guinea,GQ,C,Carbon Intensity,2017-01-01T00:00:00.000Z,"5min, 15min, hourly, daily, monthly, quarterly, yearly","5min, 15min, hourly",Forecasted by Electricity Maps,"24h, 48h, 72h","5min, 15min, hourly"
Equatorial Guinea,GQ,C,Electricity Flows,2017-01-01T00:00:00.000Z,"5min, 15min, hourly, daily, monthly, quarterly, yearly","5min, 15min, hourly",Forecasted by Electricity Maps,"24h, 48h, 72h","5min, 15min, hourly"
Equatorial Guinea,GQ,C,Total Load,2017-01-01T00:00:00.000Z,"5min, 15min, hourly, daily, monthly, quarterly, yearly","5min, 15min, hourly",Forecasted by Electricity Maps,"24h, 48h, 72h","5min, 15min, hourly"
Equatorial Guinea,GQ,C,Electricity Mix,2017-01-01T00:00:00.000Z,"5min, 15min, hourly, daily, monthly, quarterly, yearly","5min, 15min, hourly",Forecasted by Electricity Maps,"24h, 48h, 72h","5min, 15min, hourly"
Greece,GR,A,Price Day Ahead,2015-01-01T00:00:00.000Z,"5min, 15min, hourly, daily, monthly, quarterly, yearly","5min, 15min, hourly",Forecasted by Electricity Maps,"24h, 48h, 72h","5min, 15min, hourly"
Greece,GR,A,Renewable Energy,2015-01-01T00:00:00.000Z,"5min, 15min, hourly, daily, monthly, quarterly, yearly","5min, 15min, hourly",Forecasted by Electricity Maps,"24h, 48h, 72h","5min, 15min, hourly"
Greece,GR,A,Carbon Free Energy,2015-01-01T00:00:00.000Z,"5min, 15min, hourly, daily, monthly, quarterly, yearly","5min, 15min, hourly",Forecasted by Electricity Maps,"24h, 48h, 72h","5min, 15min, hourly"
Greece,GR,A,Fossil Only Carbon Intensity,2015-01-01T00:00:00.000Z,"5min, 15min, hourly, daily, monthly, quarterly, yearly","5min, 15min, hourly",Forecasted by Electricity Maps,"24h, 48h, 72h","5min, 15min, hourly"
Greece,GR,A,Carbon Intensity,2015-01-01T00:00:00.000Z,"5min, 15min, hourly, daily, monthly, quarterly, yearly","5min, 15min, hourly",Forecasted by Electricity Maps,"24h, 48h, 72h","5min, 15min, hourly"
Greece,GR,A,Electricity Flows,2015-01-01T00:00:00.000Z,"5min, 15min, hourly, daily, monthly, quarterly, yearly","5min, 15min, hourly",Forecasted by Electricity Maps,"24h, 48h, 72h","5min, 15min, hourly"
Greece,GR,A,Total Load,2015-01-01T00:00:00.000Z,"5min, 15min, hourly, daily, monthly, quarterly, yearly","5min, 15min, hourly",Forecasted by Electricity Maps,"24h, 48h, 72h","5min, 15min, hourly"
Greece,GR,A,Electricity Mix,2015-01-01T00:00:00.000Z,"5min, 15min, hourly, daily, monthly, quarterly, yearly","5min, 15min, hourly",Forecasted by Electricity Maps,"24h, 48h, 72h","5min, 15min, hourly"
Greece,GR,A,Total Reported Load,2018-01-01T00:00:00.000Z,"5min, 15min, hourly","5min, 15min, hourly",Forecasted by Electricity Maps,"24h, 48h, 72h","5min, 15min, hourly"
South Georgia and the South Sandwich Islands,GS,C,Renewable Energy,2017-01-01T00:00:00.000Z,"5min, 15min, hourly, daily, monthly, quarterly, yearly","5min, 15min, hourly",Forecasted by Electricity Maps,"24h, 48h, 72h","5min, 15min, hourly"
South Georgia and the South Sandwich Islands,GS,C,Carbon Free Energy,2017-01-01T00:00:00.000Z,"5min, 15min, hourly, daily, monthly, quarterly, yearly","5min, 15min, hourly",Forecasted by Electricity Maps,"24h, 48h, 72h","5min, 15min, hourly"
South Georgia and the South Sandwich Islands,GS,C,Fossil Only Carbon Intensity,2017-01-01T00:00:00.000Z,"5min, 15min, hourly, daily, monthly, quarterly, yearly","5min, 15min, hourly",Forecasted by Electricity Maps,"24h, 48h, 72h","5min, 15min, hourly"
South Georgia and the South Sandwich Islands,GS,C,Carbon Intensity,2017-01-01T00:00:00.000Z,"5min, 15min, hourly, daily, monthly, quarterly, yearly","5min, 15min, hourly",Forecasted by Electricity Maps,"24h, 48h, 72h","5min, 15min, hourly"
South Georgia and the South Sandwich Islands,GS,C,Electricity Flows,2017-01-01T00:00:00.000Z,"5min, 15min, hourly, daily, monthly, quarterly, yearly","5min, 15min, hourly",Forecasted by Electricity Maps,"24h, 48h, 72h","5min, 15min, hourly"
South Georgia and the South Sandwich Islands,GS,C,Total Load,2017-01-01T00:00:00.000Z,"5min, 15min, hourly, daily, monthly, quarterly, yearly","5min, 15min, hourly",Forecasted by Electricity Maps,"24h, 48h, 72h","5min, 15min, hourly"
South Georgia and the South Sandwich Islands,GS,C,Electricity Mix,2017-01-01T00:00:00.000Z,"5min, 15min, hourly, daily, monthly, quarterly, yearly","5min, 15min, hourly",Forecasted by Electricity Maps,"24h, 48h, 72h","5min, 15min, hourly"
Guam,GU,C,Renewable Energy,2017-01-01T00:00:00.000Z,"5min, 15min, hourly, daily, monthly, quarterly, yearly","5min, 15min, hourly",Forecasted by Electricity Maps,"24h, 48h, 72h","5min, 15min, hourly"
Guam,GU,C,Carbon Free Energy,2017-01-01T00:00:00.000Z,"5min, 15min, hourly, daily, monthly, quarterly, yearly","5min, 15min, hourly",Forecasted by Electricity Maps,"24h, 48h, 72h","5min, 15min, hourly"
Guam,GU,C,Fossil Only Carbon Intensity,2017-01-01T00:00:00.000Z,"5min, 15min, hourly, daily, monthly, quarterly, yearly","5min, 15min, hourly",Forecasted by Electricity Maps,"24h, 48h, 72h","5min, 15min, hourly"
Guam,GU,C,Carbon Intensity,2017-01-01T00:00:00.000Z,"5min, 15min, hourly, daily, monthly, quarterly, yearly","5min, 15min, hourly",Forecasted by Electricity Maps,"24h, 48h, 72h","5min, 15min, hourly"
Guam,GU,C,Electricity Flows,2017-01-01T00:00:00.000Z,"5min, 15min, hourly, daily, monthly, quarterly, yearly","5min, 15min, hourly",Forecasted by Electricity Maps,"24h, 48h, 72h","5min, 15min, hourly"
Guam,GU,C,Total Load,2017-01-01T00:00:00.000Z,"5min, 15min, hourly, daily, monthly, quarterly, yearly","5min, 15min, hourly",Forecasted by Electricity Maps,"24h, 48h, 72h","5min, 15min, hourly"
Guam,GU,C,Electricity Mix,2017-01-01T00:00:00.000Z,"5min, 15min, hourly, daily, monthly, quarterly, yearly","5min, 15min, hourly",Forecasted by Electricity Maps,"24h, 48h, 72h","5min, 15min, hourly"
Guinea-Bissau,GW,C,Renewable Energy,2017-01-01T00:00:00.000Z,"5min, 15min, hourly, daily, monthly, quarterly, yearly","5min, 15min, hourly",Forecasted by Electricity Maps,"24h, 48h, 72h","5min, 15min, hourly"
Guinea-Bissau,GW,C,Carbon Free Energy,2017-01-01T00:00:00.000Z,"5min, 15min, hourly, daily, monthly, quarterly, yearly","5min, 15min, hourly",Forecasted by Electricity Maps,"24h, 48h, 72h","5min, 15min, hourly"
Guinea-Bissau,GW,C,Fossil Only Carbon Intensity,2017-01-01T00:00:00.000Z,"5min, 15min, hourly, daily, monthly, quarterly, yearly","5min, 15min, hourly",Forecasted by Electricity Maps,"24h, 48h, 72h","5min, 15min, hourly"
Guinea-Bissau,GW,C,Carbon Intensity,2017-01-01T00:00:00.000Z,"5min, 15min, hourly, daily, monthly, quarterly, yearly","5min, 15min, hourly",Forecasted by Electricity Maps,"24h, 48h, 72h","5min, 15min, hourly"
Guinea-Bissau,GW,C,Electricity Flows,2017-01-01T00:00:00.000Z,"5min, 15min, hourly, daily, monthly, quarterly, yearly","5min, 15min, hourly",Forecasted by Electricity Maps,"24h, 48h, 72h","5min, 15min, hourly"
Guinea-Bissau,GW,C,Total Load,2017-01-01T00:00:00.000Z,"5min, 15min, hourly, daily, monthly, quarterly, yearly","5min, 15min, hourly",Forecasted by Electricity Maps,"24h, 48h, 72h","5min, 15min, hourly"
Guinea-Bissau,GW,C,Electricity Mix,2017-01-01T00:00:00.000Z,"5min, 15min, hourly, daily, monthly, quarterly, yearly","5min, 15min, hourly",Forecasted by Electricity Maps,"24h, 48h, 72h","5min, 15min, hourly"
Guyana,GY,C,Renewable Energy,2017-01-01T00:00:00.000Z,"5min, 15min, hourly, daily, monthly, quarterly, yearly","5min, 15min, hourly",Forecasted by Electricity Maps,"24h, 48h, 72h","5min, 15min, hourly"
Guyana,GY,C,Carbon Free Energy,2017-01-01T00:00:00.000Z,"5min, 15min, hourly, daily, monthly, quarterly, yearly","5min, 15min, hourly",Forecasted by Electricity Maps,"24h, 48h, 72h","5min, 15min, hourly"
Guyana,GY,C,Fossil Only Carbon Intensity,2017-01-01T00:00:00.000Z,"5min, 15min, hourly, daily, monthly, quarterly, yearly","5min, 15min, hourly",Forecasted by Electricity Maps,"24h, 48h, 72h","5min, 15min, hourly"
Guyana,GY,C,Carbon Intensity,2017-01-01T00:00:00.000Z,"5min, 15min, hourly, daily, monthly, quarterly, yearly","5min, 15min, hourly",Forecasted by Electricity Maps,"24h, 48h, 72h","5min, 15min, hourly"
Guyana,GY,C,Electricity Flows,2017-01-01T00:00:00.000Z,"5min, 15min, hourly, daily, monthly, quarterly, yearly","5min, 15min, hourly",Forecasted by Electricity Maps,"24h, 48h, 72h","5min, 15min, hourly"
Guyana,GY,C,Total Load,2017-01-01T00:00:00.000Z,"5min, 15min, hourly, daily, monthly, quarterly, yearly","5min, 15min, hourly",Forecasted by Electricity Maps,"24h, 48h, 72h","5min, 15min, hourly"
Guyana,GY,C,Electricity Mix,2017-01-01T00:00:00.000Z,"5min, 15min, hourly, daily, monthly, quarterly, yearly","5min, 15min, hourly",Forecasted by Electricity Maps,"24h, 48h, 72h","5min, 15min, hourly"
Hong Kong,HK,C,Renewable Energy,2017-01-01T00:00:00.000Z,"5min, 15min, hourly, daily, monthly, quarterly, yearly","5min, 15min, hourly",Forecasted by Electricity Maps,"24h, 48h, 72h","5min, 15min, hourly"
Hong Kong,HK,C,Carbon Free Energy,2017-01-01T00:00:00.000Z,"5min, 15min, hourly, daily, monthly, quarterly, yearly","5min, 15min, hourly",Forecasted by Electricity Maps,"24h, 48h, 72h","5min, 15min, hourly"
Hong Kong,HK,C,Fossil Only Carbon Intensity,2017-01-01T00:00:00.000Z,"5min, 15min, hourly, daily, monthly, quarterly, yearly","5min, 15min, hourly",Forecasted by Electricity Maps,"24h, 48h, 72h","5min, 15min, hourly"
Hong Kong,HK,C,Carbon Intensity,2017-01-01T00:00:00.000Z,"5min, 15min, hourly, daily, monthly, quarterly, yearly","5min, 15min, hourly",Forecasted by Electricity Maps,"24h, 48h, 72h","5min, 15min, hourly"
Hong Kong,HK,C,Electricity Flows,2017-01-01T00:00:00.000Z,"5min, 15min, hourly, daily, monthly, quarterly, yearly","5min, 15min, hourly",Forecasted by Electricity Maps,"24h, 48h, 72h","5min, 15min, hourly"
Hong Kong,HK,C,Total Load,2017-01-01T00:00:00.000Z,"5min, 15min, hourly, daily, monthly, quarterly, yearly","5min, 15min, hourly",Forecasted by Electricity Maps,"24h, 48h, 72h","5min, 15min, hourly"
Hong Kong,HK,C,Electricity Mix,2017-01-01T00:00:00.000Z,"5min, 15min, hourly, daily, monthly, quarterly, yearly","5min, 15min, hourly",Forecasted by Electricity Maps,"24h, 48h, 72h","5min, 15min, hourly"
Croatia,HR,A,Price Day Ahead,2017-10-17T00:00:00.000Z,"5min, 15min, hourly, daily, monthly, quarterly, yearly","5min, 15min, hourly",Forecasted by Electricity Maps,"24h, 48h, 72h","5min, 15min, hourly"
Croatia,HR,A,Renewable Energy,2017-01-01T00:00:00.000Z,"5min, 15min, hourly, daily, monthly, quarterly, yearly","5min, 15min, hourly",Forecasted by Electricity Maps,"24h, 48h, 72h","5min, 15min, hourly"
Croatia,HR,A,Carbon Free Energy,2017-01-01T00:00:00.000Z,"5min, 15min, hourly, daily, monthly, quarterly, yearly","5min, 15min, hourly",Forecasted by Electricity Maps,"24h, 48h, 72h","5min, 15min, hourly"
Croatia,HR,A,Fossil Only Carbon Intensity,2017-01-01T00:00:00.000Z,"5min, 15min, hourly, daily, monthly, quarterly, yearly","5min, 15min, hourly",Forecasted by Electricity Maps,"24h, 48h, 72h","5min, 15min, hourly"
Croatia,HR,A,Carbon Intensity,2017-01-01T00:00:00.000Z,"5min, 15min, hourly, daily, monthly, quarterly, yearly","5min, 15min, hourly",Forecasted by Electricity Maps,"24h, 48h, 72h","5min, 15min, hourly"
Croatia,HR,A,Electricity Flows,2017-01-01T00:00:00.000Z,"5min, 15min, hourly, daily, monthly, quarterly, yearly","5min, 15min, hourly",Forecasted by Electricity Maps,"24h, 48h, 72h","5min, 15min, hourly"
Croatia,HR,A,Total Load,2017-01-01T00:00:00.000Z,"5min, 15min, hourly, daily, monthly, quarterly, yearly","5min, 15min, hourly",Forecasted by Electricity Maps,"24h, 48h, 72h","5min, 15min, hourly"
Croatia,HR,A,Electricity Mix,2017-01-01T00:00:00.000Z,"5min, 15min, hourly, daily, monthly, quarterly, yearly","5min, 15min, hourly",Forecasted by Electricity Maps,"24h, 48h, 72h","5min, 15min, hourly"
Croatia,HR,A,Total Reported Load,2018-01-01T00:00:00.000Z,"5min, 15min, hourly","5min, 15min, hourly",Forecasted by Electricity Maps,"24h, 48h, 72h","5min, 15min, hourly"
Haiti,HT,C,Renewable Energy,2017-01-01T00:00:00.000Z,"5min, 15min, hourly, daily, monthly, quarterly, yearly","5min, 15min, hourly",Forecasted by Electricity Maps,"24h, 48h, 72h","5min, 15min, hourly"
Haiti,HT,C,Carbon Free Energy,2017-01-01T00:00:00.000Z,"5min, 15min, hourly, daily, monthly, quarterly, yearly","5min, 15min, hourly",Forecasted by Electricity Maps,"24h, 48h, 72h","5min, 15min, hourly"
Haiti,HT,C,Fossil Only Carbon Intensity,2017-01-01T00:00:00.000Z,"5min, 15min, hourly, daily, monthly, quarterly, yearly","5min, 15min, hourly",Forecasted by Electricity Maps,"24h, 48h, 72h","5min, 15min, hourly"
Haiti,HT,C,Carbon Intensity,2017-01-01T00:00:00.000Z,"5min, 15min, hourly, daily, monthly, quarterly, yearly","5min, 15min, hourly",Forecasted by Electricity Maps,"24h, 48h, 72h","5min, 15min, hourly"
Haiti,HT,C,Electricity Flows,2017-01-01T00:00:00.000Z,"5min, 15min, hourly, daily, monthly, quarterly, yearly","5min, 15min, hourly",Forecasted by Electricity Maps,"24h, 48h, 72h","5min, 15min, hourly"
Haiti,HT,C,Total Load,2017-01-01T00:00:00.000Z,"5min, 15min, hourly, daily, monthly, quarterly, yearly","5min, 15min, hourly",Forecasted by Electricity Maps,"24h, 48h, 72h","5min, 15min, hourly"
Haiti,HT,C,Electricity Mix,2017-01-01T00:00:00.000Z,"5min, 15min, hourly, daily, monthly, quarterly, yearly","5min, 15min, hourly",Forecasted by Electricity Maps,"24h, 48h, 72h","5min, 15min, hourly"
Hungary,HU,A,Price Day Ahead,2015-01-01T00:00:00.000Z,"5min, 15min, hourly, daily, monthly, quarterly, yearly","5min, 15min, hourly",Forecasted by Electricity Maps,"24h, 48h, 72h","5min, 15min, hourly"
Hungary,HU,A,Renewable Energy,2015-01-01T00:00:00.000Z,"5min, 15min, hourly, daily, monthly, quarterly, yearly","5min, 15min, hourly",Forecasted by Electricity Maps,"24h, 48h, 72h","5min, 15min, hourly"
Hungary,HU,A,Carbon Free Energy,2015-01-01T00:00:00.000Z,"5min, 15min, hourly, daily, monthly, quarterly, yearly","5min, 15min, hourly",Forecasted by Electricity Maps,"24h, 48h, 72h","5min, 15min, hourly"
Hungary,HU,A,Fossil Only Carbon Intensity,2015-01-01T00:00:00.000Z,"5min, 15min, hourly, daily, monthly, quarterly, yearly","5min, 15min, hourly",Forecasted by Electricity Maps,"24h, 48h, 72h","5min, 15min, hourly"
Hungary,HU,A,Carbon Intensity,2015-01-01T00:00:00.000Z,"5min, 15min, hourly, daily, monthly, quarterly, yearly","5min, 15min, hourly",Forecasted by Electricity Maps,"24h, 48h, 72h","5min, 15min, hourly"
Hungary,HU,A,Electricity Flows,2015-01-01T00:00:00.000Z,"5min, 15min, hourly, daily, monthly, quarterly, yearly","5min, 15min, hourly",Forecasted by Electricity Maps,"24h, 48h, 72h","5min, 15min, hourly"
Hungary,HU,A,Total Load,2015-01-01T00:00:00.000Z,"5min, 15min, hourly, daily, monthly, quarterly, yearly","5min, 15min, hourly",Forecasted by Electricity Maps,"24h, 48h, 72h","5min, 15min, hourly"
Hungary,HU,A,Electricity Mix,2015-01-01T00:00:00.000Z,"5min, 15min, hourly, daily, monthly, quarterly, yearly","5min, 15min, hourly",Forecasted by Electricity Maps,"24h, 48h, 72h","5min, 15min, hourly"
Hungary,HU,A,Total Reported Load,2018-01-01T00:00:00.000Z,"5min, 15min, hourly","5min, 15min, hourly",Forecasted by Electricity Maps,"24h, 48h, 72h","5min, 15min, hourly"
Indonesia,ID,C,Renewable Energy,2017-01-01T00:00:00.000Z,"5min, 15min, hourly, daily, monthly, quarterly, yearly","5min, 15min, hourly",Forecasted by Electricity Maps,"24h, 48h, 72h","5min, 15min, hourly"
Indonesia,ID,C,Carbon Free Energy,2017-01-01T00:00:00.000Z,"5min, 15min, hourly, daily, monthly, quarterly, yearly","5min, 15min, hourly",Forecasted by Electricity Maps,"24h, 48h, 72h","5min, 15min, hourly"
Indonesia,ID,C,Fossil Only Carbon Intensity,2017-01-01T00:00:00.000Z,"5min, 15min, hourly, daily, monthly, quarterly, yearly","5min, 15min, hourly",Forecasted by Electricity Maps,"24h, 48h, 72h","5min, 15min, hourly"
Indonesia,ID,C,Carbon Intensity,2017-01-01T00:00:00.000Z,"5min, 15min, hourly, daily, monthly, quarterly, yearly","5min, 15min, hourly",Forecasted by Electricity Maps,"24h, 48h, 72h","5min, 15min, hourly"
Indonesia,ID,C,Electricity Flows,2017-01-01T00:00:00.000Z,"5min, 15min, hourly, daily, monthly, quarterly, yearly","5min, 15min, hourly",Forecasted by Electricity Maps,"24h, 48h, 72h","5min, 15min, hourly"
Indonesia,ID,C,Total Load,2017-01-01T00:00:00.000Z,"5min, 15min, hourly, daily, monthly, quarterly, yearly","5min, 15min, hourly",Forecasted by Electricity Maps,"24h, 48h, 72h","5min, 15min, hourly"
Indonesia,ID,C,Electricity Mix,2017-01-01T00:00:00.000Z,"5min, 15min, hourly, daily, monthly, quarterly, yearly","5min, 15min, hourly",Forecasted by Electricity Maps,"24h, 48h, 72h","5min, 15min, hourly"
Ireland,IE,B,Price Day Ahead,2015-01-01T00:00:00.000Z,"5min, 15min, hourly, daily, monthly, quarterly, yearly","5min, 15min, hourly",Forecasted by Electricity Maps,"24h, 48h, 72h","5min, 15min, hourly"
Ireland,IE,B,Renewable Energy,2017-01-01T00:00:00.000Z,"5min, 15min, hourly, daily, monthly, quarterly, yearly","5min, 15min, hourly",Forecasted by Electricity Maps,"24h, 48h, 72h","5min, 15min, hourly"
Ireland,IE,B,Carbon Free Energy,2017-01-01T00:00:00.000Z,"5min, 15min, hourly, daily, monthly, quarterly, yearly","5min, 15min, hourly",Forecasted by Electricity Maps,"24h, 48h, 72h","5min, 15min, hourly"
Ireland,IE,B,Fossil Only Carbon Intensity,2017-01-01T00:00:00.000Z,"5min, 15min, hourly, daily, monthly, quarterly, yearly","5min, 15min, hourly",Forecasted by Electricity Maps,"24h, 48h, 72h","5min, 15min, hourly"
Ireland,IE,B,Carbon Intensity,2017-01-01T00:00:00.000Z,"5min, 15min, hourly, daily, monthly, quarterly, yearly","5min, 15min, hourly",Forecasted by Electricity Maps,"24h, 48h, 72h","5min, 15min, hourly"
Ireland,IE,B,Electricity Flows,2017-01-01T00:00:00.000Z,"5min, 15min, hourly, daily, monthly, quarterly, yearly","5min, 15min, hourly",Forecasted by Electricity Maps,"24h, 48h, 72h","5min, 15min, hourly"
Ireland,IE,B,Total Load,2017-01-01T00:00:00.000Z,"5min, 15min, hourly, daily, monthly, quarterly, yearly","5min, 15min, hourly",Forecasted by Electricity Maps,"24h, 48h, 72h","5min, 15min, hourly"
Ireland,IE,B,Electricity Mix,2017-01-01T00:00:00.000Z,"5min, 15min, hourly, daily, monthly, quarterly, yearly","5min, 15min, hourly",Forecasted by Electricity Maps,"24h, 48h, 72h","5min, 15min, hourly"
Ireland,IE,B,Total Reported Load,2019-01-01T00:00:00.000Z,"5min, 15min, hourly","5min, 15min, hourly",Forecasted by Electricity Maps,"24h, 48h, 72h","5min, 15min, hourly"
Israel,IL,C,Price Day Ahead,2017-01-01T00:00:00.000Z,"5min, 15min, hourly, daily, monthly, quarterly, yearly","5min, 15min, hourly",Forecasted by Electricity Maps,"24h, 48h, 72h","5min, 15min, hourly"
Israel,IL,C,Renewable Energy,2017-01-01T00:00:00.000Z,"5min, 15min, hourly, daily, monthly, quarterly, yearly","5min, 15min, hourly",Forecasted by Electricity Maps,"24h, 48h, 72h","5min, 15min, hourly"
Israel,IL,C,Carbon Free Energy,2017-01-01T00:00:00.000Z,"5min, 15min, hourly, daily, monthly, quarterly, yearly","5min, 15min, hourly",Forecasted by Electricity Maps,"24h, 48h, 72h","5min, 15min, hourly"
Israel,IL,C,Fossil Only Carbon Intensity,2017-01-01T00:00:00.000Z,"5min, 15min, hourly, daily, monthly, quarterly, yearly","5min, 15min, hourly",Forecasted by Electricity Maps,"24h, 48h, 72h","5min, 15min, hourly"
Israel,IL,C,Carbon Intensity,2017-01-01T00:00:00.000Z,"5min, 15min, hourly, daily, monthly, quarterly, yearly","5min, 15min, hourly",Forecasted by Electricity Maps,"24h, 48h, 72h","5min, 15min, hourly"
Israel,IL,C,Electricity Flows,2017-01-01T00:00:00.000Z,"5min, 15min, hourly, daily, monthly, quarterly, yearly","5min, 15min, hourly",Forecasted by Electricity Maps,"24h, 48h, 72h","5min, 15min, hourly"
Israel,IL,C,Total Load,2017-01-01T00:00:00.000Z,"5min, 15min, hourly, daily, monthly, quarterly, yearly","5min, 15min, hourly",Forecasted by Electricity Maps,"24h, 48h, 72h","5min, 15min, hourly"
Israel,IL,C,Electricity Mix,2017-01-01T00:00:00.000Z,"5min, 15min, hourly, daily, monthly, quarterly, yearly","5min, 15min, hourly",Forecasted by Electricity Maps,"24h, 48h, 72h","5min, 15min, hourly"
Israel,IL,C,Total Reported Load,2019-01-01T00:00:00.000Z,"5min, 15min, hourly","5min, 15min, hourly",Forecasted by Electricity Maps,"24h, 48h, 72h","5min, 15min, hourly"
Eastern India,IN-EA,A,Renewable Energy,2017-01-01T00:00:00.000Z,"5min, 15min, hourly, daily, monthly, quarterly, yearly","5min, 15min, hourly",Forecasted by Electricity Maps,"24h, 48h, 72h","5min, 15min, hourly"
Eastern India,IN-EA,A,Carbon Free Energy,2017-01-01T00:00:00.000Z,"5min, 15min, hourly, daily, monthly, quarterly, yearly","5min, 15min, hourly",Forecasted by Electricity Maps,"24h, 48h, 72h","5min, 15min, hourly"
Eastern India,IN-EA,A,Fossil Only Carbon Intensity,2017-01-01T00:00:00.000Z,"5min, 15min, hourly, daily, monthly, quarterly, yearly","5min, 15min, hourly",Forecasted by Electricity Maps,"24h, 48h, 72h","5min, 15min, hourly"
Eastern India,IN-EA,A,Carbon Intensity,2017-01-01T00:00:00.000Z,"5min, 15min, hourly, daily, monthly, quarterly, yearly","5min, 15min, hourly",Forecasted by Electricity Maps,"24h, 48h, 72h","5min, 15min, hourly"
Eastern India,IN-EA,A,Electricity Flows,2017-01-01T00:00:00.000Z,"5min, 15min, hourly, daily, monthly, quarterly, yearly","5min, 15min, hourly",Forecasted by Electricity Maps,"24h, 48h, 72h","5min, 15min, hourly"
Eastern India,IN-EA,A,Total Load,2017-01-01T00:00:00.000Z,"5min, 15min, hourly, daily, monthly, quarterly, yearly","5min, 15min, hourly",Forecasted by Electricity Maps,"24h, 48h, 72h","5min, 15min, hourly"
Eastern India,IN-EA,A,Electricity Mix,2017-01-01T00:00:00.000Z,"5min, 15min, hourly, daily, monthly, quarterly, yearly","5min, 15min, hourly",Forecasted by Electricity Maps,"24h, 48h, 72h","5min, 15min, hourly"
Eastern India,IN-EA,A,Total Reported Load,2019-01-01T00:00:00.000Z,"5min, 15min, hourly","5min, 15min, hourly",Forecasted by Electricity Maps,"24h, 48h, 72h","5min, 15min, hourly"
Faroe Islands,FO,,Renewable Energy,2017-01-01T00:00:00.000Z,"5min, 15min, hourly, daily, monthly, quarterly, yearly","5min, 15min, hourly",Forecasted by Electricity Maps,"24h, 48h, 72h","5min, 15min, hourly"
Faroe Islands,FO,,Carbon Free Energy,2017-01-01T00:00:00.000Z,"5min, 15min, hourly, daily, monthly, quarterly, yearly","5min, 15min, hourly",Forecasted by Electricity Maps,"24h, 48h, 72h","5min, 15min, hourly"
Faroe Islands,FO,,Fossil Only Carbon Intensity,2017-01-01T00:00:00.000Z,"5min, 15min, hourly, daily, monthly, quarterly, yearly","5min, 15min, hourly",Forecasted by Electricity Maps,"24h, 48h, 72h","5min, 15min, hourly"
Faroe Islands,FO,,Carbon Intensity,2017-01-01T00:00:00.000Z,"5min, 15min, hourly, daily, monthly, quarterly, yearly","5min, 15min, hourly",Forecasted by Electricity Maps,"24h, 48h, 72h","5min, 15min, hourly"
Faroe Islands,FO,,Electricity Flows,2017-01-01T00:00:00.000Z,"5min, 15min, hourly, daily, monthly, quarterly, yearly","5min, 15min, hourly",Forecasted by Electricity Maps,"24h, 48h, 72h","5min, 15min, hourly"
Faroe Islands,FO,,Total Load,2017-01-01T00:00:00.000Z,"5min, 15min, hourly, daily, monthly, quarterly, yearly","5min, 15min, hourly",Forecasted by Electricity Maps,"24h, 48h, 72h","5min, 15min, hourly"
Faroe Islands,FO,,Electricity Mix,2017-01-01T00:00:00.000Z,"5min, 15min, hourly, daily, monthly, quarterly, yearly","5min, 15min, hourly",Forecasted by Electricity Maps,"24h, 48h, 72h","5min, 15min, hourly"
Denmark,DK,,Renewable Energy,2017-01-01T00:00:00.000Z,"5min, 15min, hourly, daily, monthly, quarterly, yearly","5min, 15min, hourly",Forecasted by Electricity Maps,"24h, 48h, 72h","5min, 15min, hourly"
Denmark,DK,,Carbon Free Energy,2017-01-01T00:00:00.000Z,"5min, 15min, hourly, daily, monthly, quarterly, yearly","5min, 15min, hourly",Forecasted by Electricity Maps,"24h, 48h, 72h","5min, 15min, hourly"
Denmark,DK,,Fossil Only Carbon Intensity,2017-01-01T00:00:00.000Z,"5min, 15min, hourly, daily, monthly, quarterly, yearly","5min, 15min, hourly",Forecasted by Electricity Maps,"24h, 48h, 72h","5min, 15min, hourly"
Denmark,DK,,Carbon Intensity,2017-01-01T00:00:00.000Z,"5min, 15min, hourly, daily, monthly, quarterly, yearly","5min, 15min, hourly",Forecasted by Electricity Maps,"24h, 48h, 72h","5min, 15min, hourly"
Denmark,DK,,Electricity Flows,2017-01-01T00:00:00.000Z,"5min, 15min, hourly, daily, monthly, quarterly, yearly","5min, 15min, hourly",Forecasted by Electricity Maps,"24h, 48h, 72h","5min, 15min, hourly"
Denmark,DK,,Total Load,2017-01-01T00:00:00.000Z,"5min, 15min, hourly, daily, monthly, quarterly, yearly","5min, 15min, hourly",Forecasted by Electricity Maps,"24h, 48h, 72h","5min, 15min, hourly"
Denmark,DK,,Electricity Mix,2015-01-01T00:00:00.000Z,"5min, 15min, hourly, daily, monthly, quarterly, yearly","5min, 15min, hourly",Forecasted by Electricity Maps,"24h, 48h, 72h","5min, 15min, hourly"
Denmark,DK,,Total Reported Load,2018-01-01T00:00:00.000Z,"5min, 15min, hourly","5min, 15min, hourly",Forecasted by Electricity Maps,"24h, 48h, 72h","5min, 15min, hourly"
Northern Ireland,GB-NIR,B,Price Day Ahead,2015-01-01T00:00:00.000Z,"5min, 15min, hourly, daily, monthly, quarterly, yearly","5min, 15min, hourly",Forecasted by Electricity Maps,"24h, 48h, 72h","5min, 15min, hourly"
Northern Ireland,GB-NIR,B,Renewable Energy,2017-01-01T00:00:00.000Z,"5min, 15min, hourly, daily, monthly, quarterly, yearly","5min, 15min, hourly",Forecasted by Electricity Maps,"24h, 48h, 72h","5min, 15min, hourly"
Northern Ireland,GB-NIR,B,Carbon Free Energy,2017-01-01T00:00:00.000Z,"5min, 15min, hourly, daily, monthly, quarterly, yearly","5min, 15min, hourly",Forecasted by Electricity Maps,"24h, 48h, 72h","5min, 15min, hourly"
Northern Ireland,GB-NIR,B,Fossil Only Carbon Intensity,2017-01-01T00:00:00.000Z,"5min, 15min, hourly, daily, monthly, quarterly, yearly","5min, 15min, hourly",Forecasted by Electricity Maps,"24h, 48h, 72h","5min, 15min, hourly"
Northern Ireland,GB-NIR,B,Carbon Intensity,2017-01-01T00:00:00.000Z,"5min, 15min, hourly, daily, monthly, quarterly, yearly","5min, 15min, hourly",Forecasted by Electricity Maps,"24h, 48h, 72h","5min, 15min, hourly"
Northern Ireland,GB-NIR,B,Electricity Flows,2017-01-01T00:00:00.000Z,"5min, 15min, hourly, daily, monthly, quarterly, yearly","5min, 15min, hourly",Forecasted by Electricity Maps,"24h, 48h, 72h","5min, 15min, hourly"
Northern Ireland,GB-NIR,B,Total Load,2017-01-01T00:00:00.000Z,"5min, 15min, hourly, daily, monthly, quarterly, yearly","5min, 15min, hourly",Forecasted by Electricity Maps,"24h, 48h, 72h","5min, 15min, hourly"
Northern Ireland,GB-NIR,B,Electricity Mix,2017-01-01T00:00:00.000Z,"5min, 15min, hourly, daily, monthly, quarterly, yearly","5min, 15min, hourly",Forecasted by Electricity Maps,"24h, 48h, 72h","5min, 15min, hourly"
Northern Ireland,GB-NIR,B,Total Reported Load,2019-01-01T00:00:00.000Z,"5min, 15min, hourly","5min, 15min, hourly",Forecasted by Electricity Maps,"24h, 48h, 72h","5min, 15min, hourly"
Orkney Islands,GB-ORK,A,Renewable Energy,2017-01-01T00:00:00.000Z,"5min, 15min, hourly, daily, monthly, quarterly, yearly","5min, 15min, hourly",Forecasted by Electricity Maps,"24h, 48h, 72h","5min, 15min, hourly"
Orkney Islands,GB-ORK,A,Carbon Free Energy,2017-01-01T00:00:00.000Z,"5min, 15min, hourly, daily, monthly, quarterly, yearly","5min, 15min, hourly",Forecasted by Electricity Maps,"24h, 48h, 72h","5min, 15min, hourly"
Orkney Islands,GB-ORK,A,Fossil Only Carbon Intensity,2017-01-01T00:00:00.000Z,"5min, 15min, hourly, daily, monthly, quarterly, yearly","5min, 15min, hourly",Forecasted by Electricity Maps,"24h, 48h, 72h","5min, 15min, hourly"
Orkney Islands,GB-ORK,A,Carbon Intensity,2017-01-01T00:00:00.000Z,"5min, 15min, hourly, daily, monthly, quarterly, yearly","5min, 15min, hourly",Forecasted by Electricity Maps,"24h, 48h, 72h","5min, 15min, hourly"
Orkney Islands,GB-ORK,A,Electricity Flows,2017-01-01T00:00:00.000Z,"5min, 15min, hourly, daily, monthly, quarterly, yearly","5min, 15min, hourly",Forecasted by Electricity Maps,"24h, 48h, 72h","5min, 15min, hourly"
Orkney Islands,GB-ORK,A,Total Load,2017-01-01T00:00:00.000Z,"5min, 15min, hourly, daily, monthly, quarterly, yearly","5min, 15min, hourly",Forecasted by Electricity Maps,"24h, 48h, 72h","5min, 15min, hourly"
Orkney Islands,GB-ORK,A,Electricity Mix,2017-01-01T00:00:00.000Z,"5min, 15min, hourly, daily, monthly, quarterly, yearly","5min, 15min, hourly",Forecasted by Electricity Maps,"24h, 48h, 72h","5min, 15min, hourly"
Great Britain,GB,A,Price Day Ahead,2015-01-01T00:00:00.000Z,"5min, 15min, hourly, daily, monthly, quarterly, yearly","5min, 15min, hourly",Forecasted by Electricity Maps,"24h, 48h, 72h","5min, 15min, hourly"
Great Britain,GB,A,Renewable Energy,2015-01-01T00:00:00.000Z,"5min, 15min, hourly, daily, monthly, quarterly, yearly","5min, 15min, hourly",Forecasted by Electricity Maps,"24h, 48h, 72h","5min, 15min, hourly"
Great Britain,GB,A,Carbon Free Energy,2015-01-01T00:00:00.000Z,"5min, 15min, hourly, daily, monthly, quarterly, yearly","5min, 15min, hourly",Forecasted by Electricity Maps,"24h, 48h, 72h","5min, 15min, hourly"
Great Britain,GB,A,Fossil Only Carbon Intensity,2015-01-01T00:00:00.000Z,"5min, 15min, hourly, daily, monthly, quarterly, yearly","5min, 15min, hourly",Forecasted by Electricity Maps,"24h, 48h, 72h","5min, 15min, hourly"
Great Britain,GB,A,Carbon Intensity,2015-01-01T00:00:00.000Z,"5min, 15min, hourly, daily, monthly, quarterly, yearly","5min, 15min, hourly",Forecasted by Electricity Maps,"24h, 48h, 72h","5min, 15min, hourly"
Great Britain,GB,A,Electricity Flows,2015-01-01T00:00:00.000Z,"5min, 15min, hourly, daily, monthly, quarterly, yearly","5min, 15min, hourly",Forecasted by Electricity Maps,"24h, 48h, 72h","5min, 15min, hourly"
Great Britain,GB,A,Total Load,2015-01-01T00:00:00.000Z,"5min, 15min, hourly, daily, monthly, quarterly, yearly","5min, 15min, hourly",Forecasted by Electricity Maps,"24h, 48h, 72h","5min, 15min, hourly"
Great Britain,GB,A,Electricity Mix,2015-01-01T00:00:00.000Z,"5min, 15min, hourly, daily, monthly, quarterly, yearly","5min, 15min, hourly",Forecasted by Electricity Maps,"24h, 48h, 72h","5min, 15min, hourly"
Great Britain,GB,A,Total Reported Load,2018-01-01T00:00:00.000Z,"5min, 15min, hourly","5min, 15min, hourly",Forecasted by Electricity Maps,"24h, 48h, 72h","5min, 15min, hourly"
Unknown,IN-DL,,Renewable Energy,2017-11-01T00:00:00.000Z,"5min, 15min, hourly, daily, monthly, quarterly, yearly","5min, 15min, hourly",Forecasted by Electricity Maps,"24h, 48h, 72h","5min, 15min, hourly"
Unknown,IN-DL,,Carbon Free Energy,2017-11-01T00:00:00.000Z,"5min, 15min, hourly, daily, monthly, quarterly, yearly","5min, 15min, hourly",Forecasted by Electricity Maps,"24h, 48h, 72h","5min, 15min, hourly"
Unknown,IN-DL,,Fossil Only Carbon Intensity,2017-11-01T00:00:00.000Z,"5min, 15min, hourly, daily, monthly, quarterly, yearly","5min, 15min, hourly",Forecasted by Electricity Maps,"24h, 48h, 72h","5min, 15min, hourly"
Unknown,IN-DL,,Carbon Intensity,2017-11-01T00:00:00.000Z,"5min, 15min, hourly, daily, monthly, quarterly, yearly","5min, 15min, hourly",Forecasted by Electricity Maps,"24h, 48h, 72h","5min, 15min, hourly"
Unknown,IN-DL,,Electricity Flows,2017-11-01T00:00:00.000Z,"5min, 15min, hourly, daily, monthly, quarterly, yearly","5min, 15min, hourly",Forecasted by Electricity Maps,"24h, 48h, 72h","5min, 15min, hourly"
Unknown,IN-DL,,Total Load,2017-11-01T00:00:00.000Z,"5min, 15min, hourly, daily, monthly, quarterly, yearly","5min, 15min, hourly",Forecasted by Electricity Maps,"24h, 48h, 72h","5min, 15min, hourly"
Unknown,IN-DL,,Electricity Mix,2017-11-01T00:00:00.000Z,"5min, 15min, hourly, daily, monthly, quarterly, yearly","5min, 15min, hourly",Forecasted by Electricity Maps,"24h, 48h, 72h","5min, 15min, hourly"
Unknown,IN-DL,,Total Reported Load,2018-01-01T00:00:00.000Z,"5min, 15min, hourly","5min, 15min, hourly",Forecasted by Electricity Maps,"24h, 48h, 72h","5min, 15min, hourly"
Unknown,IN-HP,,Renewable Energy,2020-09-28T00:00:00.000Z,"5min, 15min, hourly, daily, monthly, quarterly, yearly","5min, 15min, hourly",Forecasted by Electricity Maps,"24h, 48h, 72h","5min, 15min, hourly"
Unknown,IN-HP,,Carbon Free Energy,2020-09-28T00:00:00.000Z,"5min, 15min, hourly, daily, monthly, quarterly, yearly","5min, 15min, hourly",Forecasted by Electricity Maps,"24h, 48h, 72h","5min, 15min, hourly"
Unknown,IN-HP,,Fossil Only Carbon Intensity,2020-09-28T00:00:00.000Z,"5min, 15min, hourly, daily, monthly, quarterly, yearly","5min, 15min, hourly",Forecasted by Electricity Maps,"24h, 48h, 72h","5min, 15min, hourly"
Unknown,IN-HP,,Carbon Intensity,2020-09-28T00:00:00.000Z,"5min, 15min, hourly, daily, monthly, quarterly, yearly","5min, 15min, hourly",Forecasted by Electricity Maps,"24h, 48h, 72h","5min, 15min, hourly"
Unknown,IN-HP,,Electricity Flows,2020-09-28T00:00:00.000Z,"5min, 15min, hourly, daily, monthly, quarterly, yearly","5min, 15min, hourly",Forecasted by Electricity Maps,"24h, 48h, 72h","5min, 15min, hourly"
Unknown,IN-HP,,Total Load,2020-09-28T00:00:00.000Z,"5min, 15min, hourly, daily, monthly, quarterly, yearly","5min, 15min, hourly",Forecasted by Electricity Maps,"24h, 48h, 72h","5min, 15min, hourly"
Unknown,IN-HP,,Electricity Mix,2020-09-28T00:00:00.000Z,"5min, 15min, hourly, daily, monthly, quarterly, yearly","5min, 15min, hourly",Forecasted by Electricity Maps,"24h, 48h, 72h","5min, 15min, hourly"
Unknown,IN-KA,,Renewable Energy,2017-09-06T00:00:00.000Z,"5min, 15min, hourly, daily, monthly, quarterly, yearly","5min, 15min, hourly",Forecasted by Electricity Maps,"24h, 48h, 72h","5min, 15min, hourly"
Unknown,IN-KA,,Carbon Free Energy,2017-09-06T00:00:00.000Z,"5min, 15min, hourly, daily, monthly, quarterly, yearly","5min, 15min, hourly",Forecasted by Electricity Maps,"24h, 48h, 72h","5min, 15min, hourly"
Unknown,IN-KA,,Fossil Only Carbon Intensity,2017-09-06T00:00:00.000Z,"5min, 15min, hourly, daily, monthly, quarterly, yearly","5min, 15min, hourly",Forecasted by Electricity Maps,"24h, 48h, 72h","5min, 15min, hourly"
Unknown,IN-KA,,Carbon Intensity,2017-09-06T00:00:00.000Z,"5min, 15min, hourly, daily, monthly, quarterly, yearly","5min, 15min, hourly",Forecasted by Electricity Maps,"24h, 48h, 72h","5min, 15min, hourly"
Unknown,IN-KA,,Electricity Flows,2017-09-06T00:00:00.000Z,"5min, 15min, hourly, daily, monthly, quarterly, yearly","5min, 15min, hourly",Forecasted by Electricity Maps,"24h, 48h, 72h","5min, 15min, hourly"
Unknown,IN-KA,,Total Load,2017-09-06T00:00:00.000Z,"5min, 15min, hourly, daily, monthly, quarterly, yearly","5min, 15min, hourly",Forecasted by Electricity Maps,"24h, 48h, 72h","5min, 15min, hourly"
Unknown,IN-KA,,Electricity Mix,2017-09-06T00:00:00.000Z,"5min, 15min, hourly, daily, monthly, quarterly, yearly","5min, 15min, hourly",Forecasted by Electricity Maps,"24h, 48h, 72h","5min, 15min, hourly"
Unknown,IN-KA,,Total Reported Load,2018-01-01T00:00:00.000Z,"5min, 15min, hourly","5min, 15min, hourly",Forecasted by Electricity Maps,"24h, 48h, 72h","5min, 15min, hourly"
Bornholm,DK-BHM,A,Price Day Ahead,2015-01-01T00:00:00.000Z,"5min, 15min, hourly, daily, monthly, quarterly, yearly","5min, 15min, hourly",Forecasted by Electricity Maps,"24h, 48h, 72h","5min, 15min, hourly"
Bornholm,DK-BHM,A,Renewable Energy,2017-01-01T00:00:00.000Z,"5min, 15min, hourly, daily, monthly, quarterly, yearly","5min, 15min, hourly",Forecasted by Electricity Maps,"24h, 48h, 72h","5min, 15min, hourly"
Bornholm,DK-BHM,A,Carbon Free Energy,2017-01-01T00:00:00.000Z,"5min, 15min, hourly, daily, monthly, quarterly, yearly","5min, 15min, hourly",Forecasted by Electricity Maps,"24h, 48h, 72h","5min, 15min, hourly"
Bornholm,DK-BHM,A,Fossil Only Carbon Intensity,2017-01-01T00:00:00.000Z,"5min, 15min, hourly, daily, monthly, quarterly, yearly","5min, 15min, hourly",Forecasted by Electricity Maps,"24h, 48h, 72h","5min, 15min, hourly"
Bornholm,DK-BHM,A,Carbon Intensity,2017-01-01T00:00:00.000Z,"5min, 15min, hourly, daily, monthly, quarterly, yearly","5min, 15min, hourly",Forecasted by Electricity Maps,"24h, 48h, 72h","5min, 15min, hourly"
Bornholm,DK-BHM,A,Electricity Flows,2017-01-01T00:00:00.000Z,"5min, 15min, hourly, daily, monthly, quarterly, yearly","5min, 15min, hourly",Forecasted by Electricity Maps,"24h, 48h, 72h","5min, 15min, hourly"
Bornholm,DK-BHM,A,Total Load,2017-01-01T00:00:00.000Z,"5min, 15min, hourly, daily, monthly, quarterly, yearly","5min, 15min, hourly",Forecasted by Electricity Maps,"24h, 48h, 72h","5min, 15min, hourly"
Bornholm,DK-BHM,A,Electricity Mix,2017-01-01T00:00:00.000Z,"5min, 15min, hourly, daily, monthly, quarterly, yearly","5min, 15min, hourly",Forecasted by Electricity Maps,"24h, 48h, 72h","5min, 15min, hourly"
North Eastern India,IN-NE,A,Renewable Energy,2017-01-01T00:00:00.000Z,"5min, 15min, hourly, daily, monthly, quarterly, yearly","5min, 15min, hourly",Forecasted by Electricity Maps,"24h, 48h, 72h","5min, 15min, hourly"
North Eastern India,IN-NE,A,Carbon Free Energy,2017-01-01T00:00:00.000Z,"5min, 15min, hourly, daily, monthly, quarterly, yearly","5min, 15min, hourly",Forecasted by Electricity Maps,"24h, 48h, 72h","5min, 15min, hourly"
North Eastern India,IN-NE,A,Fossil Only Carbon Intensity,2017-01-01T00:00:00.000Z,"5min, 15min, hourly, daily, monthly, quarterly, yearly","5min, 15min, hourly",Forecasted by Electricity Maps,"24h, 48h, 72h","5min, 15min, hourly"
North Eastern India,IN-NE,A,Carbon Intensity,2017-01-01T00:00:00.000Z,"5min, 15min, hourly, daily, monthly, quarterly, yearly","5min, 15min, hourly",Forecasted by Electricity Maps,"24h, 48h, 72h","5min, 15min, hourly"
North Eastern India,IN-NE,A,Electricity Flows,2017-01-01T00:00:00.000Z,"5min, 15min, hourly, daily, monthly, quarterly, yearly","5min, 15min, hourly",Forecasted by Electricity Maps,"24h, 48h, 72h","5min, 15min, hourly"
North Eastern India,IN-NE,A,Total Load,2017-01-01T00:00:00.000Z,"5min, 15min, hourly, daily, monthly, quarterly, yearly","5min, 15min, hourly",Forecasted by Electricity Maps,"24h, 48h, 72h","5min, 15min, hourly"
North Eastern India,IN-NE,A,Electricity Mix,2017-01-01T00:00:00.000Z,"5min, 15min, hourly, daily, monthly, quarterly, yearly","5min, 15min, hourly",Forecasted by Electricity Maps,"24h, 48h, 72h","5min, 15min, hourly"
North Eastern India,IN-NE,A,Total Reported Load,2019-01-01T00:00:00.000Z,"5min, 15min, hourly","5min, 15min, hourly",Forecasted by Electricity Maps,"24h, 48h, 72h","5min, 15min, hourly"
Northern India,IN-NO,A,Renewable Energy,2017-01-01T00:00:00.000Z,"5min, 15min, hourly, daily, monthly, quarterly, yearly","5min, 15min, hourly",Forecasted by Electricity Maps,"24h, 48h, 72h","5min, 15min, hourly"
Northern India,IN-NO,A,Carbon Free Energy,2017-01-01T00:00:00.000Z,"5min, 15min, hourly, daily, monthly, quarterly, yearly","5min, 15min, hourly",Forecasted by Electricity Maps,"24h, 48h, 72h","5min, 15min, hourly"
Northern India,IN-NO,A,Fossil Only Carbon Intensity,2017-01-01T00:00:00.000Z,"5min, 15min, hourly, daily, monthly, quarterly, yearly","5min, 15min, hourly",Forecasted by Electricity Maps,"24h, 48h, 72h","5min, 15min, hourly"
Northern India,IN-NO,A,Carbon Intensity,2017-01-01T00:00:00.000Z,"5min, 15min, hourly, daily, monthly, quarterly, yearly","5min, 15min, hourly",Forecasted by Electricity Maps,"24h, 48h, 72h","5min, 15min, hourly"
Northern India,IN-NO,A,Electricity Flows,2017-01-01T00:00:00.000Z,"5min, 15min, hourly, daily, monthly, quarterly, yearly","5min, 15min, hourly",Forecasted by Electricity Maps,"24h, 48h, 72h","5min, 15min, hourly"
Northern India,IN-NO,A,Total Load,2017-01-01T00:00:00.000Z,"5min, 15min, hourly, daily, monthly, quarterly, yearly","5min, 15min, hourly",Forecasted by Electricity Maps,"24h, 48h, 72h","5min, 15min, hourly"
Northern India,IN-NO,A,Electricity Mix,2017-01-01T00:00:00.000Z,"5min, 15min, hourly, daily, monthly, quarterly, yearly","5min, 15min, hourly",Forecasted by Electricity Maps,"24h, 48h, 72h","5min, 15min, hourly"
Northern India,IN-NO,A,Total Reported Load,2019-01-01T00:00:00.000Z,"5min, 15min, hourly","5min, 15min, hourly",Forecasted by Electricity Maps,"24h, 48h, 72h","5min, 15min, hourly"
Southern India,IN-SO,A,Renewable Energy,2017-01-01T00:00:00.000Z,"5min, 15min, hourly, daily, monthly, quarterly, yearly","5min, 15min, hourly",Forecasted by Electricity Maps,"24h, 48h, 72h","5min, 15min, hourly"
Southern India,IN-SO,A,Carbon Free Energy,2017-01-01T00:00:00.000Z,"5min, 15min, hourly, daily, monthly, quarterly, yearly","5min, 15min, hourly",Forecasted by Electricity Maps,"24h, 48h, 72h","5min, 15min, hourly"
Southern India,IN-SO,A,Fossil Only Carbon Intensity,2017-01-01T00:00:00.000Z,"5min, 15min, hourly, daily, monthly, quarterly, yearly","5min, 15min, hourly",Forecasted by Electricity Maps,"24h, 48h, 72h","5min, 15min, hourly"
Southern India,IN-SO,A,Carbon Intensity,2017-01-01T00:00:00.000Z,"5min, 15min, hourly, daily, monthly, quarterly, yearly","5min, 15min, hourly",Forecasted by Electricity Maps,"24h, 48h, 72h","5min, 15min, hourly"
Southern India,IN-SO,A,Electricity Flows,2017-01-01T00:00:00.000Z,"5min, 15min, hourly, daily, monthly, quarterly, yearly","5min, 15min, hourly",Forecasted by Electricity Maps,"24h, 48h, 72h","5min, 15min, hourly"
Southern India,IN-SO,A,Total Load,2017-01-01T00:00:00.000Z,"5min, 15min, hourly, daily, monthly, quarterly, yearly","5min, 15min, hourly",Forecasted by Electricity Maps,"24h, 48h, 72h","5min, 15min, hourly"
Southern India,IN-SO,A,Electricity Mix,2017-01-01T00:00:00.000Z,"5min, 15min, hourly, daily, monthly, quarterly, yearly","5min, 15min, hourly",Forecasted by Electricity Maps,"24h, 48h, 72h","5min, 15min, hourly"
Southern India,IN-SO,A,Total Reported Load,2019-01-01T00:00:00.000Z,"5min, 15min, hourly","5min, 15min, hourly",Forecasted by Electricity Maps,"24h, 48h, 72h","5min, 15min, hourly"
Western India,IN-WE,A,Renewable Energy,2017-01-01T00:00:00.000Z,"5min, 15min, hourly, daily, monthly, quarterly, yearly","5min, 15min, hourly",Forecasted by Electricity Maps,"24h, 48h, 72h","5min, 15min, hourly"
Western India,IN-WE,A,Carbon Free Energy,2017-01-01T00:00:00.000Z,"5min, 15min, hourly, daily, monthly, quarterly, yearly","5min, 15min, hourly",Forecasted by Electricity Maps,"24h, 48h, 72h","5min, 15min, hourly"
Western India,IN-WE,A,Fossil Only Carbon Intensity,2017-01-01T00:00:00.000Z,"5min, 15min, hourly, daily, monthly, quarterly, yearly","5min, 15min, hourly",Forecasted by Electricity Maps,"24h, 48h, 72h","5min, 15min, hourly"
Western India,IN-WE,A,Carbon Intensity,2017-01-01T00:00:00.000Z,"5min, 15min, hourly, daily, monthly, quarterly, yearly","5min, 15min, hourly",Forecasted by Electricity Maps,"24h, 48h, 72h","5min, 15min, hourly"
Western India,IN-WE,A,Electricity Flows,2017-01-01T00:00:00.000Z,"5min, 15min, hourly, daily, monthly, quarterly, yearly","5min, 15min, hourly",Forecasted by Electricity Maps,"24h, 48h, 72h","5min, 15min, hourly"
Western India,IN-WE,A,Total Load,2017-01-01T00:00:00.000Z,"5min, 15min, hourly, daily, monthly, quarterly, yearly","5min, 15min, hourly",Forecasted by Electricity Maps,"24h, 48h, 72h","5min, 15min, hourly"
Western India,IN-WE,A,Electricity Mix,2017-01-01T00:00:00.000Z,"5min, 15min, hourly, daily, monthly, quarterly, yearly","5min, 15min, hourly",Forecasted by Electricity Maps,"24h, 48h, 72h","5min, 15min, hourly"
Western India,IN-WE,A,Total Reported Load,2019-01-01T00:00:00.000Z,"5min, 15min, hourly","5min, 15min, hourly",Forecasted by Electricity Maps,"24h, 48h, 72h","5min, 15min, hourly"
Iraq,IQ,C,Renewable Energy,2017-01-01T00:00:00.000Z,"5min, 15min, hourly, daily, monthly, quarterly, yearly","5min, 15min, hourly",Forecasted by Electricity Maps,"24h, 48h, 72h","5min, 15min, hourly"
Iraq,IQ,C,Carbon Free Energy,2017-01-01T00:00:00.000Z,"5min, 15min, hourly, daily, monthly, quarterly, yearly","5min, 15min, hourly",Forecasted by Electricity Maps,"24h, 48h, 72h","5min, 15min, hourly"
Iraq,IQ,C,Fossil Only Carbon Intensity,2017-01-01T00:00:00.000Z,"5min, 15min, hourly, daily, monthly, quarterly, yearly","5min, 15min, hourly",Forecasted by Electricity Maps,"24h, 48h, 72h","5min, 15min, hourly"
Iraq,IQ,C,Carbon Intensity,2017-01-01T00:00:00.000Z,"5min, 15min, hourly, daily, monthly, quarterly, yearly","5min, 15min, hourly",Forecasted by Electricity Maps,"24h, 48h, 72h","5min, 15min, hourly"
Iraq,IQ,C,Electricity Flows,2017-01-01T00:00:00.000Z,"5min, 15min, hourly, daily, monthly, quarterly, yearly","5min, 15min, hourly",Forecasted by Electricity Maps,"24h, 48h, 72h","5min, 15min, hourly"
Iraq,IQ,C,Total Load,2017-01-01T00:00:00.000Z,"5min, 15min, hourly, daily, monthly, quarterly, yearly","5min, 15min, hourly",Forecasted by Electricity Maps,"24h, 48h, 72h","5min, 15min, hourly"
Iraq,IQ,C,Electricity Mix,2017-01-01T00:00:00.000Z,"5min, 15min, hourly, daily, monthly, quarterly, yearly","5min, 15min, hourly",Forecasted by Electricity Maps,"24h, 48h, 72h","5min, 15min, hourly"
Iraq,IQ,C,Total Reported Load,2018-01-01T00:00:00.000Z,"5min, 15min, hourly","5min, 15min, hourly",Forecasted by Electricity Maps,"24h, 48h, 72h","5min, 15min, hourly"
Iran,IR,C,Renewable Energy,2017-01-01T00:00:00.000Z,"5min, 15min, hourly, daily, monthly, quarterly, yearly","5min, 15min, hourly",Forecasted by Electricity Maps,"24h, 48h, 72h","5min, 15min, hourly"
Iran,IR,C,Carbon Free Energy,2017-01-01T00:00:00.000Z,"5min, 15min, hourly, daily, monthly, quarterly, yearly","5min, 15min, hourly",Forecasted by Electricity Maps,"24h, 48h, 72h","5min, 15min, hourly"
Iran,IR,C,Fossil Only Carbon Intensity,2017-01-01T00:00:00.000Z,"5min, 15min, hourly, daily, monthly, quarterly, yearly","5min, 15min, hourly",Forecasted by Electricity Maps,"24h, 48h, 72h","5min, 15min, hourly"
Iran,IR,C,Carbon Intensity,2017-01-01T00:00:00.000Z,"5min, 15min, hourly, daily, monthly, quarterly, yearly","5min, 15min, hourly",Forecasted by Electricity Maps,"24h, 48h, 72h","5min, 15min, hourly"
Iran,IR,C,Electricity Flows,2017-01-01T00:00:00.000Z,"5min, 15min, hourly, daily, monthly, quarterly, yearly","5min, 15min, hourly",Forecasted by Electricity Maps,"24h, 48h, 72h","5min, 15min, hourly"
Iran,IR,C,Total Load,2017-01-01T00:00:00.000Z,"5min, 15min, hourly, daily, monthly, quarterly, yearly","5min, 15min, hourly",Forecasted by Electricity Maps,"24h, 48h, 72h","5min, 15min, hourly"
Iran,IR,C,Electricity Mix,2017-01-01T00:00:00.000Z,"5min, 15min, hourly, daily, monthly, quarterly, yearly","5min, 15min, hourly",Forecasted by Electricity Maps,"24h, 48h, 72h","5min, 15min, hourly"
Iceland,IS,A,Renewable Energy,2017-01-01T00:00:00.000Z,"5min, 15min, hourly, daily, monthly, quarterly, yearly","5min, 15min, hourly",Forecasted by Electricity Maps,"24h, 48h, 72h","5min, 15min, hourly"
Iceland,IS,A,Carbon Free Energy,2017-01-01T00:00:00.000Z,"5min, 15min, hourly, daily, monthly, quarterly, yearly","5min, 15min, hourly",Forecasted by Electricity Maps,"24h, 48h, 72h","5min, 15min, hourly"
Iceland,IS,A,Fossil Only Carbon Intensity,2017-01-01T00:00:00.000Z,"5min, 15min, hourly, daily, monthly, quarterly, yearly","5min, 15min, hourly",Forecasted by Electricity Maps,"24h, 48h, 72h","5min, 15min, hourly"
Iceland,IS,A,Carbon Intensity,2017-01-01T00:00:00.000Z,"5min, 15min, hourly, daily, monthly, quarterly, yearly","5min, 15min, hourly",Forecasted by Electricity Maps,"24h, 48h, 72h","5min, 15min, hourly"
Iceland,IS,A,Electricity Flows,2017-01-01T00:00:00.000Z,"5min, 15min, hourly, daily, monthly, quarterly, yearly","5min, 15min, hourly",Forecasted by Electricity Maps,"24h, 48h, 72h","5min, 15min, hourly"
Iceland,IS,A,Total Load,2017-01-01T00:00:00.000Z,"5min, 15min, hourly, daily, monthly, quarterly, yearly","5min, 15min, hourly",Forecasted by Electricity Maps,"24h, 48h, 72h","5min, 15min, hourly"
Iceland,IS,A,Electricity Mix,2017-01-01T00:00:00.000Z,"5min, 15min, hourly, daily, monthly, quarterly, yearly","5min, 15min, hourly",Forecasted by Electricity Maps,"24h, 48h, 72h","5min, 15min, hourly"
Central North Italy,IT-CNO,A,Price Day Ahead,2015-01-04T00:00:00.000Z,"5min, 15min, hourly, daily, monthly, quarterly, yearly","5min, 15min, hourly",Forecasted by Electricity Maps,"24h, 48h, 72h","5min, 15min, hourly"
Central North Italy,IT-CNO,A,Renewable Energy,2015-01-01T00:00:00.000Z,"5min, 15min, hourly, daily, monthly, quarterly, yearly","5min, 15min, hourly",Forecasted by Electricity Maps,"24h, 48h, 72h","5min, 15min, hourly"
Central North Italy,IT-CNO,A,Carbon Free Energy,2015-01-01T00:00:00.000Z,"5min, 15min, hourly, daily, monthly, quarterly, yearly","5min, 15min, hourly",Forecasted by Electricity Maps,"24h, 48h, 72h","5min, 15min, hourly"
Central North Italy,IT-CNO,A,Fossil Only Carbon Intensity,2015-01-01T00:00:00.000Z,"5min, 15min, hourly, daily, monthly, quarterly, yearly","5min, 15min, hourly",Forecasted by Electricity Maps,"24h, 48h, 72h","5min, 15min, hourly"
Central North Italy,IT-CNO,A,Carbon Intensity,2015-01-01T00:00:00.000Z,"5min, 15min, hourly, daily, monthly, quarterly, yearly","5min, 15min, hourly",Forecasted by Electricity Maps,"24h, 48h, 72h","5min, 15min, hourly"
Central North Italy,IT-CNO,A,Electricity Flows,2015-01-01T00:00:00.000Z,"5min, 15min, hourly, daily, monthly, quarterly, yearly","5min, 15min, hourly",Forecasted by Electricity Maps,"24h, 48h, 72h","5min, 15min, hourly"
Central North Italy,IT-CNO,A,Total Load,2015-01-01T00:00:00.000Z,"5min, 15min, hourly, daily, monthly, quarterly, yearly","5min, 15min, hourly",Forecasted by Electricity Maps,"24h, 48h, 72h","5min, 15min, hourly"
Central North Italy,IT-CNO,A,Electricity Mix,2015-01-01T00:00:00.000Z,"5min, 15min, hourly, daily, monthly, quarterly, yearly","5min, 15min, hourly",Forecasted by Electricity Maps,"24h, 48h, 72h","5min, 15min, hourly"
Central North Italy,IT-CNO,A,Total Reported Load,2018-01-01T00:00:00.000Z,"5min, 15min, hourly","5min, 15min, hourly",Forecasted by Electricity Maps,"24h, 48h, 72h","5min, 15min, hourly"
Central South Italy,IT-CSO,A,Price Day Ahead,2015-01-04T00:00:00.000Z,"5min, 15min, hourly, daily, monthly, quarterly, yearly","5min, 15min, hourly",Forecasted by Electricity Maps,"24h, 48h, 72h","5min, 15min, hourly"
Central South Italy,IT-CSO,A,Renewable Energy,2015-01-01T00:00:00.000Z,"5min, 15min, hourly, daily, monthly, quarterly, yearly","5min, 15min, hourly",Forecasted by Electricity Maps,"24h, 48h, 72h","5min, 15min, hourly"
Central South Italy,IT-CSO,A,Carbon Free Energy,2015-01-01T00:00:00.000Z,"5min, 15min, hourly, daily, monthly, quarterly, yearly","5min, 15min, hourly",Forecasted by Electricity Maps,"24h, 48h, 72h","5min, 15min, hourly"
Central South Italy,IT-CSO,A,Fossil Only Carbon Intensity,2015-01-01T00:00:00.000Z,"5min, 15min, hourly, daily, monthly, quarterly, yearly","5min, 15min, hourly",Forecasted by Electricity Maps,"24h, 48h, 72h","5min, 15min, hourly"
Central South Italy,IT-CSO,A,Carbon Intensity,2015-01-01T00:00:00.000Z,"5min, 15min, hourly, daily, monthly, quarterly, yearly","5min, 15min, hourly",Forecasted by Electricity Maps,"24h, 48h, 72h","5min, 15min, hourly"
Central South Italy,IT-CSO,A,Electricity Flows,2015-01-01T00:00:00.000Z,"5min, 15min, hourly, daily, monthly, quarterly, yearly","5min, 15min, hourly",Forecasted by Electricity Maps,"24h, 48h, 72h","5min, 15min, hourly"
Central South Italy,IT-CSO,A,Total Load,2015-01-01T00:00:00.000Z,"5min, 15min, hourly, daily, monthly, quarterly, yearly","5min, 15min, hourly",Forecasted by Electricity Maps,"24h, 48h, 72h","5min, 15min, hourly"
Central South Italy,IT-CSO,A,Electricity Mix,2015-01-01T00:00:00.000Z,"5min, 15min, hourly, daily, monthly, quarterly, yearly","5min, 15min, hourly",Forecasted by Electricity Maps,"24h, 48h, 72h","5min, 15min, hourly"
Central South Italy,IT-CSO,A,Total Reported Load,2018-01-01T00:00:00.000Z,"5min, 15min, hourly","5min, 15min, hourly",Forecasted by Electricity Maps,"24h, 48h, 72h","5min, 15min, hourly"
North Italy,IT-NO,A,Price Day Ahead,2015-01-04T00:00:00.000Z,"5min, 15min, hourly, daily, monthly, quarterly, yearly","5min, 15min, hourly",Forecasted by Electricity Maps,"24h, 48h, 72h","5min, 15min, hourly"
North Italy,IT-NO,A,Renewable Energy,2015-01-01T00:00:00.000Z,"5min, 15min, hourly, daily, monthly, quarterly, yearly","5min, 15min, hourly",Forecasted by Electricity Maps,"24h, 48h, 72h","5min, 15min, hourly"
North Italy,IT-NO,A,Carbon Free Energy,2015-01-01T00:00:00.000Z,"5min, 15min, hourly, daily, monthly, quarterly, yearly","5min, 15min, hourly",Forecasted by Electricity Maps,"24h, 48h, 72h","5min, 15min, hourly"
North Italy,IT-NO,A,Fossil Only Carbon Intensity,2015-01-01T00:00:00.000Z,"5min, 15min, hourly, daily, monthly, quarterly, yearly","5min, 15min, hourly",Forecasted by Electricity Maps,"24h, 48h, 72h","5min, 15min, hourly"
North Italy,IT-NO,A,Carbon Intensity,2015-01-01T00:00:00.000Z,"5min, 15min, hourly, daily, monthly, quarterly, yearly","5min, 15min, hourly",Forecasted by Electricity Maps,"24h, 48h, 72h","5min, 15min, hourly"
North Italy,IT-NO,A,Electricity Flows,2015-01-01T00:00:00.000Z,"5min, 15min, hourly, daily, monthly, quarterly, yearly","5min, 15min, hourly",Forecasted by Electricity Maps,"24h, 48h, 72h","5min, 15min, hourly"
North Italy,IT-NO,A,Total Load,2015-01-01T00:00:00.000Z,"5min, 15min, hourly, daily, monthly, quarterly, yearly","5min, 15min, hourly",Forecasted by Electricity Maps,"24h, 48h, 72h","5min, 15min, hourly"
North Italy,IT-NO,A,Electricity Mix,2015-01-01T00:00:00.000Z,"5min, 15min, hourly, daily, monthly, quarterly, yearly","5min, 15min, hourly",Forecasted by Electricity Maps,"24h, 48h, 72h","5min, 15min, hourly"
North Italy,IT-NO,A,Total Reported Load,2018-01-01T00:00:00.000Z,"5min, 15min, hourly","5min, 15min, hourly",Forecasted by Electricity Maps,"24h, 48h, 72h","5min, 15min, hourly"
Sardinia,IT-SAR,A,Price Day Ahead,2015-01-04T00:00:00.000Z,"5min, 15min, hourly, daily, monthly, quarterly, yearly","5min, 15min, hourly",Forecasted by Electricity Maps,"24h, 48h, 72h","5min, 15min, hourly"
Sardinia,IT-SAR,A,Renewable Energy,2015-01-01T00:00:00.000Z,"5min, 15min, hourly, daily, monthly, quarterly, yearly","5min, 15min, hourly",Forecasted by Electricity Maps,"24h, 48h, 72h","5min, 15min, hourly"
Sardinia,IT-SAR,A,Carbon Free Energy,2015-01-01T00:00:00.000Z,"5min, 15min, hourly, daily, monthly, quarterly, yearly","5min, 15min, hourly",Forecasted by Electricity Maps,"24h, 48h, 72h","5min, 15min, hourly"
Sardinia,IT-SAR,A,Fossil Only Carbon Intensity,2015-01-01T00:00:00.000Z,"5min, 15min, hourly, daily, monthly, quarterly, yearly","5min, 15min, hourly",Forecasted by Electricity Maps,"24h, 48h, 72h","5min, 15min, hourly"
Sardinia,IT-SAR,A,Carbon Intensity,2015-01-01T00:00:00.000Z,"5min, 15min, hourly, daily, monthly, quarterly, yearly","5min, 15min, hourly",Forecasted by Electricity Maps,"24h, 48h, 72h","5min, 15min, hourly"
Sardinia,IT-SAR,A,Electricity Flows,2015-01-01T00:00:00.000Z,"5min, 15min, hourly, daily, monthly, quarterly, yearly","5min, 15min, hourly",Forecasted by Electricity Maps,"24h, 48h, 72h","5min, 15min, hourly"
Sardinia,IT-SAR,A,Total Load,2015-01-01T00:00:00.000Z,"5min, 15min, hourly, daily, monthly, quarterly, yearly","5min, 15min, hourly",Forecasted by Electricity Maps,"24h, 48h, 72h","5min, 15min, hourly"
Sardinia,IT-SAR,A,Electricity Mix,2015-01-01T00:00:00.000Z,"5min, 15min, hourly, daily, monthly, quarterly, yearly","5min, 15min, hourly",Forecasted by Electricity Maps,"24h, 48h, 72h","5min, 15min, hourly"
Sardinia,IT-SAR,A,Total Reported Load,2018-01-01T00:00:00.000Z,"5min, 15min, hourly","5min, 15min, hourly",Forecasted by Electricity Maps,"24h, 48h, 72h","5min, 15min, hourly"
Sicily,IT-SIC,A,Price Day Ahead,2015-01-04T00:00:00.000Z,"5min, 15min, hourly, daily, monthly, quarterly, yearly","5min, 15min, hourly",Forecasted by Electricity Maps,"24h, 48h, 72h","5min, 15min, hourly"
Sicily,IT-SIC,A,Renewable Energy,2015-01-01T00:00:00.000Z,"5min, 15min, hourly, daily, monthly, quarterly, yearly","5min, 15min, hourly",Forecasted by Electricity Maps,"24h, 48h, 72h","5min, 15min, hourly"
Sicily,IT-SIC,A,Carbon Free Energy,2015-01-01T00:00:00.000Z,"5min, 15min, hourly, daily, monthly, quarterly, yearly","5min, 15min, hourly",Forecasted by Electricity Maps,"24h, 48h, 72h","5min, 15min, hourly"
Sicily,IT-SIC,A,Fossil Only Carbon Intensity,2015-01-01T00:00:00.000Z,"5min, 15min, hourly, daily, monthly, quarterly, yearly","5min, 15min, hourly",Forecasted by Electricity Maps,"24h, 48h, 72h","5min, 15min, hourly"
Sicily,IT-SIC,A,Carbon Intensity,2015-01-01T00:00:00.000Z,"5min, 15min, hourly, daily, monthly, quarterly, yearly","5min, 15min, hourly",Forecasted by Electricity Maps,"24h, 48h, 72h","5min, 15min, hourly"
Sicily,IT-SIC,A,Electricity Flows,2015-01-01T00:00:00.000Z,"5min, 15min, hourly, daily, monthly, quarterly, yearly","5min, 15min, hourly",Forecasted by Electricity Maps,"24h, 48h, 72h","5min, 15min, hourly"
Sicily,IT-SIC,A,Total Load,2015-01-01T00:00:00.000Z,"5min, 15min, hourly, daily, monthly, quarterly, yearly","5min, 15min, hourly",Forecasted by Electricity Maps,"24h, 48h, 72h","5min, 15min, hourly"
Sicily,IT-SIC,A,Electricity Mix,2015-01-01T00:00:00.000Z,"5min, 15min, hourly, daily, monthly, quarterly, yearly","5min, 15min, hourly",Forecasted by Electricity Maps,"24h, 48h, 72h","5min, 15min, hourly"
South Italy,IT-SO,A,Price Day Ahead,2015-01-04T00:00:00.000Z,"5min, 15min, hourly, daily, monthly, quarterly, yearly","5min, 15min, hourly",Forecasted by Electricity Maps,"24h, 48h, 72h","5min, 15min, hourly"
South Italy,IT-SO,A,Renewable Energy,2015-01-01T00:00:00.000Z,"5min, 15min, hourly, daily, monthly, quarterly, yearly","5min, 15min, hourly",Forecasted by Electricity Maps,"24h, 48h, 72h","5min, 15min, hourly"
South Italy,IT-SO,A,Carbon Free Energy,2015-01-01T00:00:00.000Z,"5min, 15min, hourly, daily, monthly, quarterly, yearly","5min, 15min, hourly",Forecasted by Electricity Maps,"24h, 48h, 72h","5min, 15min, hourly"
South Italy,IT-SO,A,Fossil Only Carbon Intensity,2015-01-01T00:00:00.000Z,"5min, 15min, hourly, daily, monthly, quarterly, yearly","5min, 15min, hourly",Forecasted by Electricity Maps,"24h, 48h, 72h","5min, 15min, hourly"
South Italy,IT-SO,A,Carbon Intensity,2015-01-01T00:00:00.000Z,"5min, 15min, hourly, daily, monthly, quarterly, yearly","5min, 15min, hourly",Forecasted by Electricity Maps,"24h, 48h, 72h","5min, 15min, hourly"
South Italy,IT-SO,A,Electricity Flows,2015-01-01T00:00:00.000Z,"5min, 15min, hourly, daily, monthly, quarterly, yearly","5min, 15min, hourly",Forecasted by Electricity Maps,"24h, 48h, 72h","5min, 15min, hourly"
South Italy,IT-SO,A,Total Load,2015-01-01T00:00:00.000Z,"5min, 15min, hourly, daily, monthly, quarterly, yearly","5min, 15min, hourly",Forecasted by Electricity Maps,"24h, 48h, 72h","5min, 15min, hourly"
South Italy,IT-SO,A,Electricity Mix,2015-01-01T00:00:00.000Z,"5min, 15min, hourly, daily, monthly, quarterly, yearly","5min, 15min, hourly",Forecasted by Electricity Maps,"24h, 48h, 72h","5min, 15min, hourly"
South Italy,IT-SO,A,Total Reported Load,2024-01-01T00:00:00.000Z,"5min, 15min, hourly","5min, 15min, hourly",Forecasted by Electricity Maps,"24h, 48h, 72h","5min, 15min, hourly"
Jamaica,JM,C,Renewable Energy,2017-01-01T00:00:00.000Z,"5min, 15min, hourly, daily, monthly, quarterly, yearly","5min, 15min, hourly",Forecasted by Electricity Maps,"24h, 48h, 72h","5min, 15min, hourly"
Jamaica,JM,C,Carbon Free Energy,2017-01-01T00:00:00.000Z,"5min, 15min, hourly, daily, monthly, quarterly, yearly","5min, 15min, hourly",Forecasted by Electricity Maps,"24h, 48h, 72h","5min, 15min, hourly"
Jamaica,JM,C,Fossil Only Carbon Intensity,2017-01-01T00:00:00.000Z,"5min, 15min, hourly, daily, monthly, quarterly, yearly","5min, 15min, hourly",Forecasted by Electricity Maps,"24h, 48h, 72h","5min, 15min, hourly"
Jamaica,JM,C,Carbon Intensity,2017-01-01T00:00:00.000Z,"5min, 15min, hourly, daily, monthly, quarterly, yearly","5min, 15min, hourly",Forecasted by Electricity Maps,"24h, 48h, 72h","5min, 15min, hourly"
Jamaica,JM,C,Electricity Flows,2017-01-01T00:00:00.000Z,"5min, 15min, hourly, daily, monthly, quarterly, yearly","5min, 15min, hourly",Forecasted by Electricity Maps,"24h, 48h, 72h","5min, 15min, hourly"
Jamaica,JM,C,Total Load,2017-01-01T00:00:00.000Z,"5min, 15min, hourly, daily, monthly, quarterly, yearly","5min, 15min, hourly",Forecasted by Electricity Maps,"24h, 48h, 72h","5min, 15min, hourly"
Jamaica,JM,C,Electricity Mix,2017-01-01T00:00:00.000Z,"5min, 15min, hourly, daily, monthly, quarterly, yearly","5min, 15min, hourly",Forecasted by Electricity Maps,"24h, 48h, 72h","5min, 15min, hourly"
Jordan,JO,C,Renewable Energy,2017-01-01T00:00:00.000Z,"5min, 15min, hourly, daily, monthly, quarterly, yearly","5min, 15min, hourly",Forecasted by Electricity Maps,"24h, 48h, 72h","5min, 15min, hourly"
Jordan,JO,C,Carbon Free Energy,2017-01-01T00:00:00.000Z,"5min, 15min, hourly, daily, monthly, quarterly, yearly","5min, 15min, hourly",Forecasted by Electricity Maps,"24h, 48h, 72h","5min, 15min, hourly"
Jordan,JO,C,Fossil Only Carbon Intensity,2017-01-01T00:00:00.000Z,"5min, 15min, hourly, daily, monthly, quarterly, yearly","5min, 15min, hourly",Forecasted by Electricity Maps,"24h, 48h, 72h","5min, 15min, hourly"
Jordan,JO,C,Carbon Intensity,2017-01-01T00:00:00.000Z,"5min, 15min, hourly, daily, monthly, quarterly, yearly","5min, 15min, hourly",Forecasted by Electricity Maps,"24h, 48h, 72h","5min, 15min, hourly"
Jordan,JO,C,Electricity Flows,2017-01-01T00:00:00.000Z,"5min, 15min, hourly, daily, monthly, quarterly, yearly","5min, 15min, hourly",Forecasted by Electricity Maps,"24h, 48h, 72h","5min, 15min, hourly"
Jordan,JO,C,Total Load,2017-01-01T00:00:00.000Z,"5min, 15min, hourly, daily, monthly, quarterly, yearly","5min, 15min, hourly",Forecasted by Electricity Maps,"24h, 48h, 72h","5min, 15min, hourly"
Jordan,JO,C,Electricity Mix,2017-01-01T00:00:00.000Z,"5min, 15min, hourly, daily, monthly, quarterly, yearly","5min, 15min, hourly",Forecasted by Electricity Maps,"24h, 48h, 72h","5min, 15min, hourly"
Chūbu,JP-CB,B,Price Day Ahead,2017-01-01T00:00:00.000Z,"5min, 15min, hourly, daily, monthly, quarterly, yearly","5min, 15min, hourly",Forecasted by Electricity Maps,"24h, 48h, 72h","5min, 15min, hourly"
Chūbu,JP-CB,B,Renewable Energy,2017-01-01T00:00:00.000Z,"5min, 15min, hourly, daily, monthly, quarterly, yearly","5min, 15min, hourly",Forecasted by Electricity Maps,"24h, 48h, 72h","5min, 15min, hourly"
Chūbu,JP-CB,B,Carbon Free Energy,2017-01-01T00:00:00.000Z,"5min, 15min, hourly, daily, monthly, quarterly, yearly","5min, 15min, hourly",Forecasted by Electricity Maps,"24h, 48h, 72h","5min, 15min, hourly"
Chūbu,JP-CB,B,Fossil Only Carbon Intensity,2017-01-01T00:00:00.000Z,"5min, 15min, hourly, daily, monthly, quarterly, yearly","5min, 15min, hourly",Forecasted by Electricity Maps,"24h, 48h, 72h","5min, 15min, hourly"
Chūbu,JP-CB,B,Carbon Intensity,2017-01-01T00:00:00.000Z,"5min, 15min, hourly, daily, monthly, quarterly, yearly","5min, 15min, hourly",Forecasted by Electricity Maps,"24h, 48h, 72h","5min, 15min, hourly"
Chūbu,JP-CB,B,Electricity Flows,2017-01-01T00:00:00.000Z,"5min, 15min, hourly, daily, monthly, quarterly, yearly","5min, 15min, hourly",Forecasted by Electricity Maps,"24h, 48h, 72h","5min, 15min, hourly"
Chūbu,JP-CB,B,Total Load,2017-01-01T00:00:00.000Z,"5min, 15min, hourly, daily, monthly, quarterly, yearly","5min, 15min, hourly",Forecasted by Electricity Maps,"24h, 48h, 72h","5min, 15min, hourly"
Chūbu,JP-CB,B,Electricity Mix,2017-01-01T00:00:00.000Z,"5min, 15min, hourly, daily, monthly, quarterly, yearly","5min, 15min, hourly",Forecasted by Electricity Maps,"24h, 48h, 72h","5min, 15min, hourly"
Chūbu,JP-CB,B,Total Reported Load,2018-01-01T00:00:00.000Z,"5min, 15min, hourly","5min, 15min, hourly",Forecasted by Electricity Maps,"24h, 48h, 72h","5min, 15min, hourly"
Chūgoku,JP-CG,B,Price Day Ahead,2017-01-01T00:00:00.000Z,"5min, 15min, hourly, daily, monthly, quarterly, yearly","5min, 15min, hourly",Forecasted by Electricity Maps,"24h, 48h, 72h","5min, 15min, hourly"
Chūgoku,JP-CG,B,Renewable Energy,2017-01-01T00:00:00.000Z,"5min, 15min, hourly, daily, monthly, quarterly, yearly","5min, 15min, hourly",Forecasted by Electricity Maps,"24h, 48h, 72h","5min, 15min, hourly"
Chūgoku,JP-CG,B,Carbon Free Energy,2017-01-01T00:00:00.000Z,"5min, 15min, hourly, daily, monthly, quarterly, yearly","5min, 15min, hourly",Forecasted by Electricity Maps,"24h, 48h, 72h","5min, 15min, hourly"
Chūgoku,JP-CG,B,Fossil Only Carbon Intensity,2017-01-01T00:00:00.000Z,"5min, 15min, hourly, daily, monthly, quarterly, yearly","5min, 15min, hourly",Forecasted by Electricity Maps,"24h, 48h, 72h","5min, 15min, hourly"
Chūgoku,JP-CG,B,Carbon Intensity,2017-01-01T00:00:00.000Z,"5min, 15min, hourly, daily, monthly, quarterly, yearly","5min, 15min, hourly",Forecasted by Electricity Maps,"24h, 48h, 72h","5min, 15min, hourly"
Chūgoku,JP-CG,B,Electricity Flows,2017-01-01T00:00:00.000Z,"5min, 15min, hourly, daily, monthly, quarterly, yearly","5min, 15min, hourly",Forecasted by Electricity Maps,"24h, 48h, 72h","5min, 15min, hourly"
Chūgoku,JP-CG,B,Total Load,2017-01-01T00:00:00.000Z,"5min, 15min, hourly, daily, monthly, quarterly, yearly","5min, 15min, hourly",Forecasted by Electricity Maps,"24h, 48h, 72h","5min, 15min, hourly"
Chūgoku,JP-CG,B,Electricity Mix,2017-01-01T00:00:00.000Z,"5min, 15min, hourly, daily, monthly, quarterly, yearly","5min, 15min, hourly",Forecasted by Electricity Maps,"24h, 48h, 72h","5min, 15min, hourly"
Chūgoku,JP-CG,B,Total Reported Load,2018-01-01T00:00:00.000Z,"5min, 15min, hourly","5min, 15min, hourly",Forecasted by Electricity Maps,"24h, 48h, 72h","5min, 15min, hourly"
Hokkaidō,JP-HKD,B,Price Day Ahead,2017-01-01T00:00:00.000Z,"5min, 15min, hourly, daily, monthly, quarterly, yearly","5min, 15min, hourly",Forecasted by Electricity Maps,"24h, 48h, 72h","5min, 15min, hourly"
Hokkaidō,JP-HKD,B,Renewable Energy,2017-01-01T00:00:00.000Z,"5min, 15min, hourly, daily, monthly, quarterly, yearly","5min, 15min, hourly",Forecasted by Electricity Maps,"24h, 48h, 72h","5min, 15min, hourly"
Hokkaidō,JP-HKD,B,Carbon Free Energy,2017-01-01T00:00:00.000Z,"5min, 15min, hourly, daily, monthly, quarterly, yearly","5min, 15min, hourly",Forecasted by Electricity Maps,"24h, 48h, 72h","5min, 15min, hourly"
Hokkaidō,JP-HKD,B,Fossil Only Carbon Intensity,2017-01-01T00:00:00.000Z,"5min, 15min, hourly, daily, monthly, quarterly, yearly","5min, 15min, hourly",Forecasted by Electricity Maps,"24h, 48h, 72h","5min, 15min, hourly"
Hokkaidō,JP-HKD,B,Carbon Intensity,2017-01-01T00:00:00.000Z,"5min, 15min, hourly, daily, monthly, quarterly, yearly","5min, 15min, hourly",Forecasted by Electricity Maps,"24h, 48h, 72h","5min, 15min, hourly"
Hokkaidō,JP-HKD,B,Electricity Flows,2017-01-01T00:00:00.000Z,"5min, 15min, hourly, daily, monthly, quarterly, yearly","5min, 15min, hourly",Forecasted by Electricity Maps,"24h, 48h, 72h","5min, 15min, hourly"
Hokkaidō,JP-HKD,B,Total Load,2017-01-01T00:00:00.000Z,"5min, 15min, hourly, daily, monthly, quarterly, yearly","5min, 15min, hourly",Forecasted by Electricity Maps,"24h, 48h, 72h","5min, 15min, hourly"
Hokkaidō,JP-HKD,B,Electricity Mix,2017-01-01T00:00:00.000Z,"5min, 15min, hourly, daily, monthly, quarterly, yearly","5min, 15min, hourly",Forecasted by Electricity Maps,"24h, 48h, 72h","5min, 15min, hourly"
Hokkaidō,JP-HKD,B,Total Reported Load,2018-01-01T00:00:00.000Z,"5min, 15min, hourly","5min, 15min, hourly",Forecasted by Electricity Maps,"24h, 48h, 72h","5min, 15min, hourly"
Hokuriku,JP-HR,B,Price Day Ahead,2017-01-01T00:00:00.000Z,"5min, 15min, hourly, daily, monthly, quarterly, yearly","5min, 15min, hourly",Forecasted by Electricity Maps,"24h, 48h, 72h","5min, 15min, hourly"
Hokuriku,JP-HR,B,Renewable Energy,2017-01-01T00:00:00.000Z,"5min, 15min, hourly, daily, monthly, quarterly, yearly","5min, 15min, hourly",Forecasted by Electricity Maps,"24h, 48h, 72h","5min, 15min, hourly"
Hokuriku,JP-HR,B,Carbon Free Energy,2017-01-01T00:00:00.000Z,"5min, 15min, hourly, daily, monthly, quarterly, yearly","5min, 15min, hourly",Forecasted by Electricity Maps,"24h, 48h, 72h","5min, 15min, hourly"
Hokuriku,JP-HR,B,Fossil Only Carbon Intensity,2017-01-01T00:00:00.000Z,"5min, 15min, hourly, daily, monthly, quarterly, yearly","5min, 15min, hourly",Forecasted by Electricity Maps,"24h, 48h, 72h","5min, 15min, hourly"
Hokuriku,JP-HR,B,Carbon Intensity,2017-01-01T00:00:00.000Z,"5min, 15min, hourly, daily, monthly, quarterly, yearly","5min, 15min, hourly",Forecasted by Electricity Maps,"24h, 48h, 72h","5min, 15min, hourly"
Hokuriku,JP-HR,B,Electricity Flows,2017-01-01T00:00:00.000Z,"5min, 15min, hourly, daily, monthly, quarterly, yearly","5min, 15min, hourly",Forecasted by Electricity Maps,"24h, 48h, 72h","5min, 15min, hourly"
Hokuriku,JP-HR,B,Total Load,2017-01-01T00:00:00.000Z,"5min, 15min, hourly, daily, monthly, quarterly, yearly","5min, 15min, hourly",Forecasted by Electricity Maps,"24h, 48h, 72h","5min, 15min, hourly"
Hokuriku,JP-HR,B,Electricity Mix,2017-01-01T00:00:00.000Z,"5min, 15min, hourly, daily, monthly, quarterly, yearly","5min, 15min, hourly",Forecasted by Electricity Maps,"24h, 48h, 72h","5min, 15min, hourly"
Hokuriku,JP-HR,B,Total Reported Load,2018-01-01T00:00:00.000Z,"5min, 15min, hourly","5min, 15min, hourly",Forecasted by Electricity Maps,"24h, 48h, 72h","5min, 15min, hourly"
Kansai,JP-KN,B,Price Day Ahead,2017-01-01T00:00:00.000Z,"5min, 15min, hourly, daily, monthly, quarterly, yearly","5min, 15min, hourly",Forecasted by Electricity Maps,"24h, 48h, 72h","5min, 15min, hourly"
Kansai,JP-KN,B,Renewable Energy,2017-01-01T00:00:00.000Z,"5min, 15min, hourly, daily, monthly, quarterly, yearly","5min, 15min, hourly",Forecasted by Electricity Maps,"24h, 48h, 72h","5min, 15min, hourly"
Kansai,JP-KN,B,Carbon Free Energy,2017-01-01T00:00:00.000Z,"5min, 15min, hourly, daily, monthly, quarterly, yearly","5min, 15min, hourly",Forecasted by Electricity Maps,"24h, 48h, 72h","5min, 15min, hourly"
Kansai,JP-KN,B,Fossil Only Carbon Intensity,2017-01-01T00:00:00.000Z,"5min, 15min, hourly, daily, monthly, quarterly, yearly","5min, 15min, hourly",Forecasted by Electricity Maps,"24h, 48h, 72h","5min, 15min, hourly"
Kansai,JP-KN,B,Carbon Intensity,2017-01-01T00:00:00.000Z,"5min, 15min, hourly, daily, monthly, quarterly, yearly","5min, 15min, hourly",Forecasted by Electricity Maps,"24h, 48h, 72h","5min, 15min, hourly"
Kansai,JP-KN,B,Electricity Flows,2017-01-01T00:00:00.000Z,"5min, 15min, hourly, daily, monthly, quarterly, yearly","5min, 15min, hourly",Forecasted by Electricity Maps,"24h, 48h, 72h","5min, 15min, hourly"
Kansai,JP-KN,B,Total Load,2017-01-01T00:00:00.000Z,"5min, 15min, hourly, daily, monthly, quarterly, yearly","5min, 15min, hourly",Forecasted by Electricity Maps,"24h, 48h, 72h","5min, 15min, hourly"
Kansai,JP-KN,B,Electricity Mix,2017-01-01T00:00:00.000Z,"5min, 15min, hourly, daily, monthly, quarterly, yearly","5min, 15min, hourly",Forecasted by Electricity Maps,"24h, 48h, 72h","5min, 15min, hourly"
Kansai,JP-KN,B,Total Reported Load,2018-01-01T00:00:00.000Z,"5min, 15min, hourly","5min, 15min, hourly",Forecasted by Electricity Maps,"24h, 48h, 72h","5min, 15min, hourly"
Kyūshū,JP-KY,B,Price Day Ahead,2017-01-01T00:00:00.000Z,"5min, 15min, hourly, daily, monthly, quarterly, yearly","5min, 15min, hourly",Forecasted by Electricity Maps,"24h, 48h, 72h","5min, 15min, hourly"
Kyūshū,JP-KY,B,Renewable Energy,2017-01-01T00:00:00.000Z,"5min, 15min, hourly, daily, monthly, quarterly, yearly","5min, 15min, hourly",Forecasted by Electricity Maps,"24h, 48h, 72h","5min, 15min, hourly"
Kyūshū,JP-KY,B,Carbon Free Energy,2017-01-01T00:00:00.000Z,"5min, 15min, hourly, daily, monthly, quarterly, yearly","5min, 15min, hourly",Forecasted by Electricity Maps,"24h, 48h, 72h","5min, 15min, hourly"
Kyūshū,JP-KY,B,Fossil Only Carbon Intensity,2017-01-01T00:00:00.000Z,"5min, 15min, hourly, daily, monthly, quarterly, yearly","5min, 15min, hourly",Forecasted by Electricity Maps,"24h, 48h, 72h","5min, 15min, hourly"
Kyūshū,JP-KY,B,Carbon Intensity,2017-01-01T00:00:00.000Z,"5min, 15min, hourly, daily, monthly, quarterly, yearly","5min, 15min, hourly",Forecasted by Electricity Maps,"24h, 48h, 72h","5min, 15min, hourly"
Kyūshū,JP-KY,B,Electricity Flows,2017-01-01T00:00:00.000Z,"5min, 15min, hourly, daily, monthly, quarterly, yearly","5min, 15min, hourly",Forecasted by Electricity Maps,"24h, 48h, 72h","5min, 15min, hourly"
Kyūshū,JP-KY,B,Total Load,2017-01-01T00:00:00.000Z,"5min, 15min, hourly, daily, monthly, quarterly, yearly","5min, 15min, hourly",Forecasted by Electricity Maps,"24h, 48h, 72h","5min, 15min, hourly"
Kyūshū,JP-KY,B,Electricity Mix,2017-01-01T00:00:00.000Z,"5min, 15min, hourly, daily, monthly, quarterly, yearly","5min, 15min, hourly",Forecasted by Electricity Maps,"24h, 48h, 72h","5min, 15min, hourly"
Kyūshū,JP-KY,B,Total Reported Load,2018-01-01T00:00:00.000Z,"5min, 15min, hourly","5min, 15min, hourly",Forecasted by Electricity Maps,"24h, 48h, 72h","5min, 15min, hourly"
Okinawa,JP-ON,B,Renewable Energy,2017-01-01T00:00:00.000Z,"5min, 15min, hourly, daily, monthly, quarterly, yearly","5min, 15min, hourly",Forecasted by Electricity Maps,"24h, 48h, 72h","5min, 15min, hourly"
Okinawa,JP-ON,B,Carbon Free Energy,2017-01-01T00:00:00.000Z,"5min, 15min, hourly, daily, monthly, quarterly, yearly","5min, 15min, hourly",Forecasted by Electricity Maps,"24h, 48h, 72h","5min, 15min, hourly"
Okinawa,JP-ON,B,Fossil Only Carbon Intensity,2017-01-01T00:00:00.000Z,"5min, 15min, hourly, daily, monthly, quarterly, yearly","5min, 15min, hourly",Forecasted by Electricity Maps,"24h, 48h, 72h","5min, 15min, hourly"
Okinawa,JP-ON,B,Carbon Intensity,2017-01-01T00:00:00.000Z,"5min, 15min, hourly, daily, monthly, quarterly, yearly","5min, 15min, hourly",Forecasted by Electricity Maps,"24h, 48h, 72h","5min, 15min, hourly"
Okinawa,JP-ON,B,Electricity Flows,2017-01-01T00:00:00.000Z,"5min, 15min, hourly, daily, monthly, quarterly, yearly","5min, 15min, hourly",Forecasted by Electricity Maps,"24h, 48h, 72h","5min, 15min, hourly"
Okinawa,JP-ON,B,Total Load,2017-01-01T00:00:00.000Z,"5min, 15min, hourly, daily, monthly, quarterly, yearly","5min, 15min, hourly",Forecasted by Electricity Maps,"24h, 48h, 72h","5min, 15min, hourly"
Okinawa,JP-ON,B,Electricity Mix,2017-01-01T00:00:00.000Z,"5min, 15min, hourly, daily, monthly, quarterly, yearly","5min, 15min, hourly",Forecasted by Electricity Maps,"24h, 48h, 72h","5min, 15min, hourly"
Okinawa,JP-ON,B,Total Reported Load,2018-01-01T00:00:00.000Z,"5min, 15min, hourly","5min, 15min, hourly",Forecasted by Electricity Maps,"24h, 48h, 72h","5min, 15min, hourly"
Shikoku,JP-SK,A,Price Day Ahead,2017-01-01T00:00:00.000Z,"5min, 15min, hourly, daily, monthly, quarterly, yearly","5min, 15min, hourly",Forecasted by Electricity Maps,"24h, 48h, 72h","5min, 15min, hourly"
Shikoku,JP-SK,A,Renewable Energy,2016-04-02T00:00:00.000Z,"5min, 15min, hourly, daily, monthly, quarterly, yearly","5min, 15min, hourly",Forecasted by Electricity Maps,"24h, 48h, 72h","5min, 15min, hourly"
Shikoku,JP-SK,A,Carbon Free Energy,2016-04-02T00:00:00.000Z,"5min, 15min, hourly, daily, monthly, quarterly, yearly","5min, 15min, hourly",Forecasted by Electricity Maps,"24h, 48h, 72h","5min, 15min, hourly"
Shikoku,JP-SK,A,Fossil Only Carbon Intensity,2016-04-02T00:00:00.000Z,"5min, 15min, hourly, daily, monthly, quarterly, yearly","5min, 15min, hourly",Forecasted by Electricity Maps,"24h, 48h, 72h","5min, 15min, hourly"
Shikoku,JP-SK,A,Carbon Intensity,2016-04-02T00:00:00.000Z,"5min, 15min, hourly, daily, monthly, quarterly, yearly","5min, 15min, hourly",Forecasted by Electricity Maps,"24h, 48h, 72h","5min, 15min, hourly"
Shikoku,JP-SK,A,Electricity Flows,2016-04-02T00:00:00.000Z,"5min, 15min, hourly, daily, monthly, quarterly, yearly","5min, 15min, hourly",Forecasted by Electricity Maps,"24h, 48h, 72h","5min, 15min, hourly"
Shikoku,JP-SK,A,Total Load,2016-04-02T00:00:00.000Z,"5min, 15min, hourly, daily, monthly, quarterly, yearly","5min, 15min, hourly",Forecasted by Electricity Maps,"24h, 48h, 72h","5min, 15min, hourly"
Shikoku,JP-SK,A,Electricity Mix,2016-04-02T00:00:00.000Z,"5min, 15min, hourly, daily, monthly, quarterly, yearly","5min, 15min, hourly",Forecasted by Electricity Maps,"24h, 48h, 72h","5min, 15min, hourly"
Shikoku,JP-SK,A,Total Reported Load,2018-01-01T00:00:00.000Z,"5min, 15min, hourly","5min, 15min, hourly",Forecasted by Electricity Maps,"24h, 48h, 72h","5min, 15min, hourly"
Tōhoku,JP-TH,B,Price Day Ahead,2017-01-01T00:00:00.000Z,"5min, 15min, hourly, daily, monthly, quarterly, yearly","5min, 15min, hourly",Forecasted by Electricity Maps,"24h, 48h, 72h","5min, 15min, hourly"
Tōhoku,JP-TH,B,Renewable Energy,2017-01-01T00:00:00.000Z,"5min, 15min, hourly, daily, monthly, quarterly, yearly","5min, 15min, hourly",Forecasted by Electricity Maps,"24h, 48h, 72h","5min, 15min, hourly"
Tōhoku,JP-TH,B,Carbon Free Energy,2017-01-01T00:00:00.000Z,"5min, 15min, hourly, daily, monthly, quarterly, yearly","5min, 15min, hourly",Forecasted by Electricity Maps,"24h, 48h, 72h","5min, 15min, hourly"
Tōhoku,JP-TH,B,Fossil Only Carbon Intensity,2017-01-01T00:00:00.000Z,"5min, 15min, hourly, daily, monthly, quarterly, yearly","5min, 15min, hourly",Forecasted by Electricity Maps,"24h, 48h, 72h","5min, 15min, hourly"
Tōhoku,JP-TH,B,Carbon Intensity,2017-01-01T00:00:00.000Z,"5min, 15min, hourly, daily, monthly, quarterly, yearly","5min, 15min, hourly",Forecasted by Electricity Maps,"24h, 48h, 72h","5min, 15min, hourly"
Tōhoku,JP-TH,B,Electricity Flows,2017-01-01T00:00:00.000Z,"5min, 15min, hourly, daily, monthly, quarterly, yearly","5min, 15min, hourly",Forecasted by Electricity Maps,"24h, 48h, 72h","5min, 15min, hourly"
Tōhoku,JP-TH,B,Total Load,2017-01-01T00:00:00.000Z,"5min, 15min, hourly, daily, monthly, quarterly, yearly","5min, 15min, hourly",Forecasted by Electricity Maps,"24h, 48h, 72h","5min, 15min, hourly"
Tōhoku,JP-TH,B,Electricity Mix,2017-01-01T00:00:00.000Z,"5min, 15min, hourly, daily, monthly, quarterly, yearly","5min, 15min, hourly",Forecasted by Electricity Maps,"24h, 48h, 72h","5min, 15min, hourly"
Tōhoku,JP-TH,B,Total Reported Load,2018-01-01T00:00:00.000Z,"5min, 15min, hourly","5min, 15min, hourly",Forecasted by Electricity Maps,"24h, 48h, 72h","5min, 15min, hourly"
Tōkyō,JP-TK,B,Price Day Ahead,2017-01-01T00:00:00.000Z,"5min, 15min, hourly, daily, monthly, quarterly, yearly","5min, 15min, hourly",Forecasted by Electricity Maps,"24h, 48h, 72h","5min, 15min, hourly"
Tōkyō,JP-TK,B,Renewable Energy,2017-01-01T00:00:00.000Z,"5min, 15min, hourly, daily, monthly, quarterly, yearly","5min, 15min, hourly",Forecasted by Electricity Maps,"24h, 48h, 72h","5min, 15min, hourly"
Tōkyō,JP-TK,B,Carbon Free Energy,2017-01-01T00:00:00.000Z,"5min, 15min, hourly, daily, monthly, quarterly, yearly","5min, 15min, hourly",Forecasted by Electricity Maps,"24h, 48h, 72h","5min, 15min, hourly"
Tōkyō,JP-TK,B,Fossil Only Carbon Intensity,2017-01-01T00:00:00.000Z,"5min, 15min, hourly, daily, monthly, quarterly, yearly","5min, 15min, hourly",Forecasted by Electricity Maps,"24h, 48h, 72h","5min, 15min, hourly"
Tōkyō,JP-TK,B,Carbon Intensity,2017-01-01T00:00:00.000Z,"5min, 15min, hourly, daily, monthly, quarterly, yearly","5min, 15min, hourly",Forecasted by Electricity Maps,"24h, 48h, 72h","5min, 15min, hourly"
Tōkyō,JP-TK,B,Electricity Flows,2017-01-01T00:00:00.000Z,"5min, 15min, hourly, daily, monthly, quarterly, yearly","5min, 15min, hourly",Forecasted by Electricity Maps,"24h, 48h, 72h","5min, 15min, hourly"
Tōkyō,JP-TK,B,Total Load,2017-01-01T00:00:00.000Z,"5min, 15min, hourly, daily, monthly, quarterly, yearly","5min, 15min, hourly",Forecasted by Electricity Maps,"24h, 48h, 72h","5min, 15min, hourly"
Tōkyō,JP-TK,B,Electricity Mix,2017-01-01T00:00:00.000Z,"5min, 15min, hourly, daily, monthly, quarterly, yearly","5min, 15min, hourly",Forecasted by Electricity Maps,"24h, 48h, 72h","5min, 15min, hourly"
Tōkyō,JP-TK,B,Total Reported Load,2018-01-01T00:00:00.000Z,"5min, 15min, hourly","5min, 15min, hourly",Forecasted by Electricity Maps,"24h, 48h, 72h","5min, 15min, hourly"
Kenya,KE,C,Renewable Energy,2017-01-01T00:00:00.000Z,"5min, 15min, hourly, daily, monthly, quarterly, yearly","5min, 15min, hourly",Forecasted by Electricity Maps,"24h, 48h, 72h","5min, 15min, hourly"
Kenya,KE,C,Carbon Free Energy,2017-01-01T00:00:00.000Z,"5min, 15min, hourly, daily, monthly, quarterly, yearly","5min, 15min, hourly",Forecasted by Electricity Maps,"24h, 48h, 72h","5min, 15min, hourly"
Kenya,KE,C,Fossil Only Carbon Intensity,2017-01-01T00:00:00.000Z,"5min, 15min, hourly, daily, monthly, quarterly, yearly","5min, 15min, hourly",Forecasted by Electricity Maps,"24h, 48h, 72h","5min, 15min, hourly"
Kenya,KE,C,Carbon Intensity,2017-01-01T00:00:00.000Z,"5min, 15min, hourly, daily, monthly, quarterly, yearly","5min, 15min, hourly",Forecasted by Electricity Maps,"24h, 48h, 72h","5min, 15min, hourly"
Kenya,KE,C,Electricity Flows,2017-01-01T00:00:00.000Z,"5min, 15min, hourly, daily, monthly, quarterly, yearly","5min, 15min, hourly",Forecasted by Electricity Maps,"24h, 48h, 72h","5min, 15min, hourly"
Kenya,KE,C,Total Load,2017-01-01T00:00:00.000Z,"5min, 15min, hourly, daily, monthly, quarterly, yearly","5min, 15min, hourly",Forecasted by Electricity Maps,"24h, 48h, 72h","5min, 15min, hourly"
Kenya,KE,C,Electricity Mix,2017-01-01T00:00:00.000Z,"5min, 15min, hourly, daily, monthly, quarterly, yearly","5min, 15min, hourly",Forecasted by Electricity Maps,"24h, 48h, 72h","5min, 15min, hourly"
Kyrgyzstan,KG,C,Renewable Energy,2017-01-01T00:00:00.000Z,"5min, 15min, hourly, daily, monthly, quarterly, yearly","5min, 15min, hourly",Forecasted by Electricity Maps,"24h, 48h, 72h","5min, 15min, hourly"
Kyrgyzstan,KG,C,Carbon Free Energy,2017-01-01T00:00:00.000Z,"5min, 15min, hourly, daily, monthly, quarterly, yearly","5min, 15min, hourly",Forecasted by Electricity Maps,"24h, 48h, 72h","5min, 15min, hourly"
Kyrgyzstan,KG,C,Fossil Only Carbon Intensity,2017-01-01T00:00:00.000Z,"5min, 15min, hourly, daily, monthly, quarterly, yearly","5min, 15min, hourly",Forecasted by Electricity Maps,"24h, 48h, 72h","5min, 15min, hourly"
Kyrgyzstan,KG,C,Carbon Intensity,2017-01-01T00:00:00.000Z,"5min, 15min, hourly, daily, monthly, quarterly, yearly","5min, 15min, hourly",Forecasted by Electricity Maps,"24h, 48h, 72h","5min, 15min, hourly"
Kyrgyzstan,KG,C,Electricity Flows,2017-01-01T00:00:00.000Z,"5min, 15min, hourly, daily, monthly, quarterly, yearly","5min, 15min, hourly",Forecasted by Electricity Maps,"24h, 48h, 72h","5min, 15min, hourly"
Kyrgyzstan,KG,C,Total Load,2017-01-01T00:00:00.000Z,"5min, 15min, hourly, daily, monthly, quarterly, yearly","5min, 15min, hourly",Forecasted by Electricity Maps,"24h, 48h, 72h","5min, 15min, hourly"
Kyrgyzstan,KG,C,Electricity Mix,2017-01-01T00:00:00.000Z,"5min, 15min, hourly, daily, monthly, quarterly, yearly","5min, 15min, hourly",Forecasted by Electricity Maps,"24h, 48h, 72h","5min, 15min, hourly"
Cambodia,KH,C,Renewable Energy,2017-01-01T00:00:00.000Z,"5min, 15min, hourly, daily, monthly, quarterly, yearly","5min, 15min, hourly",Forecasted by Electricity Maps,"24h, 48h, 72h","5min, 15min, hourly"
Cambodia,KH,C,Carbon Free Energy,2017-01-01T00:00:00.000Z,"5min, 15min, hourly, daily, monthly, quarterly, yearly","5min, 15min, hourly",Forecasted by Electricity Maps,"24h, 48h, 72h","5min, 15min, hourly"
Cambodia,KH,C,Fossil Only Carbon Intensity,2017-01-01T00:00:00.000Z,"5min, 15min, hourly, daily, monthly, quarterly, yearly","5min, 15min, hourly",Forecasted by Electricity Maps,"24h, 48h, 72h","5min, 15min, hourly"
Cambodia,KH,C,Carbon Intensity,2017-01-01T00:00:00.000Z,"5min, 15min, hourly, daily, monthly, quarterly, yearly","5min, 15min, hourly",Forecasted by Electricity Maps,"24h, 48h, 72h","5min, 15min, hourly"
Cambodia,KH,C,Electricity Flows,2017-01-01T00:00:00.000Z,"5min, 15min, hourly, daily, monthly, quarterly, yearly","5min, 15min, hourly",Forecasted by Electricity Maps,"24h, 48h, 72h","5min, 15min, hourly"
Cambodia,KH,C,Total Load,2017-01-01T00:00:00.000Z,"5min, 15min, hourly, daily, monthly, quarterly, yearly","5min, 15min, hourly",Forecasted by Electricity Maps,"24h, 48h, 72h","5min, 15min, hourly"
Cambodia,KH,C,Electricity Mix,2017-01-01T00:00:00.000Z,"5min, 15min, hourly, daily, monthly, quarterly, yearly","5min, 15min, hourly",Forecasted by Electricity Maps,"24h, 48h, 72h","5min, 15min, hourly"
Comoros,KM,C,Renewable Energy,2017-01-01T00:00:00.000Z,"5min, 15min, hourly, daily, monthly, quarterly, yearly","5min, 15min, hourly",Forecasted by Electricity Maps,"24h, 48h, 72h","5min, 15min, hourly"
Comoros,KM,C,Carbon Free Energy,2017-01-01T00:00:00.000Z,"5min, 15min, hourly, daily, monthly, quarterly, yearly","5min, 15min, hourly",Forecasted by Electricity Maps,"24h, 48h, 72h","5min, 15min, hourly"
Comoros,KM,C,Fossil Only Carbon Intensity,2017-01-01T00:00:00.000Z,"5min, 15min, hourly, daily, monthly, quarterly, yearly","5min, 15min, hourly",Forecasted by Electricity Maps,"24h, 48h, 72h","5min, 15min, hourly"
Comoros,KM,C,Carbon Intensity,2017-01-01T00:00:00.000Z,"5min, 15min, hourly, daily, monthly, quarterly, yearly","5min, 15min, hourly",Forecasted by Electricity Maps,"24h, 48h, 72h","5min, 15min, hourly"
Comoros,KM,C,Electricity Flows,2017-01-01T00:00:00.000Z,"5min, 15min, hourly, daily, monthly, quarterly, yearly","5min, 15min, hourly",Forecasted by Electricity Maps,"24h, 48h, 72h","5min, 15min, hourly"
Comoros,KM,C,Total Load,2017-01-01T00:00:00.000Z,"5min, 15min, hourly, daily, monthly, quarterly, yearly","5min, 15min, hourly",Forecasted by Electricity Maps,"24h, 48h, 72h","5min, 15min, hourly"
Comoros,KM,C,Electricity Mix,2017-01-01T00:00:00.000Z,"5min, 15min, hourly, daily, monthly, quarterly, yearly","5min, 15min, hourly",Forecasted by Electricity Maps,"24h, 48h, 72h","5min, 15min, hourly"
North Korea,KP,C,Renewable Energy,2017-01-01T00:00:00.000Z,"5min, 15min, hourly, daily, monthly, quarterly, yearly","5min, 15min, hourly",Forecasted by Electricity Maps,"24h, 48h, 72h","5min, 15min, hourly"
North Korea,KP,C,Carbon Free Energy,2017-01-01T00:00:00.000Z,"5min, 15min, hourly, daily, monthly, quarterly, yearly","5min, 15min, hourly",Forecasted by Electricity Maps,"24h, 48h, 72h","5min, 15min, hourly"
North Korea,KP,C,Fossil Only Carbon Intensity,2017-01-01T00:00:00.000Z,"5min, 15min, hourly, daily, monthly, quarterly, yearly","5min, 15min, hourly",Forecasted by Electricity Maps,"24h, 48h, 72h","5min, 15min, hourly"
North Korea,KP,C,Carbon Intensity,2017-01-01T00:00:00.000Z,"5min, 15min, hourly, daily, monthly, quarterly, yearly","5min, 15min, hourly",Forecasted by Electricity Maps,"24h, 48h, 72h","5min, 15min, hourly"
North Korea,KP,C,Electricity Flows,2017-01-01T00:00:00.000Z,"5min, 15min, hourly, daily, monthly, quarterly, yearly","5min, 15min, hourly",Forecasted by Electricity Maps,"24h, 48h, 72h","5min, 15min, hourly"
North Korea,KP,C,Total Load,2017-01-01T00:00:00.000Z,"5min, 15min, hourly, daily, monthly, quarterly, yearly","5min, 15min, hourly",Forecasted by Electricity Maps,"24h, 48h, 72h","5min, 15min, hourly"
North Korea,KP,C,Electricity Mix,2017-01-01T00:00:00.000Z,"5min, 15min, hourly, daily, monthly, quarterly, yearly","5min, 15min, hourly",Forecasted by Electricity Maps,"24h, 48h, 72h","5min, 15min, hourly"
South Korea,KR,A,Price Day Ahead,2017-01-01T00:00:00.000Z,"5min, 15min, hourly, daily, monthly, quarterly, yearly","5min, 15min, hourly",Forecasted by Electricity Maps,"24h, 48h, 72h","5min, 15min, hourly"
South Korea,KR,A,Renewable Energy,2017-01-01T00:00:00.000Z,"5min, 15min, hourly, daily, monthly, quarterly, yearly","5min, 15min, hourly",Forecasted by Electricity Maps,"24h, 48h, 72h","5min, 15min, hourly"
South Korea,KR,A,Carbon Free Energy,2017-01-01T00:00:00.000Z,"5min, 15min, hourly, daily, monthly, quarterly, yearly","5min, 15min, hourly",Forecasted by Electricity Maps,"24h, 48h, 72h","5min, 15min, hourly"
South Korea,KR,A,Fossil Only Carbon Intensity,2017-01-01T00:00:00.000Z,"5min, 15min, hourly, daily, monthly, quarterly, yearly","5min, 15min, hourly",Forecasted by Electricity Maps,"24h, 48h, 72h","5min, 15min, hourly"
South Korea,KR,A,Carbon Intensity,2017-01-01T00:00:00.000Z,"5min, 15min, hourly, daily, monthly, quarterly, yearly","5min, 15min, hourly",Forecasted by Electricity Maps,"24h, 48h, 72h","5min, 15min, hourly"
South Korea,KR,A,Electricity Flows,2017-01-01T00:00:00.000Z,"5min, 15min, hourly, daily, monthly, quarterly, yearly","5min, 15min, hourly",Forecasted by Electricity Maps,"24h, 48h, 72h","5min, 15min, hourly"
South Korea,KR,A,Total Load,2017-01-01T00:00:00.000Z,"5min, 15min, hourly, daily, monthly, quarterly, yearly","5min, 15min, hourly",Forecasted by Electricity Maps,"24h, 48h, 72h","5min, 15min, hourly"
South Korea,KR,A,Electricity Mix,2017-01-01T00:00:00.000Z,"5min, 15min, hourly, daily, monthly, quarterly, yearly","5min, 15min, hourly",Forecasted by Electricity Maps,"24h, 48h, 72h","5min, 15min, hourly"
South Korea,KR,A,Total Reported Load,2019-01-01T00:00:00.000Z,"5min, 15min, hourly","5min, 15min, hourly",Forecasted by Electricity Maps,"24h, 48h, 72h","5min, 15min, hourly"
Kuwait,KW,C,Renewable Energy,2017-01-01T00:00:00.000Z,"5min, 15min, hourly, daily, monthly, quarterly, yearly","5min, 15min, hourly",Forecasted by Electricity Maps,"24h, 48h, 72h","5min, 15min, hourly"
Kuwait,KW,C,Carbon Free Energy,2017-01-01T00:00:00.000Z,"5min, 15min, hourly, daily, monthly, quarterly, yearly","5min, 15min, hourly",Forecasted by Electricity Maps,"24h, 48h, 72h","5min, 15min, hourly"
Kuwait,KW,C,Fossil Only Carbon Intensity,2017-01-01T00:00:00.000Z,"5min, 15min, hourly, daily, monthly, quarterly, yearly","5min, 15min, hourly",Forecasted by Electricity Maps,"24h, 48h, 72h","5min, 15min, hourly"
Kuwait,KW,C,Carbon Intensity,2017-01-01T00:00:00.000Z,"5min, 15min, hourly, daily, monthly, quarterly, yearly","5min, 15min, hourly",Forecasted by Electricity Maps,"24h, 48h, 72h","5min, 15min, hourly"
Kuwait,KW,C,Electricity Flows,2017-01-01T00:00:00.000Z,"5min, 15min, hourly, daily, monthly, quarterly, yearly","5min, 15min, hourly",Forecasted by Electricity Maps,"24h, 48h, 72h","5min, 15min, hourly"
Kuwait,KW,C,Total Load,2017-01-01T00:00:00.000Z,"5min, 15min, hourly, daily, monthly, quarterly, yearly","5min, 15min, hourly",Forecasted by Electricity Maps,"24h, 48h, 72h","5min, 15min, hourly"
Kuwait,KW,C,Electricity Mix,2017-01-01T00:00:00.000Z,"5min, 15min, hourly, daily, monthly, quarterly, yearly","5min, 15min, hourly",Forecasted by Electricity Maps,"24h, 48h, 72h","5min, 15min, hourly"
Kuwait,KW,C,Total Reported Load,2019-01-01T00:00:00.000Z,"5min, 15min, hourly","5min, 15min, hourly",Forecasted by Electricity Maps,"24h, 48h, 72h","5min, 15min, hourly"
Cayman Islands,KY,C,Renewable Energy,2017-01-01T00:00:00.000Z,"5min, 15min, hourly, daily, monthly, quarterly, yearly","5min, 15min, hourly",Forecasted by Electricity Maps,"24h, 48h, 72h","5min, 15min, hourly"
Cayman Islands,KY,C,Carbon Free Energy,2017-01-01T00:00:00.000Z,"5min, 15min, hourly, daily, monthly, quarterly, yearly","5min, 15min, hourly",Forecasted by Electricity Maps,"24h, 48h, 72h","5min, 15min, hourly"
Cayman Islands,KY,C,Fossil Only Carbon Intensity,2017-01-01T00:00:00.000Z,"5min, 15min, hourly, daily, monthly, quarterly, yearly","5min, 15min, hourly",Forecasted by Electricity Maps,"24h, 48h, 72h","5min, 15min, hourly"
Cayman Islands,KY,C,Carbon Intensity,2017-01-01T00:00:00.000Z,"5min, 15min, hourly, daily, monthly, quarterly, yearly","5min, 15min, hourly",Forecasted by Electricity Maps,"24h, 48h, 72h","5min, 15min, hourly"
Cayman Islands,KY,C,Electricity Flows,2017-01-01T00:00:00.000Z,"5min, 15min, hourly, daily, monthly, quarterly, yearly","5min, 15min, hourly",Forecasted by Electricity Maps,"24h, 48h, 72h","5min, 15min, hourly"
Cayman Islands,KY,C,Total Load,2017-01-01T00:00:00.000Z,"5min, 15min, hourly, daily, monthly, quarterly, yearly","5min, 15min, hourly",Forecasted by Electricity Maps,"24h, 48h, 72h","5min, 15min, hourly"
Cayman Islands,KY,C,Electricity Mix,2017-01-01T00:00:00.000Z,"5min, 15min, hourly, daily, monthly, quarterly, yearly","5min, 15min, hourly",Forecasted by Electricity Maps,"24h, 48h, 72h","5min, 15min, hourly"
Kazakhstan,KZ,C,Renewable Energy,2017-01-01T00:00:00.000Z,"5min, 15min, hourly, daily, monthly, quarterly, yearly","5min, 15min, hourly",Forecasted by Electricity Maps,"24h, 48h, 72h","5min, 15min, hourly"
Kazakhstan,KZ,C,Carbon Free Energy,2017-01-01T00:00:00.000Z,"5min, 15min, hourly, daily, monthly, quarterly, yearly","5min, 15min, hourly",Forecasted by Electricity Maps,"24h, 48h, 72h","5min, 15min, hourly"
Kazakhstan,KZ,C,Fossil Only Carbon Intensity,2017-01-01T00:00:00.000Z,"5min, 15min, hourly, daily, monthly, quarterly, yearly","5min, 15min, hourly",Forecasted by Electricity Maps,"24h, 48h, 72h","5min, 15min, hourly"
Kazakhstan,KZ,C,Carbon Intensity,2017-01-01T00:00:00.000Z,"5min, 15min, hourly, daily, monthly, quarterly, yearly","5min, 15min, hourly",Forecasted by Electricity Maps,"24h, 48h, 72h","5min, 15min, hourly"
Kazakhstan,KZ,C,Electricity Flows,2017-01-01T00:00:00.000Z,"5min, 15min, hourly, daily, monthly, quarterly, yearly","5min, 15min, hourly",Forecasted by Electricity Maps,"24h, 48h, 72h","5min, 15min, hourly"
Kazakhstan,KZ,C,Total Load,2017-01-01T00:00:00.000Z,"5min, 15min, hourly, daily, monthly, quarterly, yearly","5min, 15min, hourly",Forecasted by Electricity Maps,"24h, 48h, 72h","5min, 15min, hourly"
Kazakhstan,KZ,C,Electricity Mix,2017-01-01T00:00:00.000Z,"5min, 15min, hourly, daily, monthly, quarterly, yearly","5min, 15min, hourly",Forecasted by Electricity Maps,"24h, 48h, 72h","5min, 15min, hourly"
Laos,LA,C,Renewable Energy,2017-01-01T00:00:00.000Z,"5min, 15min, hourly, daily, monthly, quarterly, yearly","5min, 15min, hourly",Forecasted by Electricity Maps,"24h, 48h, 72h","5min, 15min, hourly"
Laos,LA,C,Carbon Free Energy,2017-01-01T00:00:00.000Z,"5min, 15min, hourly, daily, monthly, quarterly, yearly","5min, 15min, hourly",Forecasted by Electricity Maps,"24h, 48h, 72h","5min, 15min, hourly"
Laos,LA,C,Fossil Only Carbon Intensity,2017-01-01T00:00:00.000Z,"5min, 15min, hourly, daily, monthly, quarterly, yearly","5min, 15min, hourly",Forecasted by Electricity Maps,"24h, 48h, 72h","5min, 15min, hourly"
Laos,LA,C,Carbon Intensity,2017-01-01T00:00:00.000Z,"5min, 15min, hourly, daily, monthly, quarterly, yearly","5min, 15min, hourly",Forecasted by Electricity Maps,"24h, 48h, 72h","5min, 15min, hourly"
Laos,LA,C,Electricity Flows,2017-01-01T00:00:00.000Z,"5min, 15min, hourly, daily, monthly, quarterly, yearly","5min, 15min, hourly",Forecasted by Electricity Maps,"24h, 48h, 72h","5min, 15min, hourly"
Laos,LA,C,Total Load,2017-01-01T00:00:00.000Z,"5min, 15min, hourly, daily, monthly, quarterly, yearly","5min, 15min, hourly",Forecasted by Electricity Maps,"24h, 48h, 72h","5min, 15min, hourly"
Laos,LA,C,Electricity Mix,2017-01-01T00:00:00.000Z,"5min, 15min, hourly, daily, monthly, quarterly, yearly","5min, 15min, hourly",Forecasted by Electricity Maps,"24h, 48h, 72h","5min, 15min, hourly"
Lebanon,LB,C,Renewable Energy,2017-01-01T00:00:00.000Z,"5min, 15min, hourly, daily, monthly, quarterly, yearly","5min, 15min, hourly",Forecasted by Electricity Maps,"24h, 48h, 72h","5min, 15min, hourly"
Lebanon,LB,C,Carbon Free Energy,2017-01-01T00:00:00.000Z,"5min, 15min, hourly, daily, monthly, quarterly, yearly","5min, 15min, hourly",Forecasted by Electricity Maps,"24h, 48h, 72h","5min, 15min, hourly"
Lebanon,LB,C,Fossil Only Carbon Intensity,2017-01-01T00:00:00.000Z,"5min, 15min, hourly, daily, monthly, quarterly, yearly","5min, 15min, hourly",Forecasted by Electricity Maps,"24h, 48h, 72h","5min, 15min, hourly"
Lebanon,LB,C,Carbon Intensity,2017-01-01T00:00:00.000Z,"5min, 15min, hourly, daily, monthly, quarterly, yearly","5min, 15min, hourly",Forecasted by Electricity Maps,"24h, 48h, 72h","5min, 15min, hourly"
Lebanon,LB,C,Electricity Flows,2017-01-01T00:00:00.000Z,"5min, 15min, hourly, daily, monthly, quarterly, yearly","5min, 15min, hourly",Forecasted by Electricity Maps,"24h, 48h, 72h","5min, 15min, hourly"
Lebanon,LB,C,Total Load,2017-01-01T00:00:00.000Z,"5min, 15min, hourly, daily, monthly, quarterly, yearly","5min, 15min, hourly",Forecasted by Electricity Maps,"24h, 48h, 72h","5min, 15min, hourly"
Lebanon,LB,C,Electricity Mix,2017-01-01T00:00:00.000Z,"5min, 15min, hourly, daily, monthly, quarterly, yearly","5min, 15min, hourly",Forecasted by Electricity Maps,"24h, 48h, 72h","5min, 15min, hourly"
Saint Lucia,LC,C,Renewable Energy,2017-01-01T00:00:00.000Z,"5min, 15min, hourly, daily, monthly, quarterly, yearly","5min, 15min, hourly",Forecasted by Electricity Maps,"24h, 48h, 72h","5min, 15min, hourly"
Saint Lucia,LC,C,Carbon Free Energy,2017-01-01T00:00:00.000Z,"5min, 15min, hourly, daily, monthly, quarterly, yearly","5min, 15min, hourly",Forecasted by Electricity Maps,"24h, 48h, 72h","5min, 15min, hourly"
Saint Lucia,LC,C,Fossil Only Carbon Intensity,2017-01-01T00:00:00.000Z,"5min, 15min, hourly, daily, monthly, quarterly, yearly","5min, 15min, hourly",Forecasted by Electricity Maps,"24h, 48h, 72h","5min, 15min, hourly"
Saint Lucia,LC,C,Carbon Intensity,2017-01-01T00:00:00.000Z,"5min, 15min, hourly, daily, monthly, quarterly, yearly","5min, 15min, hourly",Forecasted by Electricity Maps,"24h, 48h, 72h","5min, 15min, hourly"
Saint Lucia,LC,C,Electricity Flows,2017-01-01T00:00:00.000Z,"5min, 15min, hourly, daily, monthly, quarterly, yearly","5min, 15min, hourly",Forecasted by Electricity Maps,"24h, 48h, 72h","5min, 15min, hourly"
Saint Lucia,LC,C,Total Load,2017-01-01T00:00:00.000Z,"5min, 15min, hourly, daily, monthly, quarterly, yearly","5min, 15min, hourly",Forecasted by Electricity Maps,"24h, 48h, 72h","5min, 15min, hourly"
Saint Lucia,LC,C,Electricity Mix,2017-01-01T00:00:00.000Z,"5min, 15min, hourly, daily, monthly, quarterly, yearly","5min, 15min, hourly",Forecasted by Electricity Maps,"24h, 48h, 72h","5min, 15min, hourly"
Sri Lanka,LK,A,Renewable Energy,2017-01-01T00:00:00.000Z,"5min, 15min, hourly, daily, monthly, quarterly, yearly","5min, 15min, hourly",Forecasted by Electricity Maps,"24h, 48h, 72h","5min, 15min, hourly"
Sri Lanka,LK,A,Carbon Free Energy,2017-01-01T00:00:00.000Z,"5min, 15min, hourly, daily, monthly, quarterly, yearly","5min, 15min, hourly",Forecasted by Electricity Maps,"24h, 48h, 72h","5min, 15min, hourly"
Sri Lanka,LK,A,Fossil Only Carbon Intensity,2017-01-01T00:00:00.000Z,"5min, 15min, hourly, daily, monthly, quarterly, yearly","5min, 15min, hourly",Forecasted by Electricity Maps,"24h, 48h, 72h","5min, 15min, hourly"
Sri Lanka,LK,A,Carbon Intensity,2017-01-01T00:00:00.000Z,"5min, 15min, hourly, daily, monthly, quarterly, yearly","5min, 15min, hourly",Forecasted by Electricity Maps,"24h, 48h, 72h","5min, 15min, hourly"
Sri Lanka,LK,A,Electricity Flows,2017-01-01T00:00:00.000Z,"5min, 15min, hourly, daily, monthly, quarterly, yearly","5min, 15min, hourly",Forecasted by Electricity Maps,"24h, 48h, 72h","5min, 15min, hourly"
Sri Lanka,LK,A,Total Load,2017-01-01T00:00:00.000Z,"5min, 15min, hourly, daily, monthly, quarterly, yearly","5min, 15min, hourly",Forecasted by Electricity Maps,"24h, 48h, 72h","5min, 15min, hourly"
Sri Lanka,LK,A,Electricity Mix,2017-01-01T00:00:00.000Z,"5min, 15min, hourly, daily, monthly, quarterly, yearly","5min, 15min, hourly",Forecasted by Electricity Maps,"24h, 48h, 72h","5min, 15min, hourly"
Liberia,LR,C,Renewable Energy,2017-01-01T00:00:00.000Z,"5min, 15min, hourly, daily, monthly, quarterly, yearly","5min, 15min, hourly",Forecasted by Electricity Maps,"24h, 48h, 72h","5min, 15min, hourly"
Liberia,LR,C,Carbon Free Energy,2017-01-01T00:00:00.000Z,"5min, 15min, hourly, daily, monthly, quarterly, yearly","5min, 15min, hourly",Forecasted by Electricity Maps,"24h, 48h, 72h","5min, 15min, hourly"
Liberia,LR,C,Fossil Only Carbon Intensity,2017-01-01T00:00:00.000Z,"5min, 15min, hourly, daily, monthly, quarterly, yearly","5min, 15min, hourly",Forecasted by Electricity Maps,"24h, 48h, 72h","5min, 15min, hourly"
Liberia,LR,C,Carbon Intensity,2017-01-01T00:00:00.000Z,"5min, 15min, hourly, daily, monthly, quarterly, yearly","5min, 15min, hourly",Forecasted by Electricity Maps,"24h, 48h, 72h","5min, 15min, hourly"
Liberia,LR,C,Electricity Flows,2017-01-01T00:00:00.000Z,"5min, 15min, hourly, daily, monthly, quarterly, yearly","5min, 15min, hourly",Forecasted by Electricity Maps,"24h, 48h, 72h","5min, 15min, hourly"
Liberia,LR,C,Total Load,2017-01-01T00:00:00.000Z,"5min, 15min, hourly, daily, monthly, quarterly, yearly","5min, 15min, hourly",Forecasted by Electricity Maps,"24h, 48h, 72h","5min, 15min, hourly"
Liberia,LR,C,Electricity Mix,2017-01-01T00:00:00.000Z,"5min, 15min, hourly, daily, monthly, quarterly, yearly","5min, 15min, hourly",Forecasted by Electricity Maps,"24h, 48h, 72h","5min, 15min, hourly"
Lesotho,LS,C,Renewable Energy,2017-01-01T00:00:00.000Z,"5min, 15min, hourly, daily, monthly, quarterly, yearly","5min, 15min, hourly",Forecasted by Electricity Maps,"24h, 48h, 72h","5min, 15min, hourly"
Lesotho,LS,C,Carbon Free Energy,2017-01-01T00:00:00.000Z,"5min, 15min, hourly, daily, monthly, quarterly, yearly","5min, 15min, hourly",Forecasted by Electricity Maps,"24h, 48h, 72h","5min, 15min, hourly"
Lesotho,LS,C,Fossil Only Carbon Intensity,2017-01-01T00:00:00.000Z,"5min, 15min, hourly, daily, monthly, quarterly, yearly","5min, 15min, hourly",Forecasted by Electricity Maps,"24h, 48h, 72h","5min, 15min, hourly"
Lesotho,LS,C,Carbon Intensity,2017-01-01T00:00:00.000Z,"5min, 15min, hourly, daily, monthly, quarterly, yearly","5min, 15min, hourly",Forecasted by Electricity Maps,"24h, 48h, 72h","5min, 15min, hourly"
Lesotho,LS,C,Electricity Flows,2017-01-01T00:00:00.000Z,"5min, 15min, hourly, daily, monthly, quarterly, yearly","5min, 15min, hourly",Forecasted by Electricity Maps,"24h, 48h, 72h","5min, 15min, hourly"
Lesotho,LS,C,Total Load,2017-01-01T00:00:00.000Z,"5min, 15min, hourly, daily, monthly, quarterly, yearly","5min, 15min, hourly",Forecasted by Electricity Maps,"24h, 48h, 72h","5min, 15min, hourly"
Lesotho,LS,C,Electricity Mix,2017-01-01T00:00:00.000Z,"5min, 15min, hourly, daily, monthly, quarterly, yearly","5min, 15min, hourly",Forecasted by Electricity Maps,"24h, 48h, 72h","5min, 15min, hourly"
Libya,LY,C,Renewable Energy,2017-01-01T00:00:00.000Z,"5min, 15min, hourly, daily, monthly, quarterly, yearly","5min, 15min, hourly",Forecasted by Electricity Maps,"24h, 48h, 72h","5min, 15min, hourly"
Libya,LY,C,Carbon Free Energy,2017-01-01T00:00:00.000Z,"5min, 15min, hourly, daily, monthly, quarterly, yearly","5min, 15min, hourly",Forecasted by Electricity Maps,"24h, 48h, 72h","5min, 15min, hourly"
Libya,LY,C,Fossil Only Carbon Intensity,2017-01-01T00:00:00.000Z,"5min, 15min, hourly, daily, monthly, quarterly, yearly","5min, 15min, hourly",Forecasted by Electricity Maps,"24h, 48h, 72h","5min, 15min, hourly"
Libya,LY,C,Carbon Intensity,2017-01-01T00:00:00.000Z,"5min, 15min, hourly, daily, monthly, quarterly, yearly","5min, 15min, hourly",Forecasted by Electricity Maps,"24h, 48h, 72h","5min, 15min, hourly"
Libya,LY,C,Electricity Flows,2017-01-01T00:00:00.000Z,"5min, 15min, hourly, daily, monthly, quarterly, yearly","5min, 15min, hourly",Forecasted by Electricity Maps,"24h, 48h, 72h","5min, 15min, hourly"
Libya,LY,C,Total Load,2017-01-01T00:00:00.000Z,"5min, 15min, hourly, daily, monthly, quarterly, yearly","5min, 15min, hourly",Forecasted by Electricity Maps,"24h, 48h, 72h","5min, 15min, hourly"
Libya,LY,C,Electricity Mix,2017-01-01T00:00:00.000Z,"5min, 15min, hourly, daily, monthly, quarterly, yearly","5min, 15min, hourly",Forecasted by Electricity Maps,"24h, 48h, 72h","5min, 15min, hourly"
Morocco,MA,C,Renewable Energy,2017-01-01T00:00:00.000Z,"5min, 15min, hourly, daily, monthly, quarterly, yearly","5min, 15min, hourly",Forecasted by Electricity Maps,"24h, 48h, 72h","5min, 15min, hourly"
Morocco,MA,C,Carbon Free Energy,2017-01-01T00:00:00.000Z,"5min, 15min, hourly, daily, monthly, quarterly, yearly","5min, 15min, hourly",Forecasted by Electricity Maps,"24h, 48h, 72h","5min, 15min, hourly"
Morocco,MA,C,Fossil Only Carbon Intensity,2017-01-01T00:00:00.000Z,"5min, 15min, hourly, daily, monthly, quarterly, yearly","5min, 15min, hourly",Forecasted by Electricity Maps,"24h, 48h, 72h","5min, 15min, hourly"
Morocco,MA,C,Carbon Intensity,2017-01-01T00:00:00.000Z,"5min, 15min, hourly, daily, monthly, quarterly, yearly","5min, 15min, hourly",Forecasted by Electricity Maps,"24h, 48h, 72h","5min, 15min, hourly"
Morocco,MA,C,Electricity Flows,2017-01-01T00:00:00.000Z,"5min, 15min, hourly, daily, monthly, quarterly, yearly","5min, 15min, hourly",Forecasted by Electricity Maps,"24h, 48h, 72h","5min, 15min, hourly"
Morocco,MA,C,Total Load,2017-01-01T00:00:00.000Z,"5min, 15min, hourly, daily, monthly, quarterly, yearly","5min, 15min, hourly",Forecasted by Electricity Maps,"24h, 48h, 72h","5min, 15min, hourly"
Morocco,MA,C,Electricity Mix,2017-01-01T00:00:00.000Z,"5min, 15min, hourly, daily, monthly, quarterly, yearly","5min, 15min, hourly",Forecasted by Electricity Maps,"24h, 48h, 72h","5min, 15min, hourly"
Moldova,MD,A,Price Day Ahead,2017-01-01T00:00:00.000Z,"5min, 15min, hourly, daily, monthly, quarterly, yearly","5min, 15min, hourly",Forecasted by Electricity Maps,"24h, 48h, 72h","5min, 15min, hourly"
Moldova,MD,A,Renewable Energy,2017-01-01T00:00:00.000Z,"5min, 15min, hourly, daily, monthly, quarterly, yearly","5min, 15min, hourly",Forecasted by Electricity Maps,"24h, 48h, 72h","5min, 15min, hourly"
Moldova,MD,A,Carbon Free Energy,2017-01-01T00:00:00.000Z,"5min, 15min, hourly, daily, monthly, quarterly, yearly","5min, 15min, hourly",Forecasted by Electricity Maps,"24h, 48h, 72h","5min, 15min, hourly"
Moldova,MD,A,Fossil Only Carbon Intensity,2017-01-01T00:00:00.000Z,"5min, 15min, hourly, daily, monthly, quarterly, yearly","5min, 15min, hourly",Forecasted by Electricity Maps,"24h, 48h, 72h","5min, 15min, hourly"
Moldova,MD,A,Carbon Intensity,2017-01-01T00:00:00.000Z,"5min, 15min, hourly, daily, monthly, quarterly, yearly","5min, 15min, hourly",Forecasted by Electricity Maps,"24h, 48h, 72h","5min, 15min, hourly"
Moldova,MD,A,Electricity Flows,2017-01-01T00:00:00.000Z,"5min, 15min, hourly, daily, monthly, quarterly, yearly","5min, 15min, hourly",Forecasted by Electricity Maps,"24h, 48h, 72h","5min, 15min, hourly"
Moldova,MD,A,Total Load,2017-01-01T00:00:00.000Z,"5min, 15min, hourly, daily, monthly, quarterly, yearly","5min, 15min, hourly",Forecasted by Electricity Maps,"24h, 48h, 72h","5min, 15min, hourly"
Moldova,MD,A,Electricity Mix,2017-01-01T00:00:00.000Z,"5min, 15min, hourly, daily, monthly, quarterly, yearly","5min, 15min, hourly",Forecasted by Electricity Maps,"24h, 48h, 72h","5min, 15min, hourly"
Moldova,MD,A,Total Reported Load,2019-01-01T00:00:00.000Z,"5min, 15min, hourly","5min, 15min, hourly",Forecasted by Electricity Maps,"24h, 48h, 72h","5min, 15min, hourly"
Madagascar,MG,C,Renewable Energy,2017-01-01T00:00:00.000Z,"5min, 15min, hourly, daily, monthly, quarterly, yearly","5min, 15min, hourly",Forecasted by Electricity Maps,"24h, 48h, 72h","5min, 15min, hourly"
Madagascar,MG,C,Carbon Free Energy,2017-01-01T00:00:00.000Z,"5min, 15min, hourly, daily, monthly, quarterly, yearly","5min, 15min, hourly",Forecasted by Electricity Maps,"24h, 48h, 72h","5min, 15min, hourly"
Madagascar,MG,C,Fossil Only Carbon Intensity,2017-01-01T00:00:00.000Z,"5min, 15min, hourly, daily, monthly, quarterly, yearly","5min, 15min, hourly",Forecasted by Electricity Maps,"24h, 48h, 72h","5min, 15min, hourly"
Madagascar,MG,C,Carbon Intensity,2017-01-01T00:00:00.000Z,"5min, 15min, hourly, daily, monthly, quarterly, yearly","5min, 15min, hourly",Forecasted by Electricity Maps,"24h, 48h, 72h","5min, 15min, hourly"
Madagascar,MG,C,Electricity Flows,2017-01-01T00:00:00.000Z,"5min, 15min, hourly, daily, monthly, quarterly, yearly","5min, 15min, hourly",Forecasted by Electricity Maps,"24h, 48h, 72h","5min, 15min, hourly"
Madagascar,MG,C,Total Load,2017-01-01T00:00:00.000Z,"5min, 15min, hourly, daily, monthly, quarterly, yearly","5min, 15min, hourly",Forecasted by Electricity Maps,"24h, 48h, 72h","5min, 15min, hourly"
Madagascar,MG,C,Electricity Mix,2017-01-01T00:00:00.000Z,"5min, 15min, hourly, daily, monthly, quarterly, yearly","5min, 15min, hourly",Forecasted by Electricity Maps,"24h, 48h, 72h","5min, 15min, hourly"
North Macedonia,MK,A,Price Day Ahead,2017-01-01T00:00:00.000Z,"5min, 15min, hourly, daily, monthly, quarterly, yearly","5min, 15min, hourly",Forecasted by Electricity Maps,"24h, 48h, 72h","5min, 15min, hourly"
North Macedonia,MK,A,Renewable Energy,2016-05-09T00:00:00.000Z,"5min, 15min, hourly, daily, monthly, quarterly, yearly","5min, 15min, hourly",Forecasted by Electricity Maps,"24h, 48h, 72h","5min, 15min, hourly"
North Macedonia,MK,A,Carbon Free Energy,2016-05-09T00:00:00.000Z,"5min, 15min, hourly, daily, monthly, quarterly, yearly","5min, 15min, hourly",Forecasted by Electricity Maps,"24h, 48h, 72h","5min, 15min, hourly"
North Macedonia,MK,A,Fossil Only Carbon Intensity,2016-05-09T00:00:00.000Z,"5min, 15min, hourly, daily, monthly, quarterly, yearly","5min, 15min, hourly",Forecasted by Electricity Maps,"24h, 48h, 72h","5min, 15min, hourly"
North Macedonia,MK,A,Carbon Intensity,2016-05-09T00:00:00.000Z,"5min, 15min, hourly, daily, monthly, quarterly, yearly","5min, 15min, hourly",Forecasted by Electricity Maps,"24h, 48h, 72h","5min, 15min, hourly"
North Macedonia,MK,A,Electricity Flows,2016-05-09T00:00:00.000Z,"5min, 15min, hourly, daily, monthly, quarterly, yearly","5min, 15min, hourly",Forecasted by Electricity Maps,"24h, 48h, 72h","5min, 15min, hourly"
North Macedonia,MK,A,Total Load,2016-05-09T00:00:00.000Z,"5min, 15min, hourly, daily, monthly, quarterly, yearly","5min, 15min, hourly",Forecasted by Electricity Maps,"24h, 48h, 72h","5min, 15min, hourly"
North Macedonia,MK,A,Electricity Mix,2016-05-09T00:00:00.000Z,"5min, 15min, hourly, daily, monthly, quarterly, yearly","5min, 15min, hourly",Forecasted by Electricity Maps,"24h, 48h, 72h","5min, 15min, hourly"
North Macedonia,MK,A,Total Reported Load,2018-01-01T00:00:00.000Z,"5min, 15min, hourly","5min, 15min, hourly",Forecasted by Electricity Maps,"24h, 48h, 72h","5min, 15min, hourly"
Mali,ML,C,Renewable Energy,2017-01-01T00:00:00.000Z,"5min, 15min, hourly, daily, monthly, quarterly, yearly","5min, 15min, hourly",Forecasted by Electricity Maps,"24h, 48h, 72h","5min, 15min, hourly"
Mali,ML,C,Carbon Free Energy,2017-01-01T00:00:00.000Z,"5min, 15min, hourly, daily, monthly, quarterly, yearly","5min, 15min, hourly",Forecasted by Electricity Maps,"24h, 48h, 72h","5min, 15min, hourly"
Mali,ML,C,Fossil Only Carbon Intensity,2017-01-01T00:00:00.000Z,"5min, 15min, hourly, daily, monthly, quarterly, yearly","5min, 15min, hourly",Forecasted by Electricity Maps,"24h, 48h, 72h","5min, 15min, hourly"
Mali,ML,C,Carbon Intensity,2017-01-01T00:00:00.000Z,"5min, 15min, hourly, daily, monthly, quarterly, yearly","5min, 15min, hourly",Forecasted by Electricity Maps,"24h, 48h, 72h","5min, 15min, hourly"
Mali,ML,C,Electricity Flows,2017-01-01T00:00:00.000Z,"5min, 15min, hourly, daily, monthly, quarterly, yearly","5min, 15min, hourly",Forecasted by Electricity Maps,"24h, 48h, 72h","5min, 15min, hourly"
Mali,ML,C,Total Load,2017-01-01T00:00:00.000Z,"5min, 15min, hourly, daily, monthly, quarterly, yearly","5min, 15min, hourly",Forecasted by Electricity Maps,"24h, 48h, 72h","5min, 15min, hourly"
Mali,ML,C,Electricity Mix,2017-01-01T00:00:00.000Z,"5min, 15min, hourly, daily, monthly, quarterly, yearly","5min, 15min, hourly",Forecasted by Electricity Maps,"24h, 48h, 72h","5min, 15min, hourly"
Myanmar,MM,C,Renewable Energy,2017-01-01T00:00:00.000Z,"5min, 15min, hourly, daily, monthly, quarterly, yearly","5min, 15min, hourly",Forecasted by Electricity Maps,"24h, 48h, 72h","5min, 15min, hourly"
Myanmar,MM,C,Carbon Free Energy,2017-01-01T00:00:00.000Z,"5min, 15min, hourly, daily, monthly, quarterly, yearly","5min, 15min, hourly",Forecasted by Electricity Maps,"24h, 48h, 72h","5min, 15min, hourly"
Myanmar,MM,C,Fossil Only Carbon Intensity,2017-01-01T00:00:00.000Z,"5min, 15min, hourly, daily, monthly, quarterly, yearly","5min, 15min, hourly",Forecasted by Electricity Maps,"24h, 48h, 72h","5min, 15min, hourly"
Myanmar,MM,C,Carbon Intensity,2017-01-01T00:00:00.000Z,"5min, 15min, hourly, daily, monthly, quarterly, yearly","5min, 15min, hourly",Forecasted by Electricity Maps,"24h, 48h, 72h","5min, 15min, hourly"
Myanmar,MM,C,Electricity Flows,2017-01-01T00:00:00.000Z,"5min, 15min, hourly, daily, monthly, quarterly, yearly","5min, 15min, hourly",Forecasted by Electricity Maps,"24h, 48h, 72h","5min, 15min, hourly"
Myanmar,MM,C,Total Load,2017-01-01T00:00:00.000Z,"5min, 15min, hourly, daily, monthly, quarterly, yearly","5min, 15min, hourly",Forecasted by Electricity Maps,"24h, 48h, 72h","5min, 15min, hourly"
Myanmar,MM,C,Electricity Mix,2017-01-01T00:00:00.000Z,"5min, 15min, hourly, daily, monthly, quarterly, yearly","5min, 15min, hourly",Forecasted by Electricity Maps,"24h, 48h, 72h","5min, 15min, hourly"
Mongolia,MN,C,Renewable Energy,2017-01-01T00:00:00.000Z,"5min, 15min, hourly, daily, monthly, quarterly, yearly","5min, 15min, hourly",Forecasted by Electricity Maps,"24h, 48h, 72h","5min, 15min, hourly"
Mongolia,MN,C,Carbon Free Energy,2017-01-01T00:00:00.000Z,"5min, 15min, hourly, daily, monthly, quarterly, yearly","5min, 15min, hourly",Forecasted by Electricity Maps,"24h, 48h, 72h","5min, 15min, hourly"
Mongolia,MN,C,Fossil Only Carbon Intensity,2017-01-01T00:00:00.000Z,"5min, 15min, hourly, daily, monthly, quarterly, yearly","5min, 15min, hourly",Forecasted by Electricity Maps,"24h, 48h, 72h","5min, 15min, hourly"
Mongolia,MN,C,Carbon Intensity,2017-01-01T00:00:00.000Z,"5min, 15min, hourly, daily, monthly, quarterly, yearly","5min, 15min, hourly",Forecasted by Electricity Maps,"24h, 48h, 72h","5min, 15min, hourly"
Mongolia,MN,C,Electricity Flows,2017-01-01T00:00:00.000Z,"5min, 15min, hourly, daily, monthly, quarterly, yearly","5min, 15min, hourly",Forecasted by Electricity Maps,"24h, 48h, 72h","5min, 15min, hourly"
Mongolia,MN,C,Total Load,2017-01-01T00:00:00.000Z,"5min, 15min, hourly, daily, monthly, quarterly, yearly","5min, 15min, hourly",Forecasted by Electricity Maps,"24h, 48h, 72h","5min, 15min, hourly"
Mongolia,MN,C,Electricity Mix,2017-01-01T00:00:00.000Z,"5min, 15min, hourly, daily, monthly, quarterly, yearly","5min, 15min, hourly",Forecasted by Electricity Maps,"24h, 48h, 72h","5min, 15min, hourly"
Mongolia,MN,C,Total Reported Load,2019-01-01T00:00:00.000Z,"5min, 15min, hourly","5min, 15min, hourly",Forecasted by Electricity Maps,"24h, 48h, 72h","5min, 15min, hourly"
Macao,MO,C,Renewable Energy,2017-01-01T00:00:00.000Z,"5min, 15min, hourly, daily, monthly, quarterly, yearly","5min, 15min, hourly",Forecasted by Electricity Maps,"24h, 48h, 72h","5min, 15min, hourly"
Macao,MO,C,Carbon Free Energy,2017-01-01T00:00:00.000Z,"5min, 15min, hourly, daily, monthly, quarterly, yearly","5min, 15min, hourly",Forecasted by Electricity Maps,"24h, 48h, 72h","5min, 15min, hourly"
Macao,MO,C,Fossil Only Carbon Intensity,2017-01-01T00:00:00.000Z,"5min, 15min, hourly, daily, monthly, quarterly, yearly","5min, 15min, hourly",Forecasted by Electricity Maps,"24h, 48h, 72h","5min, 15min, hourly"
Macao,MO,C,Carbon Intensity,2017-01-01T00:00:00.000Z,"5min, 15min, hourly, daily, monthly, quarterly, yearly","5min, 15min, hourly",Forecasted by Electricity Maps,"24h, 48h, 72h","5min, 15min, hourly"
Macao,MO,C,Electricity Flows,2017-01-01T00:00:00.000Z,"5min, 15min, hourly, daily, monthly, quarterly, yearly","5min, 15min, hourly",Forecasted by Electricity Maps,"24h, 48h, 72h","5min, 15min, hourly"
Macao,MO,C,Total Load,2017-01-01T00:00:00.000Z,"5min, 15min, hourly, daily, monthly, quarterly, yearly","5min, 15min, hourly",Forecasted by Electricity Maps,"24h, 48h, 72h","5min, 15min, hourly"
Macao,MO,C,Electricity Mix,2017-01-01T00:00:00.000Z,"5min, 15min, hourly, daily, monthly, quarterly, yearly","5min, 15min, hourly",Forecasted by Electricity Maps,"24h, 48h, 72h","5min, 15min, hourly"
Martinique,MQ,A,Price Day Ahead,2016-01-01T00:00:00.000Z,"5min, 15min, hourly, daily, monthly, quarterly, yearly","5min, 15min, hourly",Forecasted by Electricity Maps,"24h, 48h, 72h","5min, 15min, hourly"
Martinique,MQ,A,Renewable Energy,2016-01-01T00:00:00.000Z,"5min, 15min, hourly, daily, monthly, quarterly, yearly","5min, 15min, hourly",Forecasted by Electricity Maps,"24h, 48h, 72h","5min, 15min, hourly"
Martinique,MQ,A,Carbon Free Energy,2016-01-01T00:00:00.000Z,"5min, 15min, hourly, daily, monthly, quarterly, yearly","5min, 15min, hourly",Forecasted by Electricity Maps,"24h, 48h, 72h","5min, 15min, hourly"
Martinique,MQ,A,Fossil Only Carbon Intensity,2016-01-01T00:00:00.000Z,"5min, 15min, hourly, daily, monthly, quarterly, yearly","5min, 15min, hourly",Forecasted by Electricity Maps,"24h, 48h, 72h","5min, 15min, hourly"
Martinique,MQ,A,Carbon Intensity,2016-01-01T00:00:00.000Z,"5min, 15min, hourly, daily, monthly, quarterly, yearly","5min, 15min, hourly",Forecasted by Electricity Maps,"24h, 48h, 72h","5min, 15min, hourly"
Martinique,MQ,A,Electricity Flows,2016-01-01T00:00:00.000Z,"5min, 15min, hourly, daily, monthly, quarterly, yearly","5min, 15min, hourly",Forecasted by Electricity Maps,"24h, 48h, 72h","5min, 15min, hourly"
Martinique,MQ,A,Total Load,2016-01-01T00:00:00.000Z,"5min, 15min, hourly, daily, monthly, quarterly, yearly","5min, 15min, hourly",Forecasted by Electricity Maps,"24h, 48h, 72h","5min, 15min, hourly"
Martinique,MQ,A,Electricity Mix,2016-01-01T00:00:00.000Z,"5min, 15min, hourly, daily, monthly, quarterly, yearly","5min, 15min, hourly",Forecasted by Electricity Maps,"24h, 48h, 72h","5min, 15min, hourly"
Mauritania,MR,C,Renewable Energy,2017-01-01T00:00:00.000Z,"5min, 15min, hourly, daily, monthly, quarterly, yearly","5min, 15min, hourly",Forecasted by Electricity Maps,"24h, 48h, 72h","5min, 15min, hourly"
Mauritania,MR,C,Carbon Free Energy,2017-01-01T00:00:00.000Z,"5min, 15min, hourly, daily, monthly, quarterly, yearly","5min, 15min, hourly",Forecasted by Electricity Maps,"24h, 48h, 72h","5min, 15min, hourly"
Mauritania,MR,C,Fossil Only Carbon Intensity,2017-01-01T00:00:00.000Z,"5min, 15min, hourly, daily, monthly, quarterly, yearly","5min, 15min, hourly",Forecasted by Electricity Maps,"24h, 48h, 72h","5min, 15min, hourly"
Mauritania,MR,C,Carbon Intensity,2017-01-01T00:00:00.000Z,"5min, 15min, hourly, daily, monthly, quarterly, yearly","5min, 15min, hourly",Forecasted by Electricity Maps,"24h, 48h, 72h","5min, 15min, hourly"
Mauritania,MR,C,Electricity Flows,2017-01-01T00:00:00.000Z,"5min, 15min, hourly, daily, monthly, quarterly, yearly","5min, 15min, hourly",Forecasted by Electricity Maps,"24h, 48h, 72h","5min, 15min, hourly"
Mauritania,MR,C,Total Load,2017-01-01T00:00:00.000Z,"5min, 15min, hourly, daily, monthly, quarterly, yearly","5min, 15min, hourly",Forecasted by Electricity Maps,"24h, 48h, 72h","5min, 15min, hourly"
Mauritania,MR,C,Electricity Mix,2017-01-01T00:00:00.000Z,"5min, 15min, hourly, daily, monthly, quarterly, yearly","5min, 15min, hourly",Forecasted by Electricity Maps,"24h, 48h, 72h","5min, 15min, hourly"
Malta,MT,C,Renewable Energy,2017-01-01T00:00:00.000Z,"5min, 15min, hourly, daily, monthly, quarterly, yearly","5min, 15min, hourly",Forecasted by Electricity Maps,"24h, 48h, 72h","5min, 15min, hourly"
Malta,MT,C,Carbon Free Energy,2017-01-01T00:00:00.000Z,"5min, 15min, hourly, daily, monthly, quarterly, yearly","5min, 15min, hourly",Forecasted by Electricity Maps,"24h, 48h, 72h","5min, 15min, hourly"
Malta,MT,C,Fossil Only Carbon Intensity,2017-01-01T00:00:00.000Z,"5min, 15min, hourly, daily, monthly, quarterly, yearly","5min, 15min, hourly",Forecasted by Electricity Maps,"24h, 48h, 72h","5min, 15min, hourly"
Malta,MT,C,Carbon Intensity,2017-01-01T00:00:00.000Z,"5min, 15min, hourly, daily, monthly, quarterly, yearly","5min, 15min, hourly",Forecasted by Electricity Maps,"24h, 48h, 72h","5min, 15min, hourly"
Malta,MT,C,Electricity Flows,2017-01-01T00:00:00.000Z,"5min, 15min, hourly, daily, monthly, quarterly, yearly","5min, 15min, hourly",Forecasted by Electricity Maps,"24h, 48h, 72h","5min, 15min, hourly"
Malta,MT,C,Total Load,2017-01-01T00:00:00.000Z,"5min, 15min, hourly, daily, monthly, quarterly, yearly","5min, 15min, hourly",Forecasted by Electricity Maps,"24h, 48h, 72h","5min, 15min, hourly"
Malta,MT,C,Electricity Mix,2017-01-01T00:00:00.000Z,"5min, 15min, hourly, daily, monthly, quarterly, yearly","5min, 15min, hourly",Forecasted by Electricity Maps,"24h, 48h, 72h","5min, 15min, hourly"
Mauritius,MU,C,Renewable Energy,2017-01-01T00:00:00.000Z,"5min, 15min, hourly, daily, monthly, quarterly, yearly","5min, 15min, hourly",Forecasted by Electricity Maps,"24h, 48h, 72h","5min, 15min, hourly"
Mauritius,MU,C,Carbon Free Energy,2017-01-01T00:00:00.000Z,"5min, 15min, hourly, daily, monthly, quarterly, yearly","5min, 15min, hourly",Forecasted by Electricity Maps,"24h, 48h, 72h","5min, 15min, hourly"
Mauritius,MU,C,Fossil Only Carbon Intensity,2017-01-01T00:00:00.000Z,"5min, 15min, hourly, daily, monthly, quarterly, yearly","5min, 15min, hourly",Forecasted by Electricity Maps,"24h, 48h, 72h","5min, 15min, hourly"
Mauritius,MU,C,Carbon Intensity,2017-01-01T00:00:00.000Z,"5min, 15min, hourly, daily, monthly, quarterly, yearly","5min, 15min, hourly",Forecasted by Electricity Maps,"24h, 48h, 72h","5min, 15min, hourly"
Mauritius,MU,C,Electricity Flows,2017-01-01T00:00:00.000Z,"5min, 15min, hourly, daily, monthly, quarterly, yearly","5min, 15min, hourly",Forecasted by Electricity Maps,"24h, 48h, 72h","5min, 15min, hourly"
Mauritius,MU,C,Total Load,2017-01-01T00:00:00.000Z,"5min, 15min, hourly, daily, monthly, quarterly, yearly","5min, 15min, hourly",Forecasted by Electricity Maps,"24h, 48h, 72h","5min, 15min, hourly"
Mauritius,MU,C,Electricity Mix,2017-01-01T00:00:00.000Z,"5min, 15min, hourly, daily, monthly, quarterly, yearly","5min, 15min, hourly",Forecasted by Electricity Maps,"24h, 48h, 72h","5min, 15min, hourly"
Maldives,MV,C,Renewable Energy,2017-01-01T00:00:00.000Z,"5min, 15min, hourly, daily, monthly, quarterly, yearly","5min, 15min, hourly",Forecasted by Electricity Maps,"24h, 48h, 72h","5min, 15min, hourly"
Maldives,MV,C,Carbon Free Energy,2017-01-01T00:00:00.000Z,"5min, 15min, hourly, daily, monthly, quarterly, yearly","5min, 15min, hourly",Forecasted by Electricity Maps,"24h, 48h, 72h","5min, 15min, hourly"
Maldives,MV,C,Fossil Only Carbon Intensity,2017-01-01T00:00:00.000Z,"5min, 15min, hourly, daily, monthly, quarterly, yearly","5min, 15min, hourly",Forecasted by Electricity Maps,"24h, 48h, 72h","5min, 15min, hourly"
Maldives,MV,C,Carbon Intensity,2017-01-01T00:00:00.000Z,"5min, 15min, hourly, daily, monthly, quarterly, yearly","5min, 15min, hourly",Forecasted by Electricity Maps,"24h, 48h, 72h","5min, 15min, hourly"
Maldives,MV,C,Electricity Flows,2017-01-01T00:00:00.000Z,"5min, 15min, hourly, daily, monthly, quarterly, yearly","5min, 15min, hourly",Forecasted by Electricity Maps,"24h, 48h, 72h","5min, 15min, hourly"
Maldives,MV,C,Total Load,2017-01-01T00:00:00.000Z,"5min, 15min, hourly, daily, monthly, quarterly, yearly","5min, 15min, hourly",Forecasted by Electricity Maps,"24h, 48h, 72h","5min, 15min, hourly"
Maldives,MV,C,Electricity Mix,2017-01-01T00:00:00.000Z,"5min, 15min, hourly, daily, monthly, quarterly, yearly","5min, 15min, hourly",Forecasted by Electricity Maps,"24h, 48h, 72h","5min, 15min, hourly"
Malawi,MW,C,Renewable Energy,2017-01-01T00:00:00.000Z,"5min, 15min, hourly, daily, monthly, quarterly, yearly","5min, 15min, hourly",Forecasted by Electricity Maps,"24h, 48h, 72h","5min, 15min, hourly"
Malawi,MW,C,Carbon Free Energy,2017-01-01T00:00:00.000Z,"5min, 15min, hourly, daily, monthly, quarterly, yearly","5min, 15min, hourly",Forecasted by Electricity Maps,"24h, 48h, 72h","5min, 15min, hourly"
Malawi,MW,C,Fossil Only Carbon Intensity,2017-01-01T00:00:00.000Z,"5min, 15min, hourly, daily, monthly, quarterly, yearly","5min, 15min, hourly",Forecasted by Electricity Maps,"24h, 48h, 72h","5min, 15min, hourly"
Malawi,MW,C,Carbon Intensity,2017-01-01T00:00:00.000Z,"5min, 15min, hourly, daily, monthly, quarterly, yearly","5min, 15min, hourly",Forecasted by Electricity Maps,"24h, 48h, 72h","5min, 15min, hourly"
Malawi,MW,C,Electricity Flows,2017-01-01T00:00:00.000Z,"5min, 15min, hourly, daily, monthly, quarterly, yearly","5min, 15min, hourly",Forecasted by Electricity Maps,"24h, 48h, 72h","5min, 15min, hourly"
Malawi,MW,C,Total Load,2017-01-01T00:00:00.000Z,"5min, 15min, hourly, daily, monthly, quarterly, yearly","5min, 15min, hourly",Forecasted by Electricity Maps,"24h, 48h, 72h","5min, 15min, hourly"
Malawi,MW,C,Electricity Mix,2017-01-01T00:00:00.000Z,"5min, 15min, hourly, daily, monthly, quarterly, yearly","5min, 15min, hourly",Forecasted by Electricity Maps,"24h, 48h, 72h","5min, 15min, hourly"
Mexico,MX,A,Renewable Energy,2017-01-01T00:00:00.000Z,"5min, 15min, hourly, daily, monthly, quarterly, yearly","5min, 15min, hourly",Forecasted by Electricity Maps,"24h, 48h, 72h","5min, 15min, hourly"
Mexico,MX,A,Carbon Free Energy,2017-01-01T00:00:00.000Z,"5min, 15min, hourly, daily, monthly, quarterly, yearly","5min, 15min, hourly",Forecasted by Electricity Maps,"24h, 48h, 72h","5min, 15min, hourly"
Mexico,MX,A,Fossil Only Carbon Intensity,2017-01-01T00:00:00.000Z,"5min, 15min, hourly, daily, monthly, quarterly, yearly","5min, 15min, hourly",Forecasted by Electricity Maps,"24h, 48h, 72h","5min, 15min, hourly"
Mexico,MX,A,Carbon Intensity,2017-01-01T00:00:00.000Z,"5min, 15min, hourly, daily, monthly, quarterly, yearly","5min, 15min, hourly",Forecasted by Electricity Maps,"24h, 48h, 72h","5min, 15min, hourly"
Mexico,MX,A,Electricity Flows,2017-01-01T00:00:00.000Z,"5min, 15min, hourly, daily, monthly, quarterly, yearly","5min, 15min, hourly",Forecasted by Electricity Maps,"24h, 48h, 72h","5min, 15min, hourly"
Mexico,MX,A,Total Load,2017-01-01T00:00:00.000Z,"5min, 15min, hourly, daily, monthly, quarterly, yearly","5min, 15min, hourly",Forecasted by Electricity Maps,"24h, 48h, 72h","5min, 15min, hourly"
Mexico,MX,A,Electricity Mix,2017-01-01T00:00:00.000Z,"5min, 15min, hourly, daily, monthly, quarterly, yearly","5min, 15min, hourly",Forecasted by Electricity Maps,"24h, 48h, 72h","5min, 15min, hourly"
Mozambique,MZ,C,Renewable Energy,2017-01-01T00:00:00.000Z,"5min, 15min, hourly, daily, monthly, quarterly, yearly","5min, 15min, hourly",Forecasted by Electricity Maps,"24h, 48h, 72h","5min, 15min, hourly"
Mozambique,MZ,C,Carbon Free Energy,2017-01-01T00:00:00.000Z,"5min, 15min, hourly, daily, monthly, quarterly, yearly","5min, 15min, hourly",Forecasted by Electricity Maps,"24h, 48h, 72h","5min, 15min, hourly"
Mozambique,MZ,C,Fossil Only Carbon Intensity,2017-01-01T00:00:00.000Z,"5min, 15min, hourly, daily, monthly, quarterly, yearly","5min, 15min, hourly",Forecasted by Electricity Maps,"24h, 48h, 72h","5min, 15min, hourly"
Mozambique,MZ,C,Carbon Intensity,2017-01-01T00:00:00.000Z,"5min, 15min, hourly, daily, monthly, quarterly, yearly","5min, 15min, hourly",Forecasted by Electricity Maps,"24h, 48h, 72h","5min, 15min, hourly"
Mozambique,MZ,C,Electricity Flows,2017-01-01T00:00:00.000Z,"5min, 15min, hourly, daily, monthly, quarterly, yearly","5min, 15min, hourly",Forecasted by Electricity Maps,"24h, 48h, 72h","5min, 15min, hourly"
Mozambique,MZ,C,Total Load,2017-01-01T00:00:00.000Z,"5min, 15min, hourly, daily, monthly, quarterly, yearly","5min, 15min, hourly",Forecasted by Electricity Maps,"24h, 48h, 72h","5min, 15min, hourly"
Mozambique,MZ,C,Electricity Mix,2017-01-01T00:00:00.000Z,"5min, 15min, hourly, daily, monthly, quarterly, yearly","5min, 15min, hourly",Forecasted by Electricity Maps,"24h, 48h, 72h","5min, 15min, hourly"
Namibia,NA,C,Renewable Energy,2017-01-01T00:00:00.000Z,"5min, 15min, hourly, daily, monthly, quarterly, yearly","5min, 15min, hourly",Forecasted by Electricity Maps,"24h, 48h, 72h","5min, 15min, hourly"
Namibia,NA,C,Carbon Free Energy,2017-01-01T00:00:00.000Z,"5min, 15min, hourly, daily, monthly, quarterly, yearly","5min, 15min, hourly",Forecasted by Electricity Maps,"24h, 48h, 72h","5min, 15min, hourly"
Namibia,NA,C,Fossil Only Carbon Intensity,2017-01-01T00:00:00.000Z,"5min, 15min, hourly, daily, monthly, quarterly, yearly","5min, 15min, hourly",Forecasted by Electricity Maps,"24h, 48h, 72h","5min, 15min, hourly"
Namibia,NA,C,Carbon Intensity,2017-01-01T00:00:00.000Z,"5min, 15min, hourly, daily, monthly, quarterly, yearly","5min, 15min, hourly",Forecasted by Electricity Maps,"24h, 48h, 72h","5min, 15min, hourly"
Namibia,NA,C,Electricity Flows,2017-01-01T00:00:00.000Z,"5min, 15min, hourly, daily, monthly, quarterly, yearly","5min, 15min, hourly",Forecasted by Electricity Maps,"24h, 48h, 72h","5min, 15min, hourly"
Namibia,NA,C,Total Load,2017-01-01T00:00:00.000Z,"5min, 15min, hourly, daily, monthly, quarterly, yearly","5min, 15min, hourly",Forecasted by Electricity Maps,"24h, 48h, 72h","5min, 15min, hourly"
Namibia,NA,C,Electricity Mix,2017-01-01T00:00:00.000Z,"5min, 15min, hourly, daily, monthly, quarterly, yearly","5min, 15min, hourly",Forecasted by Electricity Maps,"24h, 48h, 72h","5min, 15min, hourly"
New Caledonia,NC,C,Renewable Energy,2017-01-01T00:00:00.000Z,"5min, 15min, hourly, daily, monthly, quarterly, yearly","5min, 15min, hourly",Forecasted by Electricity Maps,"24h, 48h, 72h","5min, 15min, hourly"
New Caledonia,NC,C,Carbon Free Energy,2017-01-01T00:00:00.000Z,"5min, 15min, hourly, daily, monthly, quarterly, yearly","5min, 15min, hourly",Forecasted by Electricity Maps,"24h, 48h, 72h","5min, 15min, hourly"
New Caledonia,NC,C,Fossil Only Carbon Intensity,2017-01-01T00:00:00.000Z,"5min, 15min, hourly, daily, monthly, quarterly, yearly","5min, 15min, hourly",Forecasted by Electricity Maps,"24h, 48h, 72h","5min, 15min, hourly"
New Caledonia,NC,C,Carbon Intensity,2017-01-01T00:00:00.000Z,"5min, 15min, hourly, daily, monthly, quarterly, yearly","5min, 15min, hourly",Forecasted by Electricity Maps,"24h, 48h, 72h","5min, 15min, hourly"
New Caledonia,NC,C,Electricity Flows,2017-01-01T00:00:00.000Z,"5min, 15min, hourly, daily, monthly, quarterly, yearly","5min, 15min, hourly",Forecasted by Electricity Maps,"24h, 48h, 72h","5min, 15min, hourly"
New Caledonia,NC,C,Total Load,2017-01-01T00:00:00.000Z,"5min, 15min, hourly, daily, monthly, quarterly, yearly","5min, 15min, hourly",Forecasted by Electricity Maps,"24h, 48h, 72h","5min, 15min, hourly"
New Caledonia,NC,C,Electricity Mix,2017-01-01T00:00:00.000Z,"5min, 15min, hourly, daily, monthly, quarterly, yearly","5min, 15min, hourly",Forecasted by Electricity Maps,"24h, 48h, 72h","5min, 15min, hourly"
Niger,NE,C,Renewable Energy,2017-01-01T00:00:00.000Z,"5min, 15min, hourly, daily, monthly, quarterly, yearly","5min, 15min, hourly",Forecasted by Electricity Maps,"24h, 48h, 72h","5min, 15min, hourly"
Niger,NE,C,Carbon Free Energy,2017-01-01T00:00:00.000Z,"5min, 15min, hourly, daily, monthly, quarterly, yearly","5min, 15min, hourly",Forecasted by Electricity Maps,"24h, 48h, 72h","5min, 15min, hourly"
Niger,NE,C,Fossil Only Carbon Intensity,2017-01-01T00:00:00.000Z,"5min, 15min, hourly, daily, monthly, quarterly, yearly","5min, 15min, hourly",Forecasted by Electricity Maps,"24h, 48h, 72h","5min, 15min, hourly"
Niger,NE,C,Carbon Intensity,2017-01-01T00:00:00.000Z,"5min, 15min, hourly, daily, monthly, quarterly, yearly","5min, 15min, hourly",Forecasted by Electricity Maps,"24h, 48h, 72h","5min, 15min, hourly"
Niger,NE,C,Electricity Flows,2017-01-01T00:00:00.000Z,"5min, 15min, hourly, daily, monthly, quarterly, yearly","5min, 15min, hourly",Forecasted by Electricity Maps,"24h, 48h, 72h","5min, 15min, hourly"
Niger,NE,C,Total Load,2017-01-01T00:00:00.000Z,"5min, 15min, hourly, daily, monthly, quarterly, yearly","5min, 15min, hourly",Forecasted by Electricity Maps,"24h, 48h, 72h","5min, 15min, hourly"
Niger,NE,C,Electricity Mix,2017-01-01T00:00:00.000Z,"5min, 15min, hourly, daily, monthly, quarterly, yearly","5min, 15min, hourly",Forecasted by Electricity Maps,"24h, 48h, 72h","5min, 15min, hourly"
Mainland India,IN,,Renewable Energy,2017-01-01T00:00:00.000Z,"5min, 15min, hourly, daily, monthly, quarterly, yearly","5min, 15min, hourly",Forecasted by Electricity Maps,"24h, 48h, 72h","5min, 15min, hourly"
Mainland India,IN,,Carbon Free Energy,2017-01-01T00:00:00.000Z,"5min, 15min, hourly, daily, monthly, quarterly, yearly","5min, 15min, hourly",Forecasted by Electricity Maps,"24h, 48h, 72h","5min, 15min, hourly"
Mainland India,IN,,Fossil Only Carbon Intensity,2017-01-01T00:00:00.000Z,"5min, 15min, hourly, daily, monthly, quarterly, yearly","5min, 15min, hourly",Forecasted by Electricity Maps,"24h, 48h, 72h","5min, 15min, hourly"
Mainland India,IN,,Carbon Intensity,2017-01-01T00:00:00.000Z,"5min, 15min, hourly, daily, monthly, quarterly, yearly","5min, 15min, hourly",Forecasted by Electricity Maps,"24h, 48h, 72h","5min, 15min, hourly"
Mainland India,IN,,Electricity Flows,2017-01-01T00:00:00.000Z,"5min, 15min, hourly, daily, monthly, quarterly, yearly","5min, 15min, hourly",Forecasted by Electricity Maps,"24h, 48h, 72h","5min, 15min, hourly"
Mainland India,IN,,Total Load,2017-01-01T00:00:00.000Z,"5min, 15min, hourly, daily, monthly, quarterly, yearly","5min, 15min, hourly",Forecasted by Electricity Maps,"24h, 48h, 72h","5min, 15min, hourly"
Mainland India,IN,,Electricity Mix,2017-01-01T00:00:00.000Z,"5min, 15min, hourly, daily, monthly, quarterly, yearly","5min, 15min, hourly",Forecasted by Electricity Maps,"24h, 48h, 72h","5min, 15min, hourly"
Unknown,IN-MH,,Renewable Energy,2020-04-03T00:00:00.000Z,"5min, 15min, hourly, daily, monthly, quarterly, yearly","5min, 15min, hourly",Forecasted by Electricity Maps,"24h, 48h, 72h","5min, 15min, hourly"
Unknown,IN-MH,,Carbon Free Energy,2020-04-03T00:00:00.000Z,"5min, 15min, hourly, daily, monthly, quarterly, yearly","5min, 15min, hourly",Forecasted by Electricity Maps,"24h, 48h, 72h","5min, 15min, hourly"
Unknown,IN-MH,,Fossil Only Carbon Intensity,2020-04-03T00:00:00.000Z,"5min, 15min, hourly, daily, monthly, quarterly, yearly","5min, 15min, hourly",Forecasted by Electricity Maps,"24h, 48h, 72h","5min, 15min, hourly"
Unknown,IN-MH,,Carbon Intensity,2020-04-03T00:00:00.000Z,"5min, 15min, hourly, daily, monthly, quarterly, yearly","5min, 15min, hourly",Forecasted by Electricity Maps,"24h, 48h, 72h","5min, 15min, hourly"
Unknown,IN-MH,,Electricity Flows,2020-04-03T00:00:00.000Z,"5min, 15min, hourly, daily, monthly, quarterly, yearly","5min, 15min, hourly",Forecasted by Electricity Maps,"24h, 48h, 72h","5min, 15min, hourly"
Unknown,IN-MH,,Total Load,2020-04-03T00:00:00.000Z,"5min, 15min, hourly, daily, monthly, quarterly, yearly","5min, 15min, hourly",Forecasted by Electricity Maps,"24h, 48h, 72h","5min, 15min, hourly"
Unknown,IN-MH,,Electricity Mix,2020-04-03T00:00:00.000Z,"5min, 15min, hourly, daily, monthly, quarterly, yearly","5min, 15min, hourly",Forecasted by Electricity Maps,"24h, 48h, 72h","5min, 15min, hourly"
Japan,JP,,Renewable Energy,2017-01-01T00:00:00.000Z,"5min, 15min, hourly, daily, monthly, quarterly, yearly","5min, 15min, hourly",Forecasted by Electricity Maps,"24h, 48h, 72h","5min, 15min, hourly"
Japan,JP,,Carbon Free Energy,2017-01-01T00:00:00.000Z,"5min, 15min, hourly, daily, monthly, quarterly, yearly","5min, 15min, hourly",Forecasted by Electricity Maps,"24h, 48h, 72h","5min, 15min, hourly"
Japan,JP,,Fossil Only Carbon Intensity,2017-01-01T00:00:00.000Z,"5min, 15min, hourly, daily, monthly, quarterly, yearly","5min, 15min, hourly",Forecasted by Electricity Maps,"24h, 48h, 72h","5min, 15min, hourly"
Japan,JP,,Carbon Intensity,2017-01-01T00:00:00.000Z,"5min, 15min, hourly, daily, monthly, quarterly, yearly","5min, 15min, hourly",Forecasted by Electricity Maps,"24h, 48h, 72h","5min, 15min, hourly"
Japan,JP,,Electricity Flows,2017-01-01T00:00:00.000Z,"5min, 15min, hourly, daily, monthly, quarterly, yearly","5min, 15min, hourly",Forecasted by Electricity Maps,"24h, 48h, 72h","5min, 15min, hourly"
Japan,JP,,Total Load,2017-01-01T00:00:00.000Z,"5min, 15min, hourly, daily, monthly, quarterly, yearly","5min, 15min, hourly",Forecasted by Electricity Maps,"24h, 48h, 72h","5min, 15min, hourly"
Japan,JP,,Electricity Mix,2017-01-01T00:00:00.000Z,"5min, 15min, hourly, daily, monthly, quarterly, yearly","5min, 15min, hourly",Forecasted by Electricity Maps,"24h, 48h, 72h","5min, 15min, hourly"
Italy,IT,,Renewable Energy,2015-01-01T00:00:00.000Z,"5min, 15min, hourly, daily, monthly, quarterly, yearly","5min, 15min, hourly",Forecasted by Electricity Maps,"24h, 48h, 72h","5min, 15min, hourly"
Italy,IT,,Carbon Free Energy,2015-01-01T00:00:00.000Z,"5min, 15min, hourly, daily, monthly, quarterly, yearly","5min, 15min, hourly",Forecasted by Electricity Maps,"24h, 48h, 72h","5min, 15min, hourly"
Italy,IT,,Fossil Only Carbon Intensity,2015-01-01T00:00:00.000Z,"5min, 15min, hourly, daily, monthly, quarterly, yearly","5min, 15min, hourly",Forecasted by Electricity Maps,"24h, 48h, 72h","5min, 15min, hourly"
Italy,IT,,Carbon Intensity,2015-01-01T00:00:00.000Z,"5min, 15min, hourly, daily, monthly, quarterly, yearly","5min, 15min, hourly",Forecasted by Electricity Maps,"24h, 48h, 72h","5min, 15min, hourly"
Italy,IT,,Electricity Flows,2015-01-01T00:00:00.000Z,"5min, 15min, hourly, daily, monthly, quarterly, yearly","5min, 15min, hourly",Forecasted by Electricity Maps,"24h, 48h, 72h","5min, 15min, hourly"
Italy,IT,,Total Load,2015-01-01T00:00:00.000Z,"5min, 15min, hourly, daily, monthly, quarterly, yearly","5min, 15min, hourly",Forecasted by Electricity Maps,"24h, 48h, 72h","5min, 15min, hourly"
Italy,IT,,Electricity Mix,2015-01-01T00:00:00.000Z,"5min, 15min, hourly, daily, monthly, quarterly, yearly","5min, 15min, hourly",Forecasted by Electricity Maps,"24h, 48h, 72h","5min, 15min, hourly"
Italy,IT,,Total Reported Load,2018-01-01T00:00:00.000Z,"5min, 15min, hourly","5min, 15min, hourly",Forecasted by Electricity Maps,"24h, 48h, 72h","5min, 15min, hourly"
Unknown,IN-PB,,Renewable Energy,2017-10-11T00:00:00.000Z,"5min, 15min, hourly, daily, monthly, quarterly, yearly","5min, 15min, hourly",Forecasted by Electricity Maps,"24h, 48h, 72h","5min, 15min, hourly"
Unknown,IN-PB,,Carbon Free Energy,2017-10-11T00:00:00.000Z,"5min, 15min, hourly, daily, monthly, quarterly, yearly","5min, 15min, hourly",Forecasted by Electricity Maps,"24h, 48h, 72h","5min, 15min, hourly"
Unknown,IN-PB,,Fossil Only Carbon Intensity,2017-10-11T00:00:00.000Z,"5min, 15min, hourly, daily, monthly, quarterly, yearly","5min, 15min, hourly",Forecasted by Electricity Maps,"24h, 48h, 72h","5min, 15min, hourly"
Unknown,IN-PB,,Carbon Intensity,2017-10-11T00:00:00.000Z,"5min, 15min, hourly, daily, monthly, quarterly, yearly","5min, 15min, hourly",Forecasted by Electricity Maps,"24h, 48h, 72h","5min, 15min, hourly"
Unknown,IN-PB,,Electricity Flows,2017-10-11T00:00:00.000Z,"5min, 15min, hourly, daily, monthly, quarterly, yearly","5min, 15min, hourly",Forecasted by Electricity Maps,"24h, 48h, 72h","5min, 15min, hourly"
Unknown,IN-PB,,Total Load,2017-10-11T00:00:00.000Z,"5min, 15min, hourly, daily, monthly, quarterly, yearly","5min, 15min, hourly",Forecasted by Electricity Maps,"24h, 48h, 72h","5min, 15min, hourly"
Unknown,IN-PB,,Electricity Mix,2017-10-11T00:00:00.000Z,"5min, 15min, hourly, daily, monthly, quarterly, yearly","5min, 15min, hourly",Forecasted by Electricity Maps,"24h, 48h, 72h","5min, 15min, hourly"
Unknown,IN-PB,,Total Reported Load,2018-01-01T00:00:00.000Z,"5min, 15min, hourly","5min, 15min, hourly",Forecasted by Electricity Maps,"24h, 48h, 72h","5min, 15min, hourly"
Unknown,IN-UP,,Renewable Energy,2018-01-20T00:00:00.000Z,"5min, 15min, hourly, daily, monthly, quarterly, yearly","5min, 15min, hourly",Forecasted by Electricity Maps,"24h, 48h, 72h","5min, 15min, hourly"
Unknown,IN-UP,,Carbon Free Energy,2018-01-20T00:00:00.000Z,"5min, 15min, hourly, daily, monthly, quarterly, yearly","5min, 15min, hourly",Forecasted by Electricity Maps,"24h, 48h, 72h","5min, 15min, hourly"
Unknown,IN-UP,,Fossil Only Carbon Intensity,2018-01-20T00:00:00.000Z,"5min, 15min, hourly, daily, monthly, quarterly, yearly","5min, 15min, hourly",Forecasted by Electricity Maps,"24h, 48h, 72h","5min, 15min, hourly"
Unknown,IN-UP,,Carbon Intensity,2018-01-20T00:00:00.000Z,"5min, 15min, hourly, daily, monthly, quarterly, yearly","5min, 15min, hourly",Forecasted by Electricity Maps,"24h, 48h, 72h","5min, 15min, hourly"
Unknown,IN-UP,,Electricity Flows,2018-01-20T00:00:00.000Z,"5min, 15min, hourly, daily, monthly, quarterly, yearly","5min, 15min, hourly",Forecasted by Electricity Maps,"24h, 48h, 72h","5min, 15min, hourly"
Unknown,IN-UP,,Total Load,2018-01-20T00:00:00.000Z,"5min, 15min, hourly, daily, monthly, quarterly, yearly","5min, 15min, hourly",Forecasted by Electricity Maps,"24h, 48h, 72h","5min, 15min, hourly"
Unknown,IN-UP,,Electricity Mix,2018-01-20T00:00:00.000Z,"5min, 15min, hourly, daily, monthly, quarterly, yearly","5min, 15min, hourly",Forecasted by Electricity Maps,"24h, 48h, 72h","5min, 15min, hourly"
Unknown,IN-UP,,Total Reported Load,2018-01-01T00:00:00.000Z,"5min, 15min, hourly","5min, 15min, hourly",Forecasted by Electricity Maps,"24h, 48h, 72h","5min, 15min, hourly"
Unknown,IN-UT,,Renewable Energy,2018-07-09T00:00:00.000Z,"5min, 15min, hourly, daily, monthly, quarterly, yearly","5min, 15min, hourly",Forecasted by Electricity Maps,"24h, 48h, 72h","5min, 15min, hourly"
Unknown,IN-UT,,Carbon Free Energy,2018-07-09T00:00:00.000Z,"5min, 15min, hourly, daily, monthly, quarterly, yearly","5min, 15min, hourly",Forecasted by Electricity Maps,"24h, 48h, 72h","5min, 15min, hourly"
Unknown,IN-UT,,Fossil Only Carbon Intensity,2018-07-09T00:00:00.000Z,"5min, 15min, hourly, daily, monthly, quarterly, yearly","5min, 15min, hourly",Forecasted by Electricity Maps,"24h, 48h, 72h","5min, 15min, hourly"
Unknown,IN-UT,,Carbon Intensity,2018-07-09T00:00:00.000Z,"5min, 15min, hourly, daily, monthly, quarterly, yearly","5min, 15min, hourly",Forecasted by Electricity Maps,"24h, 48h, 72h","5min, 15min, hourly"
Unknown,IN-UT,,Electricity Flows,2018-07-09T00:00:00.000Z,"5min, 15min, hourly, daily, monthly, quarterly, yearly","5min, 15min, hourly",Forecasted by Electricity Maps,"24h, 48h, 72h","5min, 15min, hourly"
Unknown,IN-UT,,Total Load,2018-07-09T00:00:00.000Z,"5min, 15min, hourly, daily, monthly, quarterly, yearly","5min, 15min, hourly",Forecasted by Electricity Maps,"24h, 48h, 72h","5min, 15min, hourly"
Unknown,IN-UT,,Electricity Mix,2018-07-09T00:00:00.000Z,"5min, 15min, hourly, daily, monthly, quarterly, yearly","5min, 15min, hourly",Forecasted by Electricity Maps,"24h, 48h, 72h","5min, 15min, hourly"
Netherlands,NL,A,Price Day Ahead,2017-04-30T00:00:00.000Z,"5min, 15min, hourly, daily, monthly, quarterly, yearly","5min, 15min, hourly",Forecasted by Electricity Maps,"24h, 48h, 72h","5min, 15min, hourly"
Netherlands,NL,A,Renewable Energy,2015-01-01T00:00:00.000Z,"5min, 15min, hourly, daily, monthly, quarterly, yearly","5min, 15min, hourly",Forecasted by Electricity Maps,"24h, 48h, 72h","5min, 15min, hourly"
Netherlands,NL,A,Carbon Free Energy,2015-01-01T00:00:00.000Z,"5min, 15min, hourly, daily, monthly, quarterly, yearly","5min, 15min, hourly",Forecasted by Electricity Maps,"24h, 48h, 72h","5min, 15min, hourly"
Netherlands,NL,A,Fossil Only Carbon Intensity,2015-01-01T00:00:00.000Z,"5min, 15min, hourly, daily, monthly, quarterly, yearly","5min, 15min, hourly",Forecasted by Electricity Maps,"24h, 48h, 72h","5min, 15min, hourly"
Netherlands,NL,A,Carbon Intensity,2015-01-01T00:00:00.000Z,"5min, 15min, hourly, daily, monthly, quarterly, yearly","5min, 15min, hourly",Forecasted by Electricity Maps,"24h, 48h, 72h","5min, 15min, hourly"
Netherlands,NL,A,Electricity Flows,2015-01-01T00:00:00.000Z,"5min, 15min, hourly, daily, monthly, quarterly, yearly","5min, 15min, hourly",Forecasted by Electricity Maps,"24h, 48h, 72h","5min, 15min, hourly"
Netherlands,NL,A,Total Load,2015-01-01T00:00:00.000Z,"5min, 15min, hourly, daily, monthly, quarterly, yearly","5min, 15min, hourly",Forecasted by Electricity Maps,"24h, 48h, 72h","5min, 15min, hourly"
Netherlands,NL,A,Electricity Mix,2015-01-01T00:00:00.000Z,"5min, 15min, hourly, daily, monthly, quarterly, yearly","5min, 15min, hourly",Forecasted by Electricity Maps,"24h, 48h, 72h","5min, 15min, hourly"
Netherlands,NL,A,Total Reported Load,2018-01-01T00:00:00.000Z,"5min, 15min, hourly","5min, 15min, hourly",Forecasted by Electricity Maps,"24h, 48h, 72h","5min, 15min, hourly"
Poland,PL,A,Price Day Ahead,2015-01-03T00:00:00.000Z,"5min, 15min, hourly, daily, monthly, quarterly, yearly","5min, 15min, hourly",Forecasted by Electricity Maps,"24h, 48h, 72h","5min, 15min, hourly"
Poland,PL,A,Renewable Energy,2015-01-01T00:00:00.000Z,"5min, 15min, hourly, daily, monthly, quarterly, yearly","5min, 15min, hourly",Forecasted by Electricity Maps,"24h, 48h, 72h","5min, 15min, hourly"
Poland,PL,A,Carbon Free Energy,2015-01-01T00:00:00.000Z,"5min, 15min, hourly, daily, monthly, quarterly, yearly","5min, 15min, hourly",Forecasted by Electricity Maps,"24h, 48h, 72h","5min, 15min, hourly"
Poland,PL,A,Fossil Only Carbon Intensity,2015-01-01T00:00:00.000Z,"5min, 15min, hourly, daily, monthly, quarterly, yearly","5min, 15min, hourly",Forecasted by Electricity Maps,"24h, 48h, 72h","5min, 15min, hourly"
Poland,PL,A,Carbon Intensity,2015-01-01T00:00:00.000Z,"5min, 15min, hourly, daily, monthly, quarterly, yearly","5min, 15min, hourly",Forecasted by Electricity Maps,"24h, 48h, 72h","5min, 15min, hourly"
Poland,PL,A,Electricity Flows,2015-01-01T00:00:00.000Z,"5min, 15min, hourly, daily, monthly, quarterly, yearly","5min, 15min, hourly",Forecasted by Electricity Maps,"24h, 48h, 72h","5min, 15min, hourly"
Poland,PL,A,Total Load,2015-01-01T00:00:00.000Z,"5min, 15min, hourly, daily, monthly, quarterly, yearly","5min, 15min, hourly",Forecasted by Electricity Maps,"24h, 48h, 72h","5min, 15min, hourly"
Poland,PL,A,Electricity Mix,2015-01-01T00:00:00.000Z,"5min, 15min, hourly, daily, monthly, quarterly, yearly","5min, 15min, hourly",Forecasted by Electricity Maps,"24h, 48h, 72h","5min, 15min, hourly"
Poland,PL,A,Total Reported Load,2018-01-01T00:00:00.000Z,"5min, 15min, hourly","5min, 15min, hourly",Forecasted by Electricity Maps,"24h, 48h, 72h","5min, 15min, hourly"
Portugal,PT,A,Price Day Ahead,2015-01-01T00:00:00.000Z,"5min, 15min, hourly, daily, monthly, quarterly, yearly","5min, 15min, hourly",Forecasted by Electricity Maps,"24h, 48h, 72h","5min, 15min, hourly"
Portugal,PT,A,Renewable Energy,2015-01-01T00:00:00.000Z,"5min, 15min, hourly, daily, monthly, quarterly, yearly","5min, 15min, hourly",Forecasted by Electricity Maps,"24h, 48h, 72h","5min, 15min, hourly"
Portugal,PT,A,Carbon Free Energy,2015-01-01T00:00:00.000Z,"5min, 15min, hourly, daily, monthly, quarterly, yearly","5min, 15min, hourly",Forecasted by Electricity Maps,"24h, 48h, 72h","5min, 15min, hourly"
Portugal,PT,A,Fossil Only Carbon Intensity,2015-01-01T00:00:00.000Z,"5min, 15min, hourly, daily, monthly, quarterly, yearly","5min, 15min, hourly",Forecasted by Electricity Maps,"24h, 48h, 72h","5min, 15min, hourly"
Portugal,PT,A,Carbon Intensity,2015-01-01T00:00:00.000Z,"5min, 15min, hourly, daily, monthly, quarterly, yearly","5min, 15min, hourly",Forecasted by Electricity Maps,"24h, 48h, 72h","5min, 15min, hourly"
Portugal,PT,A,Electricity Flows,2015-01-01T00:00:00.000Z,"5min, 15min, hourly, daily, monthly, quarterly, yearly","5min, 15min, hourly",Forecasted by Electricity Maps,"24h, 48h, 72h","5min, 15min, hourly"
Portugal,PT,A,Total Load,2015-01-01T00:00:00.000Z,"5min, 15min, hourly, daily, monthly, quarterly, yearly","5min, 15min, hourly",Forecasted by Electricity Maps,"24h, 48h, 72h","5min, 15min, hourly"
Portugal,PT,A,Electricity Mix,2015-01-01T00:00:00.000Z,"5min, 15min, hourly, daily, monthly, quarterly, yearly","5min, 15min, hourly",Forecasted by Electricity Maps,"24h, 48h, 72h","5min, 15min, hourly"
Portugal,PT,A,Total Reported Load,2018-01-01T00:00:00.000Z,"5min, 15min, hourly","5min, 15min, hourly",Forecasted by Electricity Maps,"24h, 48h, 72h","5min, 15min, hourly"
North Sweden,SE-SE1,A,Price Day Ahead,2015-01-01T00:00:00.000Z,"5min, 15min, hourly, daily, monthly, quarterly, yearly","5min, 15min, hourly",Forecasted by Electricity Maps,"24h, 48h, 72h","5min, 15min, hourly"
North Sweden,SE-SE1,A,Renewable Energy,2017-01-01T00:00:00.000Z,"5min, 15min, hourly, daily, monthly, quarterly, yearly","5min, 15min, hourly",Forecasted by Electricity Maps,"24h, 48h, 72h","5min, 15min, hourly"
North Sweden,SE-SE1,A,Carbon Free Energy,2017-01-01T00:00:00.000Z,"5min, 15min, hourly, daily, monthly, quarterly, yearly","5min, 15min, hourly",Forecasted by Electricity Maps,"24h, 48h, 72h","5min, 15min, hourly"
North Sweden,SE-SE1,A,Fossil Only Carbon Intensity,2017-01-01T00:00:00.000Z,"5min, 15min, hourly, daily, monthly, quarterly, yearly","5min, 15min, hourly",Forecasted by Electricity Maps,"24h, 48h, 72h","5min, 15min, hourly"
North Sweden,SE-SE1,A,Carbon Intensity,2017-01-01T00:00:00.000Z,"5min, 15min, hourly, daily, monthly, quarterly, yearly","5min, 15min, hourly",Forecasted by Electricity Maps,"24h, 48h, 72h","5min, 15min, hourly"
North Sweden,SE-SE1,A,Electricity Flows,2017-01-01T00:00:00.000Z,"5min, 15min, hourly, daily, monthly, quarterly, yearly","5min, 15min, hourly",Forecasted by Electricity Maps,"24h, 48h, 72h","5min, 15min, hourly"
North Sweden,SE-SE1,A,Total Load,2017-01-01T00:00:00.000Z,"5min, 15min, hourly, daily, monthly, quarterly, yearly","5min, 15min, hourly",Forecasted by Electricity Maps,"24h, 48h, 72h","5min, 15min, hourly"
North Sweden,SE-SE1,A,Electricity Mix,2017-01-01T00:00:00.000Z,"5min, 15min, hourly, daily, monthly, quarterly, yearly","5min, 15min, hourly",Forecasted by Electricity Maps,"24h, 48h, 72h","5min, 15min, hourly"
North Sweden,SE-SE1,A,Total Reported Load,2018-01-01T00:00:00.000Z,"5min, 15min, hourly","5min, 15min, hourly",Forecasted by Electricity Maps,"24h, 48h, 72h","5min, 15min, hourly"
North Central Sweden,SE-SE2,A,Price Day Ahead,2015-01-01T00:00:00.000Z,"5min, 15min, hourly, daily, monthly, quarterly, yearly","5min, 15min, hourly",Forecasted by Electricity Maps,"24h, 48h, 72h","5min, 15min, hourly"
North Central Sweden,SE-SE2,A,Renewable Energy,2017-01-01T00:00:00.000Z,"5min, 15min, hourly, daily, monthly, quarterly, yearly","5min, 15min, hourly",Forecasted by Electricity Maps,"24h, 48h, 72h","5min, 15min, hourly"
North Central Sweden,SE-SE2,A,Carbon Free Energy,2017-01-01T00:00:00.000Z,"5min, 15min, hourly, daily, monthly, quarterly, yearly","5min, 15min, hourly",Forecasted by Electricity Maps,"24h, 48h, 72h","5min, 15min, hourly"
North Central Sweden,SE-SE2,A,Fossil Only Carbon Intensity,2017-01-01T00:00:00.000Z,"5min, 15min, hourly, daily, monthly, quarterly, yearly","5min, 15min, hourly",Forecasted by Electricity Maps,"24h, 48h, 72h","5min, 15min, hourly"
North Central Sweden,SE-SE2,A,Carbon Intensity,2017-01-01T00:00:00.000Z,"5min, 15min, hourly, daily, monthly, quarterly, yearly","5min, 15min, hourly",Forecasted by Electricity Maps,"24h, 48h, 72h","5min, 15min, hourly"
North Central Sweden,SE-SE2,A,Electricity Flows,2017-01-01T00:00:00.000Z,"5min, 15min, hourly, daily, monthly, quarterly, yearly","5min, 15min, hourly",Forecasted by Electricity Maps,"24h, 48h, 72h","5min, 15min, hourly"
North Central Sweden,SE-SE2,A,Total Load,2017-01-01T00:00:00.000Z,"5min, 15min, hourly, daily, monthly, quarterly, yearly","5min, 15min, hourly",Forecasted by Electricity Maps,"24h, 48h, 72h","5min, 15min, hourly"
North Central Sweden,SE-SE2,A,Electricity Mix,2017-01-01T00:00:00.000Z,"5min, 15min, hourly, daily, monthly, quarterly, yearly","5min, 15min, hourly",Forecasted by Electricity Maps,"24h, 48h, 72h","5min, 15min, hourly"
North Central Sweden,SE-SE2,A,Total Reported Load,2018-01-01T00:00:00.000Z,"5min, 15min, hourly","5min, 15min, hourly",Forecasted by Electricity Maps,"24h, 48h, 72h","5min, 15min, hourly"
Eastern Norway,NO-NO1,A,Price Day Ahead,2015-01-01T00:00:00.000Z,"5min, 15min, hourly, daily, monthly, quarterly, yearly","5min, 15min, hourly",Forecasted by Electricity Maps,"24h, 48h, 72h","5min, 15min, hourly"
Eastern Norway,NO-NO1,A,Renewable Energy,2015-01-01T00:00:00.000Z,"5min, 15min, hourly, daily, monthly, quarterly, yearly","5min, 15min, hourly",Forecasted by Electricity Maps,"24h, 48h, 72h","5min, 15min, hourly"
Eastern Norway,NO-NO1,A,Carbon Free Energy,2015-01-01T00:00:00.000Z,"5min, 15min, hourly, daily, monthly, quarterly, yearly","5min, 15min, hourly",Forecasted by Electricity Maps,"24h, 48h, 72h","5min, 15min, hourly"
Eastern Norway,NO-NO1,A,Fossil Only Carbon Intensity,2015-01-01T00:00:00.000Z,"5min, 15min, hourly, daily, monthly, quarterly, yearly","5min, 15min, hourly",Forecasted by Electricity Maps,"24h, 48h, 72h","5min, 15min, hourly"
Eastern Norway,NO-NO1,A,Carbon Intensity,2015-01-01T00:00:00.000Z,"5min, 15min, hourly, daily, monthly, quarterly, yearly","5min, 15min, hourly",Forecasted by Electricity Maps,"24h, 48h, 72h","5min, 15min, hourly"
Eastern Norway,NO-NO1,A,Electricity Flows,2015-01-01T00:00:00.000Z,"5min, 15min, hourly, daily, monthly, quarterly, yearly","5min, 15min, hourly",Forecasted by Electricity Maps,"24h, 48h, 72h","5min, 15min, hourly"
Eastern Norway,NO-NO1,A,Total Load,2015-01-01T00:00:00.000Z,"5min, 15min, hourly, daily, monthly, quarterly, yearly","5min, 15min, hourly",Forecasted by Electricity Maps,"24h, 48h, 72h","5min, 15min, hourly"
Eastern Norway,NO-NO1,A,Electricity Mix,2015-01-01T00:00:00.000Z,"5min, 15min, hourly, daily, monthly, quarterly, yearly","5min, 15min, hourly",Forecasted by Electricity Maps,"24h, 48h, 72h","5min, 15min, hourly"
Eastern Norway,NO-NO1,A,Total Reported Load,2018-01-01T00:00:00.000Z,"5min, 15min, hourly","5min, 15min, hourly",Forecasted by Electricity Maps,"24h, 48h, 72h","5min, 15min, hourly"
Southern Norway,NO-NO2,A,Price Day Ahead,2015-01-01T00:00:00.000Z,"5min, 15min, hourly, daily, monthly, quarterly, yearly","5min, 15min, hourly",Forecasted by Electricity Maps,"24h, 48h, 72h","5min, 15min, hourly"
Southern Norway,NO-NO2,A,Renewable Energy,2015-01-01T00:00:00.000Z,"5min, 15min, hourly, daily, monthly, quarterly, yearly","5min, 15min, hourly",Forecasted by Electricity Maps,"24h, 48h, 72h","5min, 15min, hourly"
Southern Norway,NO-NO2,A,Carbon Free Energy,2015-01-01T00:00:00.000Z,"5min, 15min, hourly, daily, monthly, quarterly, yearly","5min, 15min, hourly",Forecasted by Electricity Maps,"24h, 48h, 72h","5min, 15min, hourly"
Southern Norway,NO-NO2,A,Fossil Only Carbon Intensity,2015-01-01T00:00:00.000Z,"5min, 15min, hourly, daily, monthly, quarterly, yearly","5min, 15min, hourly",Forecasted by Electricity Maps,"24h, 48h, 72h","5min, 15min, hourly"
Southern Norway,NO-NO2,A,Carbon Intensity,2015-01-01T00:00:00.000Z,"5min, 15min, hourly, daily, monthly, quarterly, yearly","5min, 15min, hourly",Forecasted by Electricity Maps,"24h, 48h, 72h","5min, 15min, hourly"
Southern Norway,NO-NO2,A,Electricity Flows,2015-01-01T00:00:00.000Z,"5min, 15min, hourly, daily, monthly, quarterly, yearly","5min, 15min, hourly",Forecasted by Electricity Maps,"24h, 48h, 72h","5min, 15min, hourly"
Southern Norway,NO-NO2,A,Total Load,2015-01-01T00:00:00.000Z,"5min, 15min, hourly, daily, monthly, quarterly, yearly","5min, 15min, hourly",Forecasted by Electricity Maps,"24h, 48h, 72h","5min, 15min, hourly"
Southern Norway,NO-NO2,A,Electricity Mix,2015-01-01T00:00:00.000Z,"5min, 15min, hourly, daily, monthly, quarterly, yearly","5min, 15min, hourly",Forecasted by Electricity Maps,"24h, 48h, 72h","5min, 15min, hourly"
Southern Norway,NO-NO2,A,Total Reported Load,2018-01-01T00:00:00.000Z,"5min, 15min, hourly","5min, 15min, hourly",Forecasted by Electricity Maps,"24h, 48h, 72h","5min, 15min, hourly"
Central Norway,NO-NO3,A,Price Day Ahead,2015-01-01T00:00:00.000Z,"5min, 15min, hourly, daily, monthly, quarterly, yearly","5min, 15min, hourly",Forecasted by Electricity Maps,"24h, 48h, 72h","5min, 15min, hourly"
Central Norway,NO-NO3,A,Renewable Energy,2015-01-01T00:00:00.000Z,"5min, 15min, hourly, daily, monthly, quarterly, yearly","5min, 15min, hourly",Forecasted by Electricity Maps,"24h, 48h, 72h","5min, 15min, hourly"
Central Norway,NO-NO3,A,Carbon Free Energy,2015-01-01T00:00:00.000Z,"5min, 15min, hourly, daily, monthly, quarterly, yearly","5min, 15min, hourly",Forecasted by Electricity Maps,"24h, 48h, 72h","5min, 15min, hourly"
Central Norway,NO-NO3,A,Fossil Only Carbon Intensity,2015-01-01T00:00:00.000Z,"5min, 15min, hourly, daily, monthly, quarterly, yearly","5min, 15min, hourly",Forecasted by Electricity Maps,"24h, 48h, 72h","5min, 15min, hourly"
Central Norway,NO-NO3,A,Carbon Intensity,2015-01-01T00:00:00.000Z,"5min, 15min, hourly, daily, monthly, quarterly, yearly","5min, 15min, hourly",Forecasted by Electricity Maps,"24h, 48h, 72h","5min, 15min, hourly"
Central Norway,NO-NO3,A,Electricity Flows,2015-01-01T00:00:00.000Z,"5min, 15min, hourly, daily, monthly, quarterly, yearly","5min, 15min, hourly",Forecasted by Electricity Maps,"24h, 48h, 72h","5min, 15min, hourly"
Central Norway,NO-NO3,A,Total Load,2015-01-01T00:00:00.000Z,"5min, 15min, hourly, daily, monthly, quarterly, yearly","5min, 15min, hourly",Forecasted by Electricity Maps,"24h, 48h, 72h","5min, 15min, hourly"
Central Norway,NO-NO3,A,Electricity Mix,2015-01-01T00:00:00.000Z,"5min, 15min, hourly, daily, monthly, quarterly, yearly","5min, 15min, hourly",Forecasted by Electricity Maps,"24h, 48h, 72h","5min, 15min, hourly"
Central Norway,NO-NO3,A,Total Reported Load,2018-01-01T00:00:00.000Z,"5min, 15min, hourly","5min, 15min, hourly",Forecasted by Electricity Maps,"24h, 48h, 72h","5min, 15min, hourly"
Northern Norway,NO-NO4,A,Price Day Ahead,2015-01-01T00:00:00.000Z,"5min, 15min, hourly, daily, monthly, quarterly, yearly","5min, 15min, hourly",Forecasted by Electricity Maps,"24h, 48h, 72h","5min, 15min, hourly"
Northern Norway,NO-NO4,A,Renewable Energy,2015-01-01T00:00:00.000Z,"5min, 15min, hourly, daily, monthly, quarterly, yearly","5min, 15min, hourly",Forecasted by Electricity Maps,"24h, 48h, 72h","5min, 15min, hourly"
Northern Norway,NO-NO4,A,Carbon Free Energy,2015-01-01T00:00:00.000Z,"5min, 15min, hourly, daily, monthly, quarterly, yearly","5min, 15min, hourly",Forecasted by Electricity Maps,"24h, 48h, 72h","5min, 15min, hourly"
Northern Norway,NO-NO4,A,Fossil Only Carbon Intensity,2015-01-01T00:00:00.000Z,"5min, 15min, hourly, daily, monthly, quarterly, yearly","5min, 15min, hourly",Forecasted by Electricity Maps,"24h, 48h, 72h","5min, 15min, hourly"
Northern Norway,NO-NO4,A,Carbon Intensity,2015-01-01T00:00:00.000Z,"5min, 15min, hourly, daily, monthly, quarterly, yearly","5min, 15min, hourly",Forecasted by Electricity Maps,"24h, 48h, 72h","5min, 15min, hourly"
Northern Norway,NO-NO4,A,Electricity Flows,2015-01-01T00:00:00.000Z,"5min, 15min, hourly, daily, monthly, quarterly, yearly","5min, 15min, hourly",Forecasted by Electricity Maps,"24h, 48h, 72h","5min, 15min, hourly"
Northern Norway,NO-NO4,A,Total Load,2015-01-01T00:00:00.000Z,"5min, 15min, hourly, daily, monthly, quarterly, yearly","5min, 15min, hourly",Forecasted by Electricity Maps,"24h, 48h, 72h","5min, 15min, hourly"
Northern Norway,NO-NO4,A,Electricity Mix,2015-01-01T00:00:00.000Z,"5min, 15min, hourly, daily, monthly, quarterly, yearly","5min, 15min, hourly",Forecasted by Electricity Maps,"24h, 48h, 72h","5min, 15min, hourly"
Northern Norway,NO-NO4,A,Total Reported Load,2018-01-01T00:00:00.000Z,"5min, 15min, hourly","5min, 15min, hourly",Forecasted by Electricity Maps,"24h, 48h, 72h","5min, 15min, hourly"
Western Norway,NO-NO5,A,Price Day Ahead,2015-01-01T00:00:00.000Z,"5min, 15min, hourly, daily, monthly, quarterly, yearly","5min, 15min, hourly",Forecasted by Electricity Maps,"24h, 48h, 72h","5min, 15min, hourly"
Western Norway,NO-NO5,A,Renewable Energy,2015-01-01T00:00:00.000Z,"5min, 15min, hourly, daily, monthly, quarterly, yearly","5min, 15min, hourly",Forecasted by Electricity Maps,"24h, 48h, 72h","5min, 15min, hourly"
Western Norway,NO-NO5,A,Carbon Free Energy,2015-01-01T00:00:00.000Z,"5min, 15min, hourly, daily, monthly, quarterly, yearly","5min, 15min, hourly",Forecasted by Electricity Maps,"24h, 48h, 72h","5min, 15min, hourly"
Western Norway,NO-NO5,A,Fossil Only Carbon Intensity,2015-01-01T00:00:00.000Z,"5min, 15min, hourly, daily, monthly, quarterly, yearly","5min, 15min, hourly",Forecasted by Electricity Maps,"24h, 48h, 72h","5min, 15min, hourly"
Western Norway,NO-NO5,A,Carbon Intensity,2015-01-01T00:00:00.000Z,"5min, 15min, hourly, daily, monthly, quarterly, yearly","5min, 15min, hourly",Forecasted by Electricity Maps,"24h, 48h, 72h","5min, 15min, hourly"
Western Norway,NO-NO5,A,Electricity Flows,2015-01-01T00:00:00.000Z,"5min, 15min, hourly, daily, monthly, quarterly, yearly","5min, 15min, hourly",Forecasted by Electricity Maps,"24h, 48h, 72h","5min, 15min, hourly"
Western Norway,NO-NO5,A,Total Load,2015-01-01T00:00:00.000Z,"5min, 15min, hourly, daily, monthly, quarterly, yearly","5min, 15min, hourly",Forecasted by Electricity Maps,"24h, 48h, 72h","5min, 15min, hourly"
Western Norway,NO-NO5,A,Electricity Mix,2015-01-01T00:00:00.000Z,"5min, 15min, hourly, daily, monthly, quarterly, yearly","5min, 15min, hourly",Forecasted by Electricity Maps,"24h, 48h, 72h","5min, 15min, hourly"
Western Norway,NO-NO5,A,Total Reported Load,2018-01-01T00:00:00.000Z,"5min, 15min, hourly","5min, 15min, hourly",Forecasted by Electricity Maps,"24h, 48h, 72h","5min, 15min, hourly"
Philippines,PH,,Renewable Energy,2017-01-01T00:00:00.000Z,"5min, 15min, hourly, daily, monthly, quarterly, yearly","5min, 15min, hourly",Forecasted by Electricity Maps,"24h, 48h, 72h","5min, 15min, hourly"
Philippines,PH,,Carbon Free Energy,2017-01-01T00:00:00.000Z,"5min, 15min, hourly, daily, monthly, quarterly, yearly","5min, 15min, hourly",Forecasted by Electricity Maps,"24h, 48h, 72h","5min, 15min, hourly"
Philippines,PH,,Fossil Only Carbon Intensity,2017-01-01T00:00:00.000Z,"5min, 15min, hourly, daily, monthly, quarterly, yearly","5min, 15min, hourly",Forecasted by Electricity Maps,"24h, 48h, 72h","5min, 15min, hourly"
Philippines,PH,,Carbon Intensity,2017-01-01T00:00:00.000Z,"5min, 15min, hourly, daily, monthly, quarterly, yearly","5min, 15min, hourly",Forecasted by Electricity Maps,"24h, 48h, 72h","5min, 15min, hourly"
Philippines,PH,,Electricity Flows,2017-01-01T00:00:00.000Z,"5min, 15min, hourly, daily, monthly, quarterly, yearly","5min, 15min, hourly",Forecasted by Electricity Maps,"24h, 48h, 72h","5min, 15min, hourly"
Philippines,PH,,Total Load,2017-01-01T00:00:00.000Z,"5min, 15min, hourly, daily, monthly, quarterly, yearly","5min, 15min, hourly",Forecasted by Electricity Maps,"24h, 48h, 72h","5min, 15min, hourly"
Philippines,PH,,Electricity Mix,2017-01-01T00:00:00.000Z,"5min, 15min, hourly, daily, monthly, quarterly, yearly","5min, 15min, hourly",Forecasted by Electricity Maps,"24h, 48h, 72h","5min, 15min, hourly"
Norway,NO,,Renewable Energy,2015-01-01T00:00:00.000Z,"5min, 15min, hourly, daily, monthly, quarterly, yearly","5min, 15min, hourly",Forecasted by Electricity Maps,"24h, 48h, 72h","5min, 15min, hourly"
Norway,NO,,Carbon Free Energy,2015-01-01T00:00:00.000Z,"5min, 15min, hourly, daily, monthly, quarterly, yearly","5min, 15min, hourly",Forecasted by Electricity Maps,"24h, 48h, 72h","5min, 15min, hourly"
Norway,NO,,Fossil Only Carbon Intensity,2015-01-01T00:00:00.000Z,"5min, 15min, hourly, daily, monthly, quarterly, yearly","5min, 15min, hourly",Forecasted by Electricity Maps,"24h, 48h, 72h","5min, 15min, hourly"
Norway,NO,,Carbon Intensity,2015-01-01T00:00:00.000Z,"5min, 15min, hourly, daily, monthly, quarterly, yearly","5min, 15min, hourly",Forecasted by Electricity Maps,"24h, 48h, 72h","5min, 15min, hourly"
Norway,NO,,Electricity Flows,2015-01-01T00:00:00.000Z,"5min, 15min, hourly, daily, monthly, quarterly, yearly","5min, 15min, hourly",Forecasted by Electricity Maps,"24h, 48h, 72h","5min, 15min, hourly"
Norway,NO,,Total Load,2015-01-01T00:00:00.000Z,"5min, 15min, hourly, daily, monthly, quarterly, yearly","5min, 15min, hourly",Forecasted by Electricity Maps,"24h, 48h, 72h","5min, 15min, hourly"
Norway,NO,,Electricity Mix,2015-01-01T00:00:00.000Z,"5min, 15min, hourly, daily, monthly, quarterly, yearly","5min, 15min, hourly",Forecasted by Electricity Maps,"24h, 48h, 72h","5min, 15min, hourly"
Norway,NO,,Total Reported Load,2018-01-01T00:00:00.000Z,"5min, 15min, hourly","5min, 15min, hourly",Forecasted by Electricity Maps,"24h, 48h, 72h","5min, 15min, hourly"
El Salvador,SV,A,Renewable Energy,2017-01-01T00:00:00.000Z,"5min, 15min, hourly, daily, monthly, quarterly, yearly","5min, 15min, hourly",Forecasted by Electricity Maps,"24h, 48h, 72h","5min, 15min, hourly"
El Salvador,SV,A,Carbon Free Energy,2017-01-01T00:00:00.000Z,"5min, 15min, hourly, daily, monthly, quarterly, yearly","5min, 15min, hourly",Forecasted by Electricity Maps,"24h, 48h, 72h","5min, 15min, hourly"
El Salvador,SV,A,Fossil Only Carbon Intensity,2017-01-01T00:00:00.000Z,"5min, 15min, hourly, daily, monthly, quarterly, yearly","5min, 15min, hourly",Forecasted by Electricity Maps,"24h, 48h, 72h","5min, 15min, hourly"
El Salvador,SV,A,Carbon Intensity,2017-01-01T00:00:00.000Z,"5min, 15min, hourly, daily, monthly, quarterly, yearly","5min, 15min, hourly",Forecasted by Electricity Maps,"24h, 48h, 72h","5min, 15min, hourly"
El Salvador,SV,A,Electricity Flows,2017-01-01T00:00:00.000Z,"5min, 15min, hourly, daily, monthly, quarterly, yearly","5min, 15min, hourly",Forecasted by Electricity Maps,"24h, 48h, 72h","5min, 15min, hourly"
El Salvador,SV,A,Total Load,2017-01-01T00:00:00.000Z,"5min, 15min, hourly, daily, monthly, quarterly, yearly","5min, 15min, hourly",Forecasted by Electricity Maps,"24h, 48h, 72h","5min, 15min, hourly"
El Salvador,SV,A,Electricity Mix,2017-01-01T00:00:00.000Z,"5min, 15min, hourly, daily, monthly, quarterly, yearly","5min, 15min, hourly",Forecasted by Electricity Maps,"24h, 48h, 72h","5min, 15min, hourly"
Timor-Leste,TL,C,Renewable Energy,2017-01-01T00:00:00.000Z,"5min, 15min, hourly, daily, monthly, quarterly, yearly","5min, 15min, hourly",Forecasted by Electricity Maps,"24h, 48h, 72h","5min, 15min, hourly"
Timor-Leste,TL,C,Carbon Free Energy,2017-01-01T00:00:00.000Z,"5min, 15min, hourly, daily, monthly, quarterly, yearly","5min, 15min, hourly",Forecasted by Electricity Maps,"24h, 48h, 72h","5min, 15min, hourly"
Timor-Leste,TL,C,Fossil Only Carbon Intensity,2017-01-01T00:00:00.000Z,"5min, 15min, hourly, daily, monthly, quarterly, yearly","5min, 15min, hourly",Forecasted by Electricity Maps,"24h, 48h, 72h","5min, 15min, hourly"
Timor-Leste,TL,C,Carbon Intensity,2017-01-01T00:00:00.000Z,"5min, 15min, hourly, daily, monthly, quarterly, yearly","5min, 15min, hourly",Forecasted by Electricity Maps,"24h, 48h, 72h","5min, 15min, hourly"
Timor-Leste,TL,C,Electricity Flows,2017-01-01T00:00:00.000Z,"5min, 15min, hourly, daily, monthly, quarterly, yearly","5min, 15min, hourly",Forecasted by Electricity Maps,"24h, 48h, 72h","5min, 15min, hourly"
Timor-Leste,TL,C,Total Load,2017-01-01T00:00:00.000Z,"5min, 15min, hourly, daily, monthly, quarterly, yearly","5min, 15min, hourly",Forecasted by Electricity Maps,"24h, 48h, 72h","5min, 15min, hourly"
Timor-Leste,TL,C,Electricity Mix,2017-01-01T00:00:00.000Z,"5min, 15min, hourly, daily, monthly, quarterly, yearly","5min, 15min, hourly",Forecasted by Electricity Maps,"24h, 48h, 72h","5min, 15min, hourly"
Nigeria,NG,A,Renewable Energy,2017-01-01T00:00:00.000Z,"5min, 15min, hourly, daily, monthly, quarterly, yearly","5min, 15min, hourly",Forecasted by Electricity Maps,"24h, 48h, 72h","5min, 15min, hourly"
Nigeria,NG,A,Carbon Free Energy,2017-01-01T00:00:00.000Z,"5min, 15min, hourly, daily, monthly, quarterly, yearly","5min, 15min, hourly",Forecasted by Electricity Maps,"24h, 48h, 72h","5min, 15min, hourly"
Nigeria,NG,A,Fossil Only Carbon Intensity,2017-01-01T00:00:00.000Z,"5min, 15min, hourly, daily, monthly, quarterly, yearly","5min, 15min, hourly",Forecasted by Electricity Maps,"24h, 48h, 72h","5min, 15min, hourly"
Nigeria,NG,A,Carbon Intensity,2017-01-01T00:00:00.000Z,"5min, 15min, hourly, daily, monthly, quarterly, yearly","5min, 15min, hourly",Forecasted by Electricity Maps,"24h, 48h, 72h","5min, 15min, hourly"
Nigeria,NG,A,Electricity Flows,2017-01-01T00:00:00.000Z,"5min, 15min, hourly, daily, monthly, quarterly, yearly","5min, 15min, hourly",Forecasted by Electricity Maps,"24h, 48h, 72h","5min, 15min, hourly"
Nigeria,NG,A,Total Load,2017-01-01T00:00:00.000Z,"5min, 15min, hourly, daily, monthly, quarterly, yearly","5min, 15min, hourly",Forecasted by Electricity Maps,"24h, 48h, 72h","5min, 15min, hourly"
Nigeria,NG,A,Electricity Mix,2017-01-01T00:00:00.000Z,"5min, 15min, hourly, daily, monthly, quarterly, yearly","5min, 15min, hourly",Forecasted by Electricity Maps,"24h, 48h, 72h","5min, 15min, hourly"
Nepal,NP,C,Renewable Energy,2017-01-01T00:00:00.000Z,"5min, 15min, hourly, daily, monthly, quarterly, yearly","5min, 15min, hourly",Forecasted by Electricity Maps,"24h, 48h, 72h","5min, 15min, hourly"
Nepal,NP,C,Carbon Free Energy,2017-01-01T00:00:00.000Z,"5min, 15min, hourly, daily, monthly, quarterly, yearly","5min, 15min, hourly",Forecasted by Electricity Maps,"24h, 48h, 72h","5min, 15min, hourly"
Nepal,NP,C,Fossil Only Carbon Intensity,2017-01-01T00:00:00.000Z,"5min, 15min, hourly, daily, monthly, quarterly, yearly","5min, 15min, hourly",Forecasted by Electricity Maps,"24h, 48h, 72h","5min, 15min, hourly"
Nepal,NP,C,Carbon Intensity,2017-01-01T00:00:00.000Z,"5min, 15min, hourly, daily, monthly, quarterly, yearly","5min, 15min, hourly",Forecasted by Electricity Maps,"24h, 48h, 72h","5min, 15min, hourly"
Nepal,NP,C,Electricity Flows,2017-01-01T00:00:00.000Z,"5min, 15min, hourly, daily, monthly, quarterly, yearly","5min, 15min, hourly",Forecasted by Electricity Maps,"24h, 48h, 72h","5min, 15min, hourly"
Nepal,NP,C,Total Load,2017-01-01T00:00:00.000Z,"5min, 15min, hourly, daily, monthly, quarterly, yearly","5min, 15min, hourly",Forecasted by Electricity Maps,"24h, 48h, 72h","5min, 15min, hourly"
Nepal,NP,C,Electricity Mix,2017-01-01T00:00:00.000Z,"5min, 15min, hourly, daily, monthly, quarterly, yearly","5min, 15min, hourly",Forecasted by Electricity Maps,"24h, 48h, 72h","5min, 15min, hourly"
New Zealand,NZ,A,Price Day Ahead,2017-01-01T00:00:00.000Z,"5min, 15min, hourly, daily, monthly, quarterly, yearly","5min, 15min, hourly",Forecasted by Electricity Maps,"24h, 48h, 72h","5min, 15min, hourly"
New Zealand,NZ,A,Renewable Energy,2017-01-01T00:00:00.000Z,"5min, 15min, hourly, daily, monthly, quarterly, yearly","5min, 15min, hourly",Forecasted by Electricity Maps,"24h, 48h, 72h","5min, 15min, hourly"
New Zealand,NZ,A,Carbon Free Energy,2017-01-01T00:00:00.000Z,"5min, 15min, hourly, daily, monthly, quarterly, yearly","5min, 15min, hourly",Forecasted by Electricity Maps,"24h, 48h, 72h","5min, 15min, hourly"
New Zealand,NZ,A,Fossil Only Carbon Intensity,2017-01-01T00:00:00.000Z,"5min, 15min, hourly, daily, monthly, quarterly, yearly","5min, 15min, hourly",Forecasted by Electricity Maps,"24h, 48h, 72h","5min, 15min, hourly"
New Zealand,NZ,A,Carbon Intensity,2017-01-01T00:00:00.000Z,"5min, 15min, hourly, daily, monthly, quarterly, yearly","5min, 15min, hourly",Forecasted by Electricity Maps,"24h, 48h, 72h","5min, 15min, hourly"
New Zealand,NZ,A,Electricity Flows,2017-01-01T00:00:00.000Z,"5min, 15min, hourly, daily, monthly, quarterly, yearly","5min, 15min, hourly",Forecasted by Electricity Maps,"24h, 48h, 72h","5min, 15min, hourly"
New Zealand,NZ,A,Total Load,2017-01-01T00:00:00.000Z,"5min, 15min, hourly, daily, monthly, quarterly, yearly","5min, 15min, hourly",Forecasted by Electricity Maps,"24h, 48h, 72h","5min, 15min, hourly"
New Zealand,NZ,A,Electricity Mix,2017-01-01T00:00:00.000Z,"5min, 15min, hourly, daily, monthly, quarterly, yearly","5min, 15min, hourly",Forecasted by Electricity Maps,"24h, 48h, 72h","5min, 15min, hourly"
Oman,OM,C,Renewable Energy,2017-01-01T00:00:00.000Z,"5min, 15min, hourly, daily, monthly, quarterly, yearly","5min, 15min, hourly",Forecasted by Electricity Maps,"24h, 48h, 72h","5min, 15min, hourly"
Oman,OM,C,Carbon Free Energy,2017-01-01T00:00:00.000Z,"5min, 15min, hourly, daily, monthly, quarterly, yearly","5min, 15min, hourly",Forecasted by Electricity Maps,"24h, 48h, 72h","5min, 15min, hourly"
Oman,OM,C,Fossil Only Carbon Intensity,2017-01-01T00:00:00.000Z,"5min, 15min, hourly, daily, monthly, quarterly, yearly","5min, 15min, hourly",Forecasted by Electricity Maps,"24h, 48h, 72h","5min, 15min, hourly"
Oman,OM,C,Carbon Intensity,2017-01-01T00:00:00.000Z,"5min, 15min, hourly, daily, monthly, quarterly, yearly","5min, 15min, hourly",Forecasted by Electricity Maps,"24h, 48h, 72h","5min, 15min, hourly"
Oman,OM,C,Electricity Flows,2017-01-01T00:00:00.000Z,"5min, 15min, hourly, daily, monthly, quarterly, yearly","5min, 15min, hourly",Forecasted by Electricity Maps,"24h, 48h, 72h","5min, 15min, hourly"
Oman,OM,C,Total Load,2017-01-01T00:00:00.000Z,"5min, 15min, hourly, daily, monthly, quarterly, yearly","5min, 15min, hourly",Forecasted by Electricity Maps,"24h, 48h, 72h","5min, 15min, hourly"
Oman,OM,C,Electricity Mix,2017-01-01T00:00:00.000Z,"5min, 15min, hourly, daily, monthly, quarterly, yearly","5min, 15min, hourly",Forecasted by Electricity Maps,"24h, 48h, 72h","5min, 15min, hourly"
Oman,OM,C,Total Reported Load,2019-01-01T00:00:00.000Z,"5min, 15min, hourly","5min, 15min, hourly",Forecasted by Electricity Maps,"24h, 48h, 72h","5min, 15min, hourly"
Peru,PE,A,Renewable Energy,2015-01-01T00:00:00.000Z,"5min, 15min, hourly, daily, monthly, quarterly, yearly","5min, 15min, hourly",Forecasted by Electricity Maps,"24h, 48h, 72h","5min, 15min, hourly"
Peru,PE,A,Carbon Free Energy,2015-01-01T00:00:00.000Z,"5min, 15min, hourly, daily, monthly, quarterly, yearly","5min, 15min, hourly",Forecasted by Electricity Maps,"24h, 48h, 72h","5min, 15min, hourly"
Peru,PE,A,Fossil Only Carbon Intensity,2015-01-01T00:00:00.000Z,"5min, 15min, hourly, daily, monthly, quarterly, yearly","5min, 15min, hourly",Forecasted by Electricity Maps,"24h, 48h, 72h","5min, 15min, hourly"
Peru,PE,A,Carbon Intensity,2015-01-01T00:00:00.000Z,"5min, 15min, hourly, daily, monthly, quarterly, yearly","5min, 15min, hourly",Forecasted by Electricity Maps,"24h, 48h, 72h","5min, 15min, hourly"
Peru,PE,A,Electricity Flows,2015-01-01T00:00:00.000Z,"5min, 15min, hourly, daily, monthly, quarterly, yearly","5min, 15min, hourly",Forecasted by Electricity Maps,"24h, 48h, 72h","5min, 15min, hourly"
Peru,PE,A,Total Load,2015-01-01T00:00:00.000Z,"5min, 15min, hourly, daily, monthly, quarterly, yearly","5min, 15min, hourly",Forecasted by Electricity Maps,"24h, 48h, 72h","5min, 15min, hourly"
Peru,PE,A,Electricity Mix,2015-01-01T00:00:00.000Z,"5min, 15min, hourly, daily, monthly, quarterly, yearly","5min, 15min, hourly",Forecasted by Electricity Maps,"24h, 48h, 72h","5min, 15min, hourly"
French Polynesia,PF,A,Renewable Energy,2017-01-01T00:00:00.000Z,"5min, 15min, hourly, daily, monthly, quarterly, yearly","5min, 15min, hourly",Forecasted by Electricity Maps,"24h, 48h, 72h","5min, 15min, hourly"
French Polynesia,PF,A,Carbon Free Energy,2017-01-01T00:00:00.000Z,"5min, 15min, hourly, daily, monthly, quarterly, yearly","5min, 15min, hourly",Forecasted by Electricity Maps,"24h, 48h, 72h","5min, 15min, hourly"
French Polynesia,PF,A,Fossil Only Carbon Intensity,2017-01-01T00:00:00.000Z,"5min, 15min, hourly, daily, monthly, quarterly, yearly","5min, 15min, hourly",Forecasted by Electricity Maps,"24h, 48h, 72h","5min, 15min, hourly"
French Polynesia,PF,A,Carbon Intensity,2017-01-01T00:00:00.000Z,"5min, 15min, hourly, daily, monthly, quarterly, yearly","5min, 15min, hourly",Forecasted by Electricity Maps,"24h, 48h, 72h","5min, 15min, hourly"
French Polynesia,PF,A,Electricity Flows,2017-01-01T00:00:00.000Z,"5min, 15min, hourly, daily, monthly, quarterly, yearly","5min, 15min, hourly",Forecasted by Electricity Maps,"24h, 48h, 72h","5min, 15min, hourly"
French Polynesia,PF,A,Total Load,2017-01-01T00:00:00.000Z,"5min, 15min, hourly, daily, monthly, quarterly, yearly","5min, 15min, hourly",Forecasted by Electricity Maps,"24h, 48h, 72h","5min, 15min, hourly"
French Polynesia,PF,A,Electricity Mix,2017-01-01T00:00:00.000Z,"5min, 15min, hourly, daily, monthly, quarterly, yearly","5min, 15min, hourly",Forecasted by Electricity Maps,"24h, 48h, 72h","5min, 15min, hourly"
Papua New Guinea,PG,C,Renewable Energy,2017-01-01T00:00:00.000Z,"5min, 15min, hourly, daily, monthly, quarterly, yearly","5min, 15min, hourly",Forecasted by Electricity Maps,"24h, 48h, 72h","5min, 15min, hourly"
Papua New Guinea,PG,C,Carbon Free Energy,2017-01-01T00:00:00.000Z,"5min, 15min, hourly, daily, monthly, quarterly, yearly","5min, 15min, hourly",Forecasted by Electricity Maps,"24h, 48h, 72h","5min, 15min, hourly"
Papua New Guinea,PG,C,Fossil Only Carbon Intensity,2017-01-01T00:00:00.000Z,"5min, 15min, hourly, daily, monthly, quarterly, yearly","5min, 15min, hourly",Forecasted by Electricity Maps,"24h, 48h, 72h","5min, 15min, hourly"
Papua New Guinea,PG,C,Carbon Intensity,2017-01-01T00:00:00.000Z,"5min, 15min, hourly, daily, monthly, quarterly, yearly","5min, 15min, hourly",Forecasted by Electricity Maps,"24h, 48h, 72h","5min, 15min, hourly"
Papua New Guinea,PG,C,Electricity Flows,2017-01-01T00:00:00.000Z,"5min, 15min, hourly, daily, monthly, quarterly, yearly","5min, 15min, hourly",Forecasted by Electricity Maps,"24h, 48h, 72h","5min, 15min, hourly"
Papua New Guinea,PG,C,Total Load,2017-01-01T00:00:00.000Z,"5min, 15min, hourly, daily, monthly, quarterly, yearly","5min, 15min, hourly",Forecasted by Electricity Maps,"24h, 48h, 72h","5min, 15min, hourly"
Papua New Guinea,PG,C,Electricity Mix,2017-01-01T00:00:00.000Z,"5min, 15min, hourly, daily, monthly, quarterly, yearly","5min, 15min, hourly",Forecasted by Electricity Maps,"24h, 48h, 72h","5min, 15min, hourly"
Pakistan,PK,C,Renewable Energy,2017-01-01T00:00:00.000Z,"5min, 15min, hourly, daily, monthly, quarterly, yearly","5min, 15min, hourly",Forecasted by Electricity Maps,"24h, 48h, 72h","5min, 15min, hourly"
Pakistan,PK,C,Carbon Free Energy,2017-01-01T00:00:00.000Z,"5min, 15min, hourly, daily, monthly, quarterly, yearly","5min, 15min, hourly",Forecasted by Electricity Maps,"24h, 48h, 72h","5min, 15min, hourly"
Pakistan,PK,C,Fossil Only Carbon Intensity,2017-01-01T00:00:00.000Z,"5min, 15min, hourly, daily, monthly, quarterly, yearly","5min, 15min, hourly",Forecasted by Electricity Maps,"24h, 48h, 72h","5min, 15min, hourly"
Pakistan,PK,C,Carbon Intensity,2017-01-01T00:00:00.000Z,"5min, 15min, hourly, daily, monthly, quarterly, yearly","5min, 15min, hourly",Forecasted by Electricity Maps,"24h, 48h, 72h","5min, 15min, hourly"
Pakistan,PK,C,Electricity Flows,2017-01-01T00:00:00.000Z,"5min, 15min, hourly, daily, monthly, quarterly, yearly","5min, 15min, hourly",Forecasted by Electricity Maps,"24h, 48h, 72h","5min, 15min, hourly"
Pakistan,PK,C,Total Load,2017-01-01T00:00:00.000Z,"5min, 15min, hourly, daily, monthly, quarterly, yearly","5min, 15min, hourly",Forecasted by Electricity Maps,"24h, 48h, 72h","5min, 15min, hourly"
Pakistan,PK,C,Electricity Mix,2017-01-01T00:00:00.000Z,"5min, 15min, hourly, daily, monthly, quarterly, yearly","5min, 15min, hourly",Forecasted by Electricity Maps,"24h, 48h, 72h","5min, 15min, hourly"
Puerto Rico,PR,C,Renewable Energy,2017-01-01T00:00:00.000Z,"5min, 15min, hourly, daily, monthly, quarterly, yearly","5min, 15min, hourly",Forecasted by Electricity Maps,"24h, 48h, 72h","5min, 15min, hourly"
Puerto Rico,PR,C,Carbon Free Energy,2017-01-01T00:00:00.000Z,"5min, 15min, hourly, daily, monthly, quarterly, yearly","5min, 15min, hourly",Forecasted by Electricity Maps,"24h, 48h, 72h","5min, 15min, hourly"
Puerto Rico,PR,C,Fossil Only Carbon Intensity,2017-01-01T00:00:00.000Z,"5min, 15min, hourly, daily, monthly, quarterly, yearly","5min, 15min, hourly",Forecasted by Electricity Maps,"24h, 48h, 72h","5min, 15min, hourly"
Puerto Rico,PR,C,Carbon Intensity,2017-01-01T00:00:00.000Z,"5min, 15min, hourly, daily, monthly, quarterly, yearly","5min, 15min, hourly",Forecasted by Electricity Maps,"24h, 48h, 72h","5min, 15min, hourly"
Puerto Rico,PR,C,Electricity Flows,2017-01-01T00:00:00.000Z,"5min, 15min, hourly, daily, monthly, quarterly, yearly","5min, 15min, hourly",Forecasted by Electricity Maps,"24h, 48h, 72h","5min, 15min, hourly"
Puerto Rico,PR,C,Total Load,2017-01-01T00:00:00.000Z,"5min, 15min, hourly, daily, monthly, quarterly, yearly","5min, 15min, hourly",Forecasted by Electricity Maps,"24h, 48h, 72h","5min, 15min, hourly"
Puerto Rico,PR,C,Electricity Mix,2017-01-01T00:00:00.000Z,"5min, 15min, hourly, daily, monthly, quarterly, yearly","5min, 15min, hourly",Forecasted by Electricity Maps,"24h, 48h, 72h","5min, 15min, hourly"
Palau,PW,C,Renewable Energy,2017-01-01T00:00:00.000Z,"5min, 15min, hourly, daily, monthly, quarterly, yearly","5min, 15min, hourly",Forecasted by Electricity Maps,"24h, 48h, 72h","5min, 15min, hourly"
Palau,PW,C,Carbon Free Energy,2017-01-01T00:00:00.000Z,"5min, 15min, hourly, daily, monthly, quarterly, yearly","5min, 15min, hourly",Forecasted by Electricity Maps,"24h, 48h, 72h","5min, 15min, hourly"
Palau,PW,C,Fossil Only Carbon Intensity,2017-01-01T00:00:00.000Z,"5min, 15min, hourly, daily, monthly, quarterly, yearly","5min, 15min, hourly",Forecasted by Electricity Maps,"24h, 48h, 72h","5min, 15min, hourly"
Palau,PW,C,Carbon Intensity,2017-01-01T00:00:00.000Z,"5min, 15min, hourly, daily, monthly, quarterly, yearly","5min, 15min, hourly",Forecasted by Electricity Maps,"24h, 48h, 72h","5min, 15min, hourly"
Palau,PW,C,Electricity Flows,2017-01-01T00:00:00.000Z,"5min, 15min, hourly, daily, monthly, quarterly, yearly","5min, 15min, hourly",Forecasted by Electricity Maps,"24h, 48h, 72h","5min, 15min, hourly"
Palau,PW,C,Total Load,2017-01-01T00:00:00.000Z,"5min, 15min, hourly, daily, monthly, quarterly, yearly","5min, 15min, hourly",Forecasted by Electricity Maps,"24h, 48h, 72h","5min, 15min, hourly"
Palau,PW,C,Electricity Mix,2017-01-01T00:00:00.000Z,"5min, 15min, hourly, daily, monthly, quarterly, yearly","5min, 15min, hourly",Forecasted by Electricity Maps,"24h, 48h, 72h","5min, 15min, hourly"
Paraguay,PY,C,Renewable Energy,2017-01-01T00:00:00.000Z,"5min, 15min, hourly, daily, monthly, quarterly, yearly","5min, 15min, hourly",Forecasted by Electricity Maps,"24h, 48h, 72h","5min, 15min, hourly"
Paraguay,PY,C,Carbon Free Energy,2017-01-01T00:00:00.000Z,"5min, 15min, hourly, daily, monthly, quarterly, yearly","5min, 15min, hourly",Forecasted by Electricity Maps,"24h, 48h, 72h","5min, 15min, hourly"
Paraguay,PY,C,Fossil Only Carbon Intensity,2017-01-01T00:00:00.000Z,"5min, 15min, hourly, daily, monthly, quarterly, yearly","5min, 15min, hourly",Forecasted by Electricity Maps,"24h, 48h, 72h","5min, 15min, hourly"
Paraguay,PY,C,Carbon Intensity,2017-01-01T00:00:00.000Z,"5min, 15min, hourly, daily, monthly, quarterly, yearly","5min, 15min, hourly",Forecasted by Electricity Maps,"24h, 48h, 72h","5min, 15min, hourly"
Paraguay,PY,C,Electricity Flows,2017-01-01T00:00:00.000Z,"5min, 15min, hourly, daily, monthly, quarterly, yearly","5min, 15min, hourly",Forecasted by Electricity Maps,"24h, 48h, 72h","5min, 15min, hourly"
Paraguay,PY,C,Total Load,2017-01-01T00:00:00.000Z,"5min, 15min, hourly, daily, monthly, quarterly, yearly","5min, 15min, hourly",Forecasted by Electricity Maps,"24h, 48h, 72h","5min, 15min, hourly"
Paraguay,PY,C,Electricity Mix,2017-01-01T00:00:00.000Z,"5min, 15min, hourly, daily, monthly, quarterly, yearly","5min, 15min, hourly",Forecasted by Electricity Maps,"24h, 48h, 72h","5min, 15min, hourly"
Qatar,QA,C,Renewable Energy,2017-01-01T00:00:00.000Z,"5min, 15min, hourly, daily, monthly, quarterly, yearly","5min, 15min, hourly",Forecasted by Electricity Maps,"24h, 48h, 72h","5min, 15min, hourly"
Qatar,QA,C,Carbon Free Energy,2017-01-01T00:00:00.000Z,"5min, 15min, hourly, daily, monthly, quarterly, yearly","5min, 15min, hourly",Forecasted by Electricity Maps,"24h, 48h, 72h","5min, 15min, hourly"
Qatar,QA,C,Fossil Only Carbon Intensity,2017-01-01T00:00:00.000Z,"5min, 15min, hourly, daily, monthly, quarterly, yearly","5min, 15min, hourly",Forecasted by Electricity Maps,"24h, 48h, 72h","5min, 15min, hourly"
Qatar,QA,C,Carbon Intensity,2017-01-01T00:00:00.000Z,"5min, 15min, hourly, daily, monthly, quarterly, yearly","5min, 15min, hourly",Forecasted by Electricity Maps,"24h, 48h, 72h","5min, 15min, hourly"
Qatar,QA,C,Electricity Flows,2017-01-01T00:00:00.000Z,"5min, 15min, hourly, daily, monthly, quarterly, yearly","5min, 15min, hourly",Forecasted by Electricity Maps,"24h, 48h, 72h","5min, 15min, hourly"
Qatar,QA,C,Total Load,2017-01-01T00:00:00.000Z,"5min, 15min, hourly, daily, monthly, quarterly, yearly","5min, 15min, hourly",Forecasted by Electricity Maps,"24h, 48h, 72h","5min, 15min, hourly"
Qatar,QA,C,Electricity Mix,2017-01-01T00:00:00.000Z,"5min, 15min, hourly, daily, monthly, quarterly, yearly","5min, 15min, hourly",Forecasted by Electricity Maps,"24h, 48h, 72h","5min, 15min, hourly"
Qatar,QA,C,Total Reported Load,2019-01-01T00:00:00.000Z,"5min, 15min, hourly","5min, 15min, hourly",Forecasted by Electricity Maps,"24h, 48h, 72h","5min, 15min, hourly"
Réunion,RE,A,Price Day Ahead,2016-01-01T00:00:00.000Z,"5min, 15min, hourly, daily, monthly, quarterly, yearly","5min, 15min, hourly",Forecasted by Electricity Maps,"24h, 48h, 72h","5min, 15min, hourly"
Réunion,RE,A,Renewable Energy,2016-01-01T00:00:00.000Z,"5min, 15min, hourly, daily, monthly, quarterly, yearly","5min, 15min, hourly",Forecasted by Electricity Maps,"24h, 48h, 72h","5min, 15min, hourly"
Réunion,RE,A,Carbon Free Energy,2016-01-01T00:00:00.000Z,"5min, 15min, hourly, daily, monthly, quarterly, yearly","5min, 15min, hourly",Forecasted by Electricity Maps,"24h, 48h, 72h","5min, 15min, hourly"
Réunion,RE,A,Fossil Only Carbon Intensity,2016-01-01T00:00:00.000Z,"5min, 15min, hourly, daily, monthly, quarterly, yearly","5min, 15min, hourly",Forecasted by Electricity Maps,"24h, 48h, 72h","5min, 15min, hourly"
Réunion,RE,A,Carbon Intensity,2016-01-01T00:00:00.000Z,"5min, 15min, hourly, daily, monthly, quarterly, yearly","5min, 15min, hourly",Forecasted by Electricity Maps,"24h, 48h, 72h","5min, 15min, hourly"
Réunion,RE,A,Electricity Flows,2016-01-01T00:00:00.000Z,"5min, 15min, hourly, daily, monthly, quarterly, yearly","5min, 15min, hourly",Forecasted by Electricity Maps,"24h, 48h, 72h","5min, 15min, hourly"
Réunion,RE,A,Total Load,2016-01-01T00:00:00.000Z,"5min, 15min, hourly, daily, monthly, quarterly, yearly","5min, 15min, hourly",Forecasted by Electricity Maps,"24h, 48h, 72h","5min, 15min, hourly"
Réunion,RE,A,Electricity Mix,2016-01-01T00:00:00.000Z,"5min, 15min, hourly, daily, monthly, quarterly, yearly","5min, 15min, hourly",Forecasted by Electricity Maps,"24h, 48h, 72h","5min, 15min, hourly"
Romania,RO,A,Price Day Ahead,2015-01-01T00:00:00.000Z,"5min, 15min, hourly, daily, monthly, quarterly, yearly","5min, 15min, hourly",Forecasted by Electricity Maps,"24h, 48h, 72h","5min, 15min, hourly"
Romania,RO,A,Renewable Energy,2015-01-04T00:00:00.000Z,"5min, 15min, hourly, daily, monthly, quarterly, yearly","5min, 15min, hourly",Forecasted by Electricity Maps,"24h, 48h, 72h","5min, 15min, hourly"
Romania,RO,A,Carbon Free Energy,2015-01-04T00:00:00.000Z,"5min, 15min, hourly, daily, monthly, quarterly, yearly","5min, 15min, hourly",Forecasted by Electricity Maps,"24h, 48h, 72h","5min, 15min, hourly"
Romania,RO,A,Fossil Only Carbon Intensity,2015-01-04T00:00:00.000Z,"5min, 15min, hourly, daily, monthly, quarterly, yearly","5min, 15min, hourly",Forecasted by Electricity Maps,"24h, 48h, 72h","5min, 15min, hourly"
Romania,RO,A,Carbon Intensity,2015-01-04T00:00:00.000Z,"5min, 15min, hourly, daily, monthly, quarterly, yearly","5min, 15min, hourly",Forecasted by Electricity Maps,"24h, 48h, 72h","5min, 15min, hourly"
Romania,RO,A,Electricity Flows,2015-01-04T00:00:00.000Z,"5min, 15min, hourly, daily, monthly, quarterly, yearly","5min, 15min, hourly",Forecasted by Electricity Maps,"24h, 48h, 72h","5min, 15min, hourly"
Romania,RO,A,Total Load,2015-01-04T00:00:00.000Z,"5min, 15min, hourly, daily, monthly, quarterly, yearly","5min, 15min, hourly",Forecasted by Electricity Maps,"24h, 48h, 72h","5min, 15min, hourly"
Romania,RO,A,Electricity Mix,2015-01-04T00:00:00.000Z,"5min, 15min, hourly, daily, monthly, quarterly, yearly","5min, 15min, hourly",Forecasted by Electricity Maps,"24h, 48h, 72h","5min, 15min, hourly"
Romania,RO,A,Total Reported Load,2018-01-01T00:00:00.000Z,"5min, 15min, hourly","5min, 15min, hourly",Forecasted by Electricity Maps,"24h, 48h, 72h","5min, 15min, hourly"
Serbia,RS,A,Price Day Ahead,2016-12-22T00:00:00.000Z,"5min, 15min, hourly, daily, monthly, quarterly, yearly","5min, 15min, hourly",Forecasted by Electricity Maps,"24h, 48h, 72h","5min, 15min, hourly"
Serbia,RS,A,Renewable Energy,2016-12-22T00:00:00.000Z,"5min, 15min, hourly, daily, monthly, quarterly, yearly","5min, 15min, hourly",Forecasted by Electricity Maps,"24h, 48h, 72h","5min, 15min, hourly"
Serbia,RS,A,Carbon Free Energy,2016-12-22T00:00:00.000Z,"5min, 15min, hourly, daily, monthly, quarterly, yearly","5min, 15min, hourly",Forecasted by Electricity Maps,"24h, 48h, 72h","5min, 15min, hourly"
Serbia,RS,A,Fossil Only Carbon Intensity,2016-12-22T00:00:00.000Z,"5min, 15min, hourly, daily, monthly, quarterly, yearly","5min, 15min, hourly",Forecasted by Electricity Maps,"24h, 48h, 72h","5min, 15min, hourly"
Serbia,RS,A,Carbon Intensity,2016-12-22T00:00:00.000Z,"5min, 15min, hourly, daily, monthly, quarterly, yearly","5min, 15min, hourly",Forecasted by Electricity Maps,"24h, 48h, 72h","5min, 15min, hourly"
Serbia,RS,A,Electricity Flows,2016-12-22T00:00:00.000Z,"5min, 15min, hourly, daily, monthly, quarterly, yearly","5min, 15min, hourly",Forecasted by Electricity Maps,"24h, 48h, 72h","5min, 15min, hourly"
Serbia,RS,A,Total Load,2016-12-22T00:00:00.000Z,"5min, 15min, hourly, daily, monthly, quarterly, yearly","5min, 15min, hourly",Forecasted by Electricity Maps,"24h, 48h, 72h","5min, 15min, hourly"
Serbia,RS,A,Electricity Mix,2016-12-22T00:00:00.000Z,"5min, 15min, hourly, daily, monthly, quarterly, yearly","5min, 15min, hourly",Forecasted by Electricity Maps,"24h, 48h, 72h","5min, 15min, hourly"
Serbia,RS,A,Total Reported Load,2018-01-01T00:00:00.000Z,"5min, 15min, hourly","5min, 15min, hourly",Forecasted by Electricity Maps,"24h, 48h, 72h","5min, 15min, hourly"
Europe-Ural,RU-1,A,Renewable Energy,2017-01-01T00:00:00.000Z,"5min, 15min, hourly, daily, monthly, quarterly, yearly","5min, 15min, hourly",Forecasted by Electricity Maps,"24h, 48h, 72h","5min, 15min, hourly"
Europe-Ural,RU-1,A,Carbon Free Energy,2017-01-01T00:00:00.000Z,"5min, 15min, hourly, daily, monthly, quarterly, yearly","5min, 15min, hourly",Forecasted by Electricity Maps,"24h, 48h, 72h","5min, 15min, hourly"
Europe-Ural,RU-1,A,Fossil Only Carbon Intensity,2017-01-01T00:00:00.000Z,"5min, 15min, hourly, daily, monthly, quarterly, yearly","5min, 15min, hourly",Forecasted by Electricity Maps,"24h, 48h, 72h","5min, 15min, hourly"
Europe-Ural,RU-1,A,Carbon Intensity,2017-01-01T00:00:00.000Z,"5min, 15min, hourly, daily, monthly, quarterly, yearly","5min, 15min, hourly",Forecasted by Electricity Maps,"24h, 48h, 72h","5min, 15min, hourly"
Europe-Ural,RU-1,A,Electricity Flows,2017-01-01T00:00:00.000Z,"5min, 15min, hourly, daily, monthly, quarterly, yearly","5min, 15min, hourly",Forecasted by Electricity Maps,"24h, 48h, 72h","5min, 15min, hourly"
Europe-Ural,RU-1,A,Total Load,2017-01-01T00:00:00.000Z,"5min, 15min, hourly, daily, monthly, quarterly, yearly","5min, 15min, hourly",Forecasted by Electricity Maps,"24h, 48h, 72h","5min, 15min, hourly"
Europe-Ural,RU-1,A,Electricity Mix,2017-01-01T00:00:00.000Z,"5min, 15min, hourly, daily, monthly, quarterly, yearly","5min, 15min, hourly",Forecasted by Electricity Maps,"24h, 48h, 72h","5min, 15min, hourly"
Siberia,RU-2,A,Renewable Energy,2017-01-01T00:00:00.000Z,"5min, 15min, hourly, daily, monthly, quarterly, yearly","5min, 15min, hourly",Forecasted by Electricity Maps,"24h, 48h, 72h","5min, 15min, hourly"
Siberia,RU-2,A,Carbon Free Energy,2017-01-01T00:00:00.000Z,"5min, 15min, hourly, daily, monthly, quarterly, yearly","5min, 15min, hourly",Forecasted by Electricity Maps,"24h, 48h, 72h","5min, 15min, hourly"
Siberia,RU-2,A,Fossil Only Carbon Intensity,2017-01-01T00:00:00.000Z,"5min, 15min, hourly, daily, monthly, quarterly, yearly","5min, 15min, hourly",Forecasted by Electricity Maps,"24h, 48h, 72h","5min, 15min, hourly"
Siberia,RU-2,A,Carbon Intensity,2017-01-01T00:00:00.000Z,"5min, 15min, hourly, daily, monthly, quarterly, yearly","5min, 15min, hourly",Forecasted by Electricity Maps,"24h, 48h, 72h","5min, 15min, hourly"
Siberia,RU-2,A,Electricity Flows,2017-01-01T00:00:00.000Z,"5min, 15min, hourly, daily, monthly, quarterly, yearly","5min, 15min, hourly",Forecasted by Electricity Maps,"24h, 48h, 72h","5min, 15min, hourly"
Siberia,RU-2,A,Total Load,2017-01-01T00:00:00.000Z,"5min, 15min, hourly, daily, monthly, quarterly, yearly","5min, 15min, hourly",Forecasted by Electricity Maps,"24h, 48h, 72h","5min, 15min, hourly"
Siberia,RU-2,A,Electricity Mix,2017-01-01T00:00:00.000Z,"5min, 15min, hourly, daily, monthly, quarterly, yearly","5min, 15min, hourly",Forecasted by Electricity Maps,"24h, 48h, 72h","5min, 15min, hourly"
Rwanda,RW,C,Renewable Energy,2017-01-01T00:00:00.000Z,"5min, 15min, hourly, daily, monthly, quarterly, yearly","5min, 15min, hourly",Forecasted by Electricity Maps,"24h, 48h, 72h","5min, 15min, hourly"
Rwanda,RW,C,Carbon Free Energy,2017-01-01T00:00:00.000Z,"5min, 15min, hourly, daily, monthly, quarterly, yearly","5min, 15min, hourly",Forecasted by Electricity Maps,"24h, 48h, 72h","5min, 15min, hourly"
Rwanda,RW,C,Fossil Only Carbon Intensity,2017-01-01T00:00:00.000Z,"5min, 15min, hourly, daily, monthly, quarterly, yearly","5min, 15min, hourly",Forecasted by Electricity Maps,"24h, 48h, 72h","5min, 15min, hourly"
Rwanda,RW,C,Carbon Intensity,2017-01-01T00:00:00.000Z,"5min, 15min, hourly, daily, monthly, quarterly, yearly","5min, 15min, hourly",Forecasted by Electricity Maps,"24h, 48h, 72h","5min, 15min, hourly"
Rwanda,RW,C,Electricity Flows,2017-01-01T00:00:00.000Z,"5min, 15min, hourly, daily, monthly, quarterly, yearly","5min, 15min, hourly",Forecasted by Electricity Maps,"24h, 48h, 72h","5min, 15min, hourly"
Rwanda,RW,C,Total Load,2017-01-01T00:00:00.000Z,"5min, 15min, hourly, daily, monthly, quarterly, yearly","5min, 15min, hourly",Forecasted by Electricity Maps,"24h, 48h, 72h","5min, 15min, hourly"
Rwanda,RW,C,Electricity Mix,2017-01-01T00:00:00.000Z,"5min, 15min, hourly, daily, monthly, quarterly, yearly","5min, 15min, hourly",Forecasted by Electricity Maps,"24h, 48h, 72h","5min, 15min, hourly"
Saudi Arabia,SA,C,Renewable Energy,2017-01-01T00:00:00.000Z,"5min, 15min, hourly, daily, monthly, quarterly, yearly","5min, 15min, hourly",Forecasted by Electricity Maps,"24h, 48h, 72h","5min, 15min, hourly"
Saudi Arabia,SA,C,Carbon Free Energy,2017-01-01T00:00:00.000Z,"5min, 15min, hourly, daily, monthly, quarterly, yearly","5min, 15min, hourly",Forecasted by Electricity Maps,"24h, 48h, 72h","5min, 15min, hourly"
Saudi Arabia,SA,C,Fossil Only Carbon Intensity,2017-01-01T00:00:00.000Z,"5min, 15min, hourly, daily, monthly, quarterly, yearly","5min, 15min, hourly",Forecasted by Electricity Maps,"24h, 48h, 72h","5min, 15min, hourly"
Saudi Arabia,SA,C,Carbon Intensity,2017-01-01T00:00:00.000Z,"5min, 15min, hourly, daily, monthly, quarterly, yearly","5min, 15min, hourly",Forecasted by Electricity Maps,"24h, 48h, 72h","5min, 15min, hourly"
Saudi Arabia,SA,C,Electricity Flows,2017-01-01T00:00:00.000Z,"5min, 15min, hourly, daily, monthly, quarterly, yearly","5min, 15min, hourly",Forecasted by Electricity Maps,"24h, 48h, 72h","5min, 15min, hourly"
Saudi Arabia,SA,C,Total Load,2017-01-01T00:00:00.000Z,"5min, 15min, hourly, daily, monthly, quarterly, yearly","5min, 15min, hourly",Forecasted by Electricity Maps,"24h, 48h, 72h","5min, 15min, hourly"
Saudi Arabia,SA,C,Electricity Mix,2017-01-01T00:00:00.000Z,"5min, 15min, hourly, daily, monthly, quarterly, yearly","5min, 15min, hourly",Forecasted by Electricity Maps,"24h, 48h, 72h","5min, 15min, hourly"
Saudi Arabia,SA,C,Total Reported Load,2019-01-01T00:00:00.000Z,"5min, 15min, hourly","5min, 15min, hourly",Forecasted by Electricity Maps,"24h, 48h, 72h","5min, 15min, hourly"
Solomon Islands,SB,C,Renewable Energy,2017-01-01T00:00:00.000Z,"5min, 15min, hourly, daily, monthly, quarterly, yearly","5min, 15min, hourly",Forecasted by Electricity Maps,"24h, 48h, 72h","5min, 15min, hourly"
Solomon Islands,SB,C,Carbon Free Energy,2017-01-01T00:00:00.000Z,"5min, 15min, hourly, daily, monthly, quarterly, yearly","5min, 15min, hourly",Forecasted by Electricity Maps,"24h, 48h, 72h","5min, 15min, hourly"
Solomon Islands,SB,C,Fossil Only Carbon Intensity,2017-01-01T00:00:00.000Z,"5min, 15min, hourly, daily, monthly, quarterly, yearly","5min, 15min, hourly",Forecasted by Electricity Maps,"24h, 48h, 72h","5min, 15min, hourly"
Solomon Islands,SB,C,Carbon Intensity,2017-01-01T00:00:00.000Z,"5min, 15min, hourly, daily, monthly, quarterly, yearly","5min, 15min, hourly",Forecasted by Electricity Maps,"24h, 48h, 72h","5min, 15min, hourly"
Solomon Islands,SB,C,Electricity Flows,2017-01-01T00:00:00.000Z,"5min, 15min, hourly, daily, monthly, quarterly, yearly","5min, 15min, hourly",Forecasted by Electricity Maps,"24h, 48h, 72h","5min, 15min, hourly"
Solomon Islands,SB,C,Total Load,2017-01-01T00:00:00.000Z,"5min, 15min, hourly, daily, monthly, quarterly, yearly","5min, 15min, hourly",Forecasted by Electricity Maps,"24h, 48h, 72h","5min, 15min, hourly"
Solomon Islands,SB,C,Electricity Mix,2017-01-01T00:00:00.000Z,"5min, 15min, hourly, daily, monthly, quarterly, yearly","5min, 15min, hourly",Forecasted by Electricity Maps,"24h, 48h, 72h","5min, 15min, hourly"
Seychelles,SC,C,Renewable Energy,2017-01-01T00:00:00.000Z,"5min, 15min, hourly, daily, monthly, quarterly, yearly","5min, 15min, hourly",Forecasted by Electricity Maps,"24h, 48h, 72h","5min, 15min, hourly"
Seychelles,SC,C,Carbon Free Energy,2017-01-01T00:00:00.000Z,"5min, 15min, hourly, daily, monthly, quarterly, yearly","5min, 15min, hourly",Forecasted by Electricity Maps,"24h, 48h, 72h","5min, 15min, hourly"
Seychelles,SC,C,Fossil Only Carbon Intensity,2017-01-01T00:00:00.000Z,"5min, 15min, hourly, daily, monthly, quarterly, yearly","5min, 15min, hourly",Forecasted by Electricity Maps,"24h, 48h, 72h","5min, 15min, hourly"
Seychelles,SC,C,Carbon Intensity,2017-01-01T00:00:00.000Z,"5min, 15min, hourly, daily, monthly, quarterly, yearly","5min, 15min, hourly",Forecasted by Electricity Maps,"24h, 48h, 72h","5min, 15min, hourly"
Seychelles,SC,C,Electricity Flows,2017-01-01T00:00:00.000Z,"5min, 15min, hourly, daily, monthly, quarterly, yearly","5min, 15min, hourly",Forecasted by Electricity Maps,"24h, 48h, 72h","5min, 15min, hourly"
Seychelles,SC,C,Total Load,2017-01-01T00:00:00.000Z,"5min, 15min, hourly, daily, monthly, quarterly, yearly","5min, 15min, hourly",Forecasted by Electricity Maps,"24h, 48h, 72h","5min, 15min, hourly"
Seychelles,SC,C,Electricity Mix,2017-01-01T00:00:00.000Z,"5min, 15min, hourly, daily, monthly, quarterly, yearly","5min, 15min, hourly",Forecasted by Electricity Maps,"24h, 48h, 72h","5min, 15min, hourly"
Sudan,SD,C,Renewable Energy,2017-01-01T00:00:00.000Z,"5min, 15min, hourly, daily, monthly, quarterly, yearly","5min, 15min, hourly",Forecasted by Electricity Maps,"24h, 48h, 72h","5min, 15min, hourly"
Sudan,SD,C,Carbon Free Energy,2017-01-01T00:00:00.000Z,"5min, 15min, hourly, daily, monthly, quarterly, yearly","5min, 15min, hourly",Forecasted by Electricity Maps,"24h, 48h, 72h","5min, 15min, hourly"
Sudan,SD,C,Fossil Only Carbon Intensity,2017-01-01T00:00:00.000Z,"5min, 15min, hourly, daily, monthly, quarterly, yearly","5min, 15min, hourly",Forecasted by Electricity Maps,"24h, 48h, 72h","5min, 15min, hourly"
Sudan,SD,C,Carbon Intensity,2017-01-01T00:00:00.000Z,"5min, 15min, hourly, daily, monthly, quarterly, yearly","5min, 15min, hourly",Forecasted by Electricity Maps,"24h, 48h, 72h","5min, 15min, hourly"
Sudan,SD,C,Electricity Flows,2017-01-01T00:00:00.000Z,"5min, 15min, hourly, daily, monthly, quarterly, yearly","5min, 15min, hourly",Forecasted by Electricity Maps,"24h, 48h, 72h","5min, 15min, hourly"
Sudan,SD,C,Total Load,2017-01-01T00:00:00.000Z,"5min, 15min, hourly, daily, monthly, quarterly, yearly","5min, 15min, hourly",Forecasted by Electricity Maps,"24h, 48h, 72h","5min, 15min, hourly"
Sudan,SD,C,Electricity Mix,2017-01-01T00:00:00.000Z,"5min, 15min, hourly, daily, monthly, quarterly, yearly","5min, 15min, hourly",Forecasted by Electricity Maps,"24h, 48h, 72h","5min, 15min, hourly"
Singapore,SG,A,Price Day Ahead,2017-08-03T00:00:00.000Z,"5min, 15min, hourly, daily, monthly, quarterly, yearly","5min, 15min, hourly",Forecasted by Electricity Maps,"24h, 48h, 72h","5min, 15min, hourly"
Singapore,SG,A,Renewable Energy,2017-01-01T00:00:00.000Z,"5min, 15min, hourly, daily, monthly, quarterly, yearly","5min, 15min, hourly",Forecasted by Electricity Maps,"24h, 48h, 72h","5min, 15min, hourly"
Singapore,SG,A,Carbon Free Energy,2017-01-01T00:00:00.000Z,"5min, 15min, hourly, daily, monthly, quarterly, yearly","5min, 15min, hourly",Forecasted by Electricity Maps,"24h, 48h, 72h","5min, 15min, hourly"
Singapore,SG,A,Fossil Only Carbon Intensity,2017-01-01T00:00:00.000Z,"5min, 15min, hourly, daily, monthly, quarterly, yearly","5min, 15min, hourly",Forecasted by Electricity Maps,"24h, 48h, 72h","5min, 15min, hourly"
Singapore,SG,A,Carbon Intensity,2017-01-01T00:00:00.000Z,"5min, 15min, hourly, daily, monthly, quarterly, yearly","5min, 15min, hourly",Forecasted by Electricity Maps,"24h, 48h, 72h","5min, 15min, hourly"
Singapore,SG,A,Electricity Flows,2017-01-01T00:00:00.000Z,"5min, 15min, hourly, daily, monthly, quarterly, yearly","5min, 15min, hourly",Forecasted by Electricity Maps,"24h, 48h, 72h","5min, 15min, hourly"
Singapore,SG,A,Total Load,2017-01-01T00:00:00.000Z,"5min, 15min, hourly, daily, monthly, quarterly, yearly","5min, 15min, hourly",Forecasted by Electricity Maps,"24h, 48h, 72h","5min, 15min, hourly"
Singapore,SG,A,Electricity Mix,2017-01-01T00:00:00.000Z,"5min, 15min, hourly, daily, monthly, quarterly, yearly","5min, 15min, hourly",Forecasted by Electricity Maps,"24h, 48h, 72h","5min, 15min, hourly"
Slovenia,SI,A,Price Day Ahead,2015-01-01T00:00:00.000Z,"5min, 15min, hourly, daily, monthly, quarterly, yearly","5min, 15min, hourly",Forecasted by Electricity Maps,"24h, 48h, 72h","5min, 15min, hourly"
Slovenia,SI,A,Renewable Energy,2015-01-01T00:00:00.000Z,"5min, 15min, hourly, daily, monthly, quarterly, yearly","5min, 15min, hourly",Forecasted by Electricity Maps,"24h, 48h, 72h","5min, 15min, hourly"
Slovenia,SI,A,Carbon Free Energy,2015-01-01T00:00:00.000Z,"5min, 15min, hourly, daily, monthly, quarterly, yearly","5min, 15min, hourly",Forecasted by Electricity Maps,"24h, 48h, 72h","5min, 15min, hourly"
Slovenia,SI,A,Fossil Only Carbon Intensity,2015-01-01T00:00:00.000Z,"5min, 15min, hourly, daily, monthly, quarterly, yearly","5min, 15min, hourly",Forecasted by Electricity Maps,"24h, 48h, 72h","5min, 15min, hourly"
Slovenia,SI,A,Carbon Intensity,2015-01-01T00:00:00.000Z,"5min, 15min, hourly, daily, monthly, quarterly, yearly","5min, 15min, hourly",Forecasted by Electricity Maps,"24h, 48h, 72h","5min, 15min, hourly"
Slovenia,SI,A,Electricity Flows,2015-01-01T00:00:00.000Z,"5min, 15min, hourly, daily, monthly, quarterly, yearly","5min, 15min, hourly",Forecasted by Electricity Maps,"24h, 48h, 72h","5min, 15min, hourly"
Slovenia,SI,A,Total Load,2015-01-01T00:00:00.000Z,"5min, 15min, hourly, daily, monthly, quarterly, yearly","5min, 15min, hourly",Forecasted by Electricity Maps,"24h, 48h, 72h","5min, 15min, hourly"
Slovenia,SI,A,Electricity Mix,2015-01-01T00:00:00.000Z,"5min, 15min, hourly, daily, monthly, quarterly, yearly","5min, 15min, hourly",Forecasted by Electricity Maps,"24h, 48h, 72h","5min, 15min, hourly"
Slovenia,SI,A,Total Reported Load,2018-01-01T00:00:00.000Z,"5min, 15min, hourly","5min, 15min, hourly",Forecasted by Electricity Maps,"24h, 48h, 72h","5min, 15min, hourly"
Slovakia,SK,A,Price Day Ahead,2015-01-01T00:00:00.000Z,"5min, 15min, hourly, daily, monthly, quarterly, yearly","5min, 15min, hourly",Forecasted by Electricity Maps,"24h, 48h, 72h","5min, 15min, hourly"
Slovakia,SK,A,Renewable Energy,2015-01-01T00:00:00.000Z,"5min, 15min, hourly, daily, monthly, quarterly, yearly","5min, 15min, hourly",Forecasted by Electricity Maps,"24h, 48h, 72h","5min, 15min, hourly"
Slovakia,SK,A,Carbon Free Energy,2015-01-01T00:00:00.000Z,"5min, 15min, hourly, daily, monthly, quarterly, yearly","5min, 15min, hourly",Forecasted by Electricity Maps,"24h, 48h, 72h","5min, 15min, hourly"
Slovakia,SK,A,Fossil Only Carbon Intensity,2015-01-01T00:00:00.000Z,"5min, 15min, hourly, daily, monthly, quarterly, yearly","5min, 15min, hourly",Forecasted by Electricity Maps,"24h, 48h, 72h","5min, 15min, hourly"
Slovakia,SK,A,Carbon Intensity,2015-01-01T00:00:00.000Z,"5min, 15min, hourly, daily, monthly, quarterly, yearly","5min, 15min, hourly",Forecasted by Electricity Maps,"24h, 48h, 72h","5min, 15min, hourly"
Slovakia,SK,A,Electricity Flows,2015-01-01T00:00:00.000Z,"5min, 15min, hourly, daily, monthly, quarterly, yearly","5min, 15min, hourly",Forecasted by Electricity Maps,"24h, 48h, 72h","5min, 15min, hourly"
Slovakia,SK,A,Total Load,2015-01-01T00:00:00.000Z,"5min, 15min, hourly, daily, monthly, quarterly, yearly","5min, 15min, hourly",Forecasted by Electricity Maps,"24h, 48h, 72h","5min, 15min, hourly"
Slovakia,SK,A,Electricity Mix,2015-01-01T00:00:00.000Z,"5min, 15min, hourly, daily, monthly, quarterly, yearly","5min, 15min, hourly",Forecasted by Electricity Maps,"24h, 48h, 72h","5min, 15min, hourly"
Slovakia,SK,A,Total Reported Load,2018-01-01T00:00:00.000Z,"5min, 15min, hourly","5min, 15min, hourly",Forecasted by Electricity Maps,"24h, 48h, 72h","5min, 15min, hourly"
Sierra Leone,SL,C,Renewable Energy,2017-01-01T00:00:00.000Z,"5min, 15min, hourly, daily, monthly, quarterly, yearly","5min, 15min, hourly",Forecasted by Electricity Maps,"24h, 48h, 72h","5min, 15min, hourly"
Sierra Leone,SL,C,Carbon Free Energy,2017-01-01T00:00:00.000Z,"5min, 15min, hourly, daily, monthly, quarterly, yearly","5min, 15min, hourly",Forecasted by Electricity Maps,"24h, 48h, 72h","5min, 15min, hourly"
Sierra Leone,SL,C,Fossil Only Carbon Intensity,2017-01-01T00:00:00.000Z,"5min, 15min, hourly, daily, monthly, quarterly, yearly","5min, 15min, hourly",Forecasted by Electricity Maps,"24h, 48h, 72h","5min, 15min, hourly"
Sierra Leone,SL,C,Carbon Intensity,2017-01-01T00:00:00.000Z,"5min, 15min, hourly, daily, monthly, quarterly, yearly","5min, 15min, hourly",Forecasted by Electricity Maps,"24h, 48h, 72h","5min, 15min, hourly"
Sierra Leone,SL,C,Electricity Flows,2017-01-01T00:00:00.000Z,"5min, 15min, hourly, daily, monthly, quarterly, yearly","5min, 15min, hourly",Forecasted by Electricity Maps,"24h, 48h, 72h","5min, 15min, hourly"
Sierra Leone,SL,C,Total Load,2017-01-01T00:00:00.000Z,"5min, 15min, hourly, daily, monthly, quarterly, yearly","5min, 15min, hourly",Forecasted by Electricity Maps,"24h, 48h, 72h","5min, 15min, hourly"
Sierra Leone,SL,C,Electricity Mix,2017-01-01T00:00:00.000Z,"5min, 15min, hourly, daily, monthly, quarterly, yearly","5min, 15min, hourly",Forecasted by Electricity Maps,"24h, 48h, 72h","5min, 15min, hourly"
Senegal,SN,C,Renewable Energy,2017-01-01T00:00:00.000Z,"5min, 15min, hourly, daily, monthly, quarterly, yearly","5min, 15min, hourly",Forecasted by Electricity Maps,"24h, 48h, 72h","5min, 15min, hourly"
Senegal,SN,C,Carbon Free Energy,2017-01-01T00:00:00.000Z,"5min, 15min, hourly, daily, monthly, quarterly, yearly","5min, 15min, hourly",Forecasted by Electricity Maps,"24h, 48h, 72h","5min, 15min, hourly"
Senegal,SN,C,Fossil Only Carbon Intensity,2017-01-01T00:00:00.000Z,"5min, 15min, hourly, daily, monthly, quarterly, yearly","5min, 15min, hourly",Forecasted by Electricity Maps,"24h, 48h, 72h","5min, 15min, hourly"
Senegal,SN,C,Carbon Intensity,2017-01-01T00:00:00.000Z,"5min, 15min, hourly, daily, monthly, quarterly, yearly","5min, 15min, hourly",Forecasted by Electricity Maps,"24h, 48h, 72h","5min, 15min, hourly"
Senegal,SN,C,Electricity Flows,2017-01-01T00:00:00.000Z,"5min, 15min, hourly, daily, monthly, quarterly, yearly","5min, 15min, hourly",Forecasted by Electricity Maps,"24h, 48h, 72h","5min, 15min, hourly"
Senegal,SN,C,Total Load,2017-01-01T00:00:00.000Z,"5min, 15min, hourly, daily, monthly, quarterly, yearly","5min, 15min, hourly",Forecasted by Electricity Maps,"24h, 48h, 72h","5min, 15min, hourly"
Senegal,SN,C,Electricity Mix,2017-01-01T00:00:00.000Z,"5min, 15min, hourly, daily, monthly, quarterly, yearly","5min, 15min, hourly",Forecasted by Electricity Maps,"24h, 48h, 72h","5min, 15min, hourly"
Somalia,SO,C,Renewable Energy,2017-01-01T00:00:00.000Z,"5min, 15min, hourly, daily, monthly, quarterly, yearly","5min, 15min, hourly",Forecasted by Electricity Maps,"24h, 48h, 72h","5min, 15min, hourly"
Somalia,SO,C,Carbon Free Energy,2017-01-01T00:00:00.000Z,"5min, 15min, hourly, daily, monthly, quarterly, yearly","5min, 15min, hourly",Forecasted by Electricity Maps,"24h, 48h, 72h","5min, 15min, hourly"
Somalia,SO,C,Fossil Only Carbon Intensity,2017-01-01T00:00:00.000Z,"5min, 15min, hourly, daily, monthly, quarterly, yearly","5min, 15min, hourly",Forecasted by Electricity Maps,"24h, 48h, 72h","5min, 15min, hourly"
Somalia,SO,C,Carbon Intensity,2017-01-01T00:00:00.000Z,"5min, 15min, hourly, daily, monthly, quarterly, yearly","5min, 15min, hourly",Forecasted by Electricity Maps,"24h, 48h, 72h","5min, 15min, hourly"
Somalia,SO,C,Electricity Flows,2017-01-01T00:00:00.000Z,"5min, 15min, hourly, daily, monthly, quarterly, yearly","5min, 15min, hourly",Forecasted by Electricity Maps,"24h, 48h, 72h","5min, 15min, hourly"
Somalia,SO,C,Total Load,2017-01-01T00:00:00.000Z,"5min, 15min, hourly, daily, monthly, quarterly, yearly","5min, 15min, hourly",Forecasted by Electricity Maps,"24h, 48h, 72h","5min, 15min, hourly"
Somalia,SO,C,Electricity Mix,2017-01-01T00:00:00.000Z,"5min, 15min, hourly, daily, monthly, quarterly, yearly","5min, 15min, hourly",Forecasted by Electricity Maps,"24h, 48h, 72h","5min, 15min, hourly"
Suriname,SR,C,Renewable Energy,2017-01-01T00:00:00.000Z,"5min, 15min, hourly, daily, monthly, quarterly, yearly","5min, 15min, hourly",Forecasted by Electricity Maps,"24h, 48h, 72h","5min, 15min, hourly"
Suriname,SR,C,Carbon Free Energy,2017-01-01T00:00:00.000Z,"5min, 15min, hourly, daily, monthly, quarterly, yearly","5min, 15min, hourly",Forecasted by Electricity Maps,"24h, 48h, 72h","5min, 15min, hourly"
Suriname,SR,C,Fossil Only Carbon Intensity,2017-01-01T00:00:00.000Z,"5min, 15min, hourly, daily, monthly, quarterly, yearly","5min, 15min, hourly",Forecasted by Electricity Maps,"24h, 48h, 72h","5min, 15min, hourly"
Suriname,SR,C,Carbon Intensity,2017-01-01T00:00:00.000Z,"5min, 15min, hourly, daily, monthly, quarterly, yearly","5min, 15min, hourly",Forecasted by Electricity Maps,"24h, 48h, 72h","5min, 15min, hourly"
Suriname,SR,C,Electricity Flows,2017-01-01T00:00:00.000Z,"5min, 15min, hourly, daily, monthly, quarterly, yearly","5min, 15min, hourly",Forecasted by Electricity Maps,"24h, 48h, 72h","5min, 15min, hourly"
Suriname,SR,C,Total Load,2017-01-01T00:00:00.000Z,"5min, 15min, hourly, daily, monthly, quarterly, yearly","5min, 15min, hourly",Forecasted by Electricity Maps,"24h, 48h, 72h","5min, 15min, hourly"
Suriname,SR,C,Electricity Mix,2017-01-01T00:00:00.000Z,"5min, 15min, hourly, daily, monthly, quarterly, yearly","5min, 15min, hourly",Forecasted by Electricity Maps,"24h, 48h, 72h","5min, 15min, hourly"
South Sudan,SS,C,Renewable Energy,2017-01-01T00:00:00.000Z,"5min, 15min, hourly, daily, monthly, quarterly, yearly","5min, 15min, hourly",Forecasted by Electricity Maps,"24h, 48h, 72h","5min, 15min, hourly"
South Sudan,SS,C,Carbon Free Energy,2017-01-01T00:00:00.000Z,"5min, 15min, hourly, daily, monthly, quarterly, yearly","5min, 15min, hourly",Forecasted by Electricity Maps,"24h, 48h, 72h","5min, 15min, hourly"
South Sudan,SS,C,Fossil Only Carbon Intensity,2017-01-01T00:00:00.000Z,"5min, 15min, hourly, daily, monthly, quarterly, yearly","5min, 15min, hourly",Forecasted by Electricity Maps,"24h, 48h, 72h","5min, 15min, hourly"
South Sudan,SS,C,Carbon Intensity,2017-01-01T00:00:00.000Z,"5min, 15min, hourly, daily, monthly, quarterly, yearly","5min, 15min, hourly",Forecasted by Electricity Maps,"24h, 48h, 72h","5min, 15min, hourly"
South Sudan,SS,C,Electricity Flows,2017-01-01T00:00:00.000Z,"5min, 15min, hourly, daily, monthly, quarterly, yearly","5min, 15min, hourly",Forecasted by Electricity Maps,"24h, 48h, 72h","5min, 15min, hourly"
South Sudan,SS,C,Total Load,2017-01-01T00:00:00.000Z,"5min, 15min, hourly, daily, monthly, quarterly, yearly","5min, 15min, hourly",Forecasted by Electricity Maps,"24h, 48h, 72h","5min, 15min, hourly"
South Sudan,SS,C,Electricity Mix,2017-01-01T00:00:00.000Z,"5min, 15min, hourly, daily, monthly, quarterly, yearly","5min, 15min, hourly",Forecasted by Electricity Maps,"24h, 48h, 72h","5min, 15min, hourly"
São Tomé and Príncipe,ST,C,Renewable Energy,2017-01-01T00:00:00.000Z,"5min, 15min, hourly, daily, monthly, quarterly, yearly","5min, 15min, hourly",Forecasted by Electricity Maps,"24h, 48h, 72h","5min, 15min, hourly"
São Tomé and Príncipe,ST,C,Carbon Free Energy,2017-01-01T00:00:00.000Z,"5min, 15min, hourly, daily, monthly, quarterly, yearly","5min, 15min, hourly",Forecasted by Electricity Maps,"24h, 48h, 72h","5min, 15min, hourly"
São Tomé and Príncipe,ST,C,Fossil Only Carbon Intensity,2017-01-01T00:00:00.000Z,"5min, 15min, hourly, daily, monthly, quarterly, yearly","5min, 15min, hourly",Forecasted by Electricity Maps,"24h, 48h, 72h","5min, 15min, hourly"
São Tomé and Príncipe,ST,C,Carbon Intensity,2017-01-01T00:00:00.000Z,"5min, 15min, hourly, daily, monthly, quarterly, yearly","5min, 15min, hourly",Forecasted by Electricity Maps,"24h, 48h, 72h","5min, 15min, hourly"
São Tomé and Príncipe,ST,C,Electricity Flows,2017-01-01T00:00:00.000Z,"5min, 15min, hourly, daily, monthly, quarterly, yearly","5min, 15min, hourly",Forecasted by Electricity Maps,"24h, 48h, 72h","5min, 15min, hourly"
São Tomé and Príncipe,ST,C,Total Load,2017-01-01T00:00:00.000Z,"5min, 15min, hourly, daily, monthly, quarterly, yearly","5min, 15min, hourly",Forecasted by Electricity Maps,"24h, 48h, 72h","5min, 15min, hourly"
São Tomé and Príncipe,ST,C,Electricity Mix,2017-01-01T00:00:00.000Z,"5min, 15min, hourly, daily, monthly, quarterly, yearly","5min, 15min, hourly",Forecasted by Electricity Maps,"24h, 48h, 72h","5min, 15min, hourly"
Syria,SY,C,Renewable Energy,2017-01-01T00:00:00.000Z,"5min, 15min, hourly, daily, monthly, quarterly, yearly","5min, 15min, hourly",Forecasted by Electricity Maps,"24h, 48h, 72h","5min, 15min, hourly"
Syria,SY,C,Carbon Free Energy,2017-01-01T00:00:00.000Z,"5min, 15min, hourly, daily, monthly, quarterly, yearly","5min, 15min, hourly",Forecasted by Electricity Maps,"24h, 48h, 72h","5min, 15min, hourly"
Syria,SY,C,Fossil Only Carbon Intensity,2017-01-01T00:00:00.000Z,"5min, 15min, hourly, daily, monthly, quarterly, yearly","5min, 15min, hourly",Forecasted by Electricity Maps,"24h, 48h, 72h","5min, 15min, hourly"
Syria,SY,C,Carbon Intensity,2017-01-01T00:00:00.000Z,"5min, 15min, hourly, daily, monthly, quarterly, yearly","5min, 15min, hourly",Forecasted by Electricity Maps,"24h, 48h, 72h","5min, 15min, hourly"
Syria,SY,C,Electricity Flows,2017-01-01T00:00:00.000Z,"5min, 15min, hourly, daily, monthly, quarterly, yearly","5min, 15min, hourly",Forecasted by Electricity Maps,"24h, 48h, 72h","5min, 15min, hourly"
Syria,SY,C,Total Load,2017-01-01T00:00:00.000Z,"5min, 15min, hourly, daily, monthly, quarterly, yearly","5min, 15min, hourly",Forecasted by Electricity Maps,"24h, 48h, 72h","5min, 15min, hourly"
Syria,SY,C,Electricity Mix,2017-01-01T00:00:00.000Z,"5min, 15min, hourly, daily, monthly, quarterly, yearly","5min, 15min, hourly",Forecasted by Electricity Maps,"24h, 48h, 72h","5min, 15min, hourly"
Eswatini,SZ,C,Renewable Energy,2017-01-01T00:00:00.000Z,"5min, 15min, hourly, daily, monthly, quarterly, yearly","5min, 15min, hourly",Forecasted by Electricity Maps,"24h, 48h, 72h","5min, 15min, hourly"
Eswatini,SZ,C,Carbon Free Energy,2017-01-01T00:00:00.000Z,"5min, 15min, hourly, daily, monthly, quarterly, yearly","5min, 15min, hourly",Forecasted by Electricity Maps,"24h, 48h, 72h","5min, 15min, hourly"
Eswatini,SZ,C,Fossil Only Carbon Intensity,2017-01-01T00:00:00.000Z,"5min, 15min, hourly, daily, monthly, quarterly, yearly","5min, 15min, hourly",Forecasted by Electricity Maps,"24h, 48h, 72h","5min, 15min, hourly"
Eswatini,SZ,C,Carbon Intensity,2017-01-01T00:00:00.000Z,"5min, 15min, hourly, daily, monthly, quarterly, yearly","5min, 15min, hourly",Forecasted by Electricity Maps,"24h, 48h, 72h","5min, 15min, hourly"
Eswatini,SZ,C,Electricity Flows,2017-01-01T00:00:00.000Z,"5min, 15min, hourly, daily, monthly, quarterly, yearly","5min, 15min, hourly",Forecasted by Electricity Maps,"24h, 48h, 72h","5min, 15min, hourly"
Eswatini,SZ,C,Total Load,2017-01-01T00:00:00.000Z,"5min, 15min, hourly, daily, monthly, quarterly, yearly","5min, 15min, hourly",Forecasted by Electricity Maps,"24h, 48h, 72h","5min, 15min, hourly"
Eswatini,SZ,C,Electricity Mix,2017-01-01T00:00:00.000Z,"5min, 15min, hourly, daily, monthly, quarterly, yearly","5min, 15min, hourly",Forecasted by Electricity Maps,"24h, 48h, 72h","5min, 15min, hourly"
Chad,TD,C,Renewable Energy,2017-01-01T00:00:00.000Z,"5min, 15min, hourly, daily, monthly, quarterly, yearly","5min, 15min, hourly",Forecasted by Electricity Maps,"24h, 48h, 72h","5min, 15min, hourly"
Chad,TD,C,Carbon Free Energy,2017-01-01T00:00:00.000Z,"5min, 15min, hourly, daily, monthly, quarterly, yearly","5min, 15min, hourly",Forecasted by Electricity Maps,"24h, 48h, 72h","5min, 15min, hourly"
Chad,TD,C,Fossil Only Carbon Intensity,2017-01-01T00:00:00.000Z,"5min, 15min, hourly, daily, monthly, quarterly, yearly","5min, 15min, hourly",Forecasted by Electricity Maps,"24h, 48h, 72h","5min, 15min, hourly"
Chad,TD,C,Carbon Intensity,2017-01-01T00:00:00.000Z,"5min, 15min, hourly, daily, monthly, quarterly, yearly","5min, 15min, hourly",Forecasted by Electricity Maps,"24h, 48h, 72h","5min, 15min, hourly"
Chad,TD,C,Electricity Flows,2017-01-01T00:00:00.000Z,"5min, 15min, hourly, daily, monthly, quarterly, yearly","5min, 15min, hourly",Forecasted by Electricity Maps,"24h, 48h, 72h","5min, 15min, hourly"
Chad,TD,C,Total Load,2017-01-01T00:00:00.000Z,"5min, 15min, hourly, daily, monthly, quarterly, yearly","5min, 15min, hourly",Forecasted by Electricity Maps,"24h, 48h, 72h","5min, 15min, hourly"
Chad,TD,C,Electricity Mix,2017-01-01T00:00:00.000Z,"5min, 15min, hourly, daily, monthly, quarterly, yearly","5min, 15min, hourly",Forecasted by Electricity Maps,"24h, 48h, 72h","5min, 15min, hourly"
Togo,TG,C,Renewable Energy,2017-01-01T00:00:00.000Z,"5min, 15min, hourly, daily, monthly, quarterly, yearly","5min, 15min, hourly",Forecasted by Electricity Maps,"24h, 48h, 72h","5min, 15min, hourly"
Togo,TG,C,Carbon Free Energy,2017-01-01T00:00:00.000Z,"5min, 15min, hourly, daily, monthly, quarterly, yearly","5min, 15min, hourly",Forecasted by Electricity Maps,"24h, 48h, 72h","5min, 15min, hourly"
Togo,TG,C,Fossil Only Carbon Intensity,2017-01-01T00:00:00.000Z,"5min, 15min, hourly, daily, monthly, quarterly, yearly","5min, 15min, hourly",Forecasted by Electricity Maps,"24h, 48h, 72h","5min, 15min, hourly"
Togo,TG,C,Carbon Intensity,2017-01-01T00:00:00.000Z,"5min, 15min, hourly, daily, monthly, quarterly, yearly","5min, 15min, hourly",Forecasted by Electricity Maps,"24h, 48h, 72h","5min, 15min, hourly"
Togo,TG,C,Electricity Flows,2017-01-01T00:00:00.000Z,"5min, 15min, hourly, daily, monthly, quarterly, yearly","5min, 15min, hourly",Forecasted by Electricity Maps,"24h, 48h, 72h","5min, 15min, hourly"
Togo,TG,C,Total Load,2017-01-01T00:00:00.000Z,"5min, 15min, hourly, daily, monthly, quarterly, yearly","5min, 15min, hourly",Forecasted by Electricity Maps,"24h, 48h, 72h","5min, 15min, hourly"
Togo,TG,C,Electricity Mix,2017-01-01T00:00:00.000Z,"5min, 15min, hourly, daily, monthly, quarterly, yearly","5min, 15min, hourly",Forecasted by Electricity Maps,"24h, 48h, 72h","5min, 15min, hourly"
Tajikistan,TJ,C,Renewable Energy,2017-01-01T00:00:00.000Z,"5min, 15min, hourly, daily, monthly, quarterly, yearly","5min, 15min, hourly",Forecasted by Electricity Maps,"24h, 48h, 72h","5min, 15min, hourly"
Tajikistan,TJ,C,Carbon Free Energy,2017-01-01T00:00:00.000Z,"5min, 15min, hourly, daily, monthly, quarterly, yearly","5min, 15min, hourly",Forecasted by Electricity Maps,"24h, 48h, 72h","5min, 15min, hourly"
Tajikistan,TJ,C,Fossil Only Carbon Intensity,2017-01-01T00:00:00.000Z,"5min, 15min, hourly, daily, monthly, quarterly, yearly","5min, 15min, hourly",Forecasted by Electricity Maps,"24h, 48h, 72h","5min, 15min, hourly"
Tajikistan,TJ,C,Carbon Intensity,2017-01-01T00:00:00.000Z,"5min, 15min, hourly, daily, monthly, quarterly, yearly","5min, 15min, hourly",Forecasted by Electricity Maps,"24h, 48h, 72h","5min, 15min, hourly"
Tajikistan,TJ,C,Electricity Flows,2017-01-01T00:00:00.000Z,"5min, 15min, hourly, daily, monthly, quarterly, yearly","5min, 15min, hourly",Forecasted by Electricity Maps,"24h, 48h, 72h","5min, 15min, hourly"
Tajikistan,TJ,C,Total Load,2017-01-01T00:00:00.000Z,"5min, 15min, hourly, daily, monthly, quarterly, yearly","5min, 15min, hourly",Forecasted by Electricity Maps,"24h, 48h, 72h","5min, 15min, hourly"
Tajikistan,TJ,C,Electricity Mix,2017-01-01T00:00:00.000Z,"5min, 15min, hourly, daily, monthly, quarterly, yearly","5min, 15min, hourly",Forecasted by Electricity Maps,"24h, 48h, 72h","5min, 15min, hourly"
Turkmenistan,TM,C,Renewable Energy,2017-01-01T00:00:00.000Z,"5min, 15min, hourly, daily, monthly, quarterly, yearly","5min, 15min, hourly",Forecasted by Electricity Maps,"24h, 48h, 72h","5min, 15min, hourly"
Turkmenistan,TM,C,Carbon Free Energy,2017-01-01T00:00:00.000Z,"5min, 15min, hourly, daily, monthly, quarterly, yearly","5min, 15min, hourly",Forecasted by Electricity Maps,"24h, 48h, 72h","5min, 15min, hourly"
Turkmenistan,TM,C,Fossil Only Carbon Intensity,2017-01-01T00:00:00.000Z,"5min, 15min, hourly, daily, monthly, quarterly, yearly","5min, 15min, hourly",Forecasted by Electricity Maps,"24h, 48h, 72h","5min, 15min, hourly"
Turkmenistan,TM,C,Carbon Intensity,2017-01-01T00:00:00.000Z,"5min, 15min, hourly, daily, monthly, quarterly, yearly","5min, 15min, hourly",Forecasted by Electricity Maps,"24h, 48h, 72h","5min, 15min, hourly"
Turkmenistan,TM,C,Electricity Flows,2017-01-01T00:00:00.000Z,"5min, 15min, hourly, daily, monthly, quarterly, yearly","5min, 15min, hourly",Forecasted by Electricity Maps,"24h, 48h, 72h","5min, 15min, hourly"
Turkmenistan,TM,C,Total Load,2017-01-01T00:00:00.000Z,"5min, 15min, hourly, daily, monthly, quarterly, yearly","5min, 15min, hourly",Forecasted by Electricity Maps,"24h, 48h, 72h","5min, 15min, hourly"
Turkmenistan,TM,C,Electricity Mix,2017-01-01T00:00:00.000Z,"5min, 15min, hourly, daily, monthly, quarterly, yearly","5min, 15min, hourly",Forecasted by Electricity Maps,"24h, 48h, 72h","5min, 15min, hourly"
Tunisia,TN,C,Renewable Energy,2017-01-01T00:00:00.000Z,"5min, 15min, hourly, daily, monthly, quarterly, yearly","5min, 15min, hourly",Forecasted by Electricity Maps,"24h, 48h, 72h","5min, 15min, hourly"
Tunisia,TN,C,Carbon Free Energy,2017-01-01T00:00:00.000Z,"5min, 15min, hourly, daily, monthly, quarterly, yearly","5min, 15min, hourly",Forecasted by Electricity Maps,"24h, 48h, 72h","5min, 15min, hourly"
Tunisia,TN,C,Fossil Only Carbon Intensity,2017-01-01T00:00:00.000Z,"5min, 15min, hourly, daily, monthly, quarterly, yearly","5min, 15min, hourly",Forecasted by Electricity Maps,"24h, 48h, 72h","5min, 15min, hourly"
Tunisia,TN,C,Carbon Intensity,2017-01-01T00:00:00.000Z,"5min, 15min, hourly, daily, monthly, quarterly, yearly","5min, 15min, hourly",Forecasted by Electricity Maps,"24h, 48h, 72h","5min, 15min, hourly"
Tunisia,TN,C,Electricity Flows,2017-01-01T00:00:00.000Z,"5min, 15min, hourly, daily, monthly, quarterly, yearly","5min, 15min, hourly",Forecasted by Electricity Maps,"24h, 48h, 72h","5min, 15min, hourly"
Tunisia,TN,C,Total Load,2017-01-01T00:00:00.000Z,"5min, 15min, hourly, daily, monthly, quarterly, yearly","5min, 15min, hourly",Forecasted by Electricity Maps,"24h, 48h, 72h","5min, 15min, hourly"
Tunisia,TN,C,Electricity Mix,2017-01-01T00:00:00.000Z,"5min, 15min, hourly, daily, monthly, quarterly, yearly","5min, 15min, hourly",Forecasted by Electricity Maps,"24h, 48h, 72h","5min, 15min, hourly"
Tonga,TO,C,Renewable Energy,2017-01-01T00:00:00.000Z,"5min, 15min, hourly, daily, monthly, quarterly, yearly","5min, 15min, hourly",Forecasted by Electricity Maps,"24h, 48h, 72h","5min, 15min, hourly"
Tonga,TO,C,Carbon Free Energy,2017-01-01T00:00:00.000Z,"5min, 15min, hourly, daily, monthly, quarterly, yearly","5min, 15min, hourly",Forecasted by Electricity Maps,"24h, 48h, 72h","5min, 15min, hourly"
Tonga,TO,C,Fossil Only Carbon Intensity,2017-01-01T00:00:00.000Z,"5min, 15min, hourly, daily, monthly, quarterly, yearly","5min, 15min, hourly",Forecasted by Electricity Maps,"24h, 48h, 72h","5min, 15min, hourly"
Tonga,TO,C,Carbon Intensity,2017-01-01T00:00:00.000Z,"5min, 15min, hourly, daily, monthly, quarterly, yearly","5min, 15min, hourly",Forecasted by Electricity Maps,"24h, 48h, 72h","5min, 15min, hourly"
Tonga,TO,C,Electricity Flows,2017-01-01T00:00:00.000Z,"5min, 15min, hourly, daily, monthly, quarterly, yearly","5min, 15min, hourly",Forecasted by Electricity Maps,"24h, 48h, 72h","5min, 15min, hourly"
Tonga,TO,C,Total Load,2017-01-01T00:00:00.000Z,"5min, 15min, hourly, daily, monthly, quarterly, yearly","5min, 15min, hourly",Forecasted by Electricity Maps,"24h, 48h, 72h","5min, 15min, hourly"
Tonga,TO,C,Electricity Mix,2017-01-01T00:00:00.000Z,"5min, 15min, hourly, daily, monthly, quarterly, yearly","5min, 15min, hourly",Forecasted by Electricity Maps,"24h, 48h, 72h","5min, 15min, hourly"
Trinidad and Tobago,TT,C,Renewable Energy,2017-01-01T00:00:00.000Z,"5min, 15min, hourly, daily, monthly, quarterly, yearly","5min, 15min, hourly",Forecasted by Electricity Maps,"24h, 48h, 72h","5min, 15min, hourly"
Trinidad and Tobago,TT,C,Carbon Free Energy,2017-01-01T00:00:00.000Z,"5min, 15min, hourly, daily, monthly, quarterly, yearly","5min, 15min, hourly",Forecasted by Electricity Maps,"24h, 48h, 72h","5min, 15min, hourly"
Trinidad and Tobago,TT,C,Fossil Only Carbon Intensity,2017-01-01T00:00:00.000Z,"5min, 15min, hourly, daily, monthly, quarterly, yearly","5min, 15min, hourly",Forecasted by Electricity Maps,"24h, 48h, 72h","5min, 15min, hourly"
Trinidad and Tobago,TT,C,Carbon Intensity,2017-01-01T00:00:00.000Z,"5min, 15min, hourly, daily, monthly, quarterly, yearly","5min, 15min, hourly",Forecasted by Electricity Maps,"24h, 48h, 72h","5min, 15min, hourly"
Trinidad and Tobago,TT,C,Electricity Flows,2017-01-01T00:00:00.000Z,"5min, 15min, hourly, daily, monthly, quarterly, yearly","5min, 15min, hourly",Forecasted by Electricity Maps,"24h, 48h, 72h","5min, 15min, hourly"
Trinidad and Tobago,TT,C,Total Load,2017-01-01T00:00:00.000Z,"5min, 15min, hourly, daily, monthly, quarterly, yearly","5min, 15min, hourly",Forecasted by Electricity Maps,"24h, 48h, 72h","5min, 15min, hourly"
Trinidad and Tobago,TT,C,Electricity Mix,2017-01-01T00:00:00.000Z,"5min, 15min, hourly, daily, monthly, quarterly, yearly","5min, 15min, hourly",Forecasted by Electricity Maps,"24h, 48h, 72h","5min, 15min, hourly"
Taiwan,TW,A,Renewable Energy,2017-01-01T00:00:00.000Z,"5min, 15min, hourly, daily, monthly, quarterly, yearly","5min, 15min, hourly",Forecasted by Electricity Maps,"24h, 48h, 72h","5min, 15min, hourly"
Taiwan,TW,A,Carbon Free Energy,2017-01-01T00:00:00.000Z,"5min, 15min, hourly, daily, monthly, quarterly, yearly","5min, 15min, hourly",Forecasted by Electricity Maps,"24h, 48h, 72h","5min, 15min, hourly"
Taiwan,TW,A,Fossil Only Carbon Intensity,2017-01-01T00:00:00.000Z,"5min, 15min, hourly, daily, monthly, quarterly, yearly","5min, 15min, hourly",Forecasted by Electricity Maps,"24h, 48h, 72h","5min, 15min, hourly"
Taiwan,TW,A,Carbon Intensity,2017-01-01T00:00:00.000Z,"5min, 15min, hourly, daily, monthly, quarterly, yearly","5min, 15min, hourly",Forecasted by Electricity Maps,"24h, 48h, 72h","5min, 15min, hourly"
Taiwan,TW,A,Electricity Flows,2017-01-01T00:00:00.000Z,"5min, 15min, hourly, daily, monthly, quarterly, yearly","5min, 15min, hourly",Forecasted by Electricity Maps,"24h, 48h, 72h","5min, 15min, hourly"
Taiwan,TW,A,Total Load,2017-01-01T00:00:00.000Z,"5min, 15min, hourly, daily, monthly, quarterly, yearly","5min, 15min, hourly",Forecasted by Electricity Maps,"24h, 48h, 72h","5min, 15min, hourly"
Taiwan,TW,A,Electricity Mix,2017-01-01T00:00:00.000Z,"5min, 15min, hourly, daily, monthly, quarterly, yearly","5min, 15min, hourly",Forecasted by Electricity Maps,"24h, 48h, 72h","5min, 15min, hourly"
Tanzania,TZ,C,Renewable Energy,2017-01-01T00:00:00.000Z,"5min, 15min, hourly, daily, monthly, quarterly, yearly","5min, 15min, hourly",Forecasted by Electricity Maps,"24h, 48h, 72h","5min, 15min, hourly"
Tanzania,TZ,C,Carbon Free Energy,2017-01-01T00:00:00.000Z,"5min, 15min, hourly, daily, monthly, quarterly, yearly","5min, 15min, hourly",Forecasted by Electricity Maps,"24h, 48h, 72h","5min, 15min, hourly"
Tanzania,TZ,C,Fossil Only Carbon Intensity,2017-01-01T00:00:00.000Z,"5min, 15min, hourly, daily, monthly, quarterly, yearly","5min, 15min, hourly",Forecasted by Electricity Maps,"24h, 48h, 72h","5min, 15min, hourly"
Tanzania,TZ,C,Carbon Intensity,2017-01-01T00:00:00.000Z,"5min, 15min, hourly, daily, monthly, quarterly, yearly","5min, 15min, hourly",Forecasted by Electricity Maps,"24h, 48h, 72h","5min, 15min, hourly"
Tanzania,TZ,C,Electricity Flows,2017-01-01T00:00:00.000Z,"5min, 15min, hourly, daily, monthly, quarterly, yearly","5min, 15min, hourly",Forecasted by Electricity Maps,"24h, 48h, 72h","5min, 15min, hourly"
Tanzania,TZ,C,Total Load,2017-01-01T00:00:00.000Z,"5min, 15min, hourly, daily, monthly, quarterly, yearly","5min, 15min, hourly",Forecasted by Electricity Maps,"24h, 48h, 72h","5min, 15min, hourly"
Tanzania,TZ,C,Electricity Mix,2017-01-01T00:00:00.000Z,"5min, 15min, hourly, daily, monthly, quarterly, yearly","5min, 15min, hourly",Forecasted by Electricity Maps,"24h, 48h, 72h","5min, 15min, hourly"
Ukraine,UA,D,Price Day Ahead,2017-01-01T00:00:00.000Z,"5min, 15min, hourly, daily, monthly, quarterly, yearly","5min, 15min, hourly",Forecasted by Electricity Maps,"24h, 48h, 72h","5min, 15min, hourly"
Ukraine,UA,D,Renewable Energy,2017-06-23T00:00:00.000Z,"5min, 15min, hourly, daily, monthly, quarterly, yearly","5min, 15min, hourly",Forecasted by Electricity Maps,"24h, 48h, 72h","5min, 15min, hourly"
Ukraine,UA,D,Carbon Free Energy,2017-06-23T00:00:00.000Z,"5min, 15min, hourly, daily, monthly, quarterly, yearly","5min, 15min, hourly",Forecasted by Electricity Maps,"24h, 48h, 72h","5min, 15min, hourly"
Ukraine,UA,D,Fossil Only Carbon Intensity,2017-06-23T00:00:00.000Z,"5min, 15min, hourly, daily, monthly, quarterly, yearly","5min, 15min, hourly",Forecasted by Electricity Maps,"24h, 48h, 72h","5min, 15min, hourly"
Ukraine,UA,D,Carbon Intensity,2017-06-23T00:00:00.000Z,"5min, 15min, hourly, daily, monthly, quarterly, yearly","5min, 15min, hourly",Forecasted by Electricity Maps,"24h, 48h, 72h","5min, 15min, hourly"
Ukraine,UA,D,Electricity Flows,2017-06-23T00:00:00.000Z,"5min, 15min, hourly, daily, monthly, quarterly, yearly","5min, 15min, hourly",Forecasted by Electricity Maps,"24h, 48h, 72h","5min, 15min, hourly"
Ukraine,UA,D,Total Load,2017-06-23T00:00:00.000Z,"5min, 15min, hourly, daily, monthly, quarterly, yearly","5min, 15min, hourly",Forecasted by Electricity Maps,"24h, 48h, 72h","5min, 15min, hourly"
Ukraine,UA,D,Electricity Mix,2017-06-23T00:00:00.000Z,"5min, 15min, hourly, daily, monthly, quarterly, yearly","5min, 15min, hourly",Forecasted by Electricity Maps,"24h, 48h, 72h","5min, 15min, hourly"
Ukraine,UA,D,Total Reported Load,2018-01-01T00:00:00.000Z,"5min, 15min, hourly","5min, 15min, hourly",Forecasted by Electricity Maps,"24h, 48h, 72h","5min, 15min, hourly"
Uganda,UG,C,Renewable Energy,2017-01-01T00:00:00.000Z,"5min, 15min, hourly, daily, monthly, quarterly, yearly","5min, 15min, hourly",Forecasted by Electricity Maps,"24h, 48h, 72h","5min, 15min, hourly"
Uganda,UG,C,Carbon Free Energy,2017-01-01T00:00:00.000Z,"5min, 15min, hourly, daily, monthly, quarterly, yearly","5min, 15min, hourly",Forecasted by Electricity Maps,"24h, 48h, 72h","5min, 15min, hourly"
Uganda,UG,C,Fossil Only Carbon Intensity,2017-01-01T00:00:00.000Z,"5min, 15min, hourly, daily, monthly, quarterly, yearly","5min, 15min, hourly",Forecasted by Electricity Maps,"24h, 48h, 72h","5min, 15min, hourly"
Uganda,UG,C,Carbon Intensity,2017-01-01T00:00:00.000Z,"5min, 15min, hourly, daily, monthly, quarterly, yearly","5min, 15min, hourly",Forecasted by Electricity Maps,"24h, 48h, 72h","5min, 15min, hourly"
Uganda,UG,C,Electricity Flows,2017-01-01T00:00:00.000Z,"5min, 15min, hourly, daily, monthly, quarterly, yearly","5min, 15min, hourly",Forecasted by Electricity Maps,"24h, 48h, 72h","5min, 15min, hourly"
Uganda,UG,C,Total Load,2017-01-01T00:00:00.000Z,"5min, 15min, hourly, daily, monthly, quarterly, yearly","5min, 15min, hourly",Forecasted by Electricity Maps,"24h, 48h, 72h","5min, 15min, hourly"
Uganda,UG,C,Electricity Mix,2017-01-01T00:00:00.000Z,"5min, 15min, hourly, daily, monthly, quarterly, yearly","5min, 15min, hourly",Forecasted by Electricity Maps,"24h, 48h, 72h","5min, 15min, hourly"
Alaska,US-AK,C,Renewable Energy,2017-01-01T00:00:00.000Z,"5min, 15min, hourly, daily, monthly, quarterly, yearly","5min, 15min, hourly",Forecasted by Electricity Maps,"24h, 48h, 72h","5min, 15min, hourly"
Alaska,US-AK,C,Carbon Free Energy,2017-01-01T00:00:00.000Z,"5min, 15min, hourly, daily, monthly, quarterly, yearly","5min, 15min, hourly",Forecasted by Electricity Maps,"24h, 48h, 72h","5min, 15min, hourly"
Alaska,US-AK,C,Fossil Only Carbon Intensity,2017-01-01T00:00:00.000Z,"5min, 15min, hourly, daily, monthly, quarterly, yearly","5min, 15min, hourly",Forecasted by Electricity Maps,"24h, 48h, 72h","5min, 15min, hourly"
Alaska,US-AK,C,Carbon Intensity,2017-01-01T00:00:00.000Z,"5min, 15min, hourly, daily, monthly, quarterly, yearly","5min, 15min, hourly",Forecasted by Electricity Maps,"24h, 48h, 72h","5min, 15min, hourly"
Alaska,US-AK,C,Electricity Flows,2017-01-01T00:00:00.000Z,"5min, 15min, hourly, daily, monthly, quarterly, yearly","5min, 15min, hourly",Forecasted by Electricity Maps,"24h, 48h, 72h","5min, 15min, hourly"
Alaska,US-AK,C,Total Load,2017-01-01T00:00:00.000Z,"5min, 15min, hourly, daily, monthly, quarterly, yearly","5min, 15min, hourly",Forecasted by Electricity Maps,"24h, 48h, 72h","5min, 15min, hourly"
Alaska,US-AK,C,Electricity Mix,2017-01-01T00:00:00.000Z,"5min, 15min, hourly, daily, monthly, quarterly, yearly","5min, 15min, hourly",Forecasted by Electricity Maps,"24h, 48h, 72h","5min, 15min, hourly"
CAISO,US-CAL-CISO,A,Renewable Energy,2017-01-01T00:00:00.000Z,"5min, 15min, hourly, daily, monthly, quarterly, yearly","5min, 15min, hourly",Forecasted by Electricity Maps,"24h, 48h, 72h","5min, 15min, hourly"
CAISO,US-CAL-CISO,A,Carbon Free Energy,2017-01-01T00:00:00.000Z,"5min, 15min, hourly, daily, monthly, quarterly, yearly","5min, 15min, hourly",Forecasted by Electricity Maps,"24h, 48h, 72h","5min, 15min, hourly"
CAISO,US-CAL-CISO,A,Fossil Only Carbon Intensity,2017-01-01T00:00:00.000Z,"5min, 15min, hourly, daily, monthly, quarterly, yearly","5min, 15min, hourly",Forecasted by Electricity Maps,"24h, 48h, 72h","5min, 15min, hourly"
CAISO,US-CAL-CISO,A,Carbon Intensity,2017-01-01T00:00:00.000Z,"5min, 15min, hourly, daily, monthly, quarterly, yearly","5min, 15min, hourly",Forecasted by Electricity Maps,"24h, 48h, 72h","5min, 15min, hourly"
CAISO,US-CAL-CISO,A,Electricity Flows,2017-01-01T00:00:00.000Z,"5min, 15min, hourly, daily, monthly, quarterly, yearly","5min, 15min, hourly",Forecasted by Electricity Maps,"24h, 48h, 72h","5min, 15min, hourly"
CAISO,US-CAL-CISO,A,Total Load,2017-01-01T00:00:00.000Z,"5min, 15min, hourly, daily, monthly, quarterly, yearly","5min, 15min, hourly",Forecasted by Electricity Maps,"24h, 48h, 72h","5min, 15min, hourly"
CAISO,US-CAL-CISO,A,Electricity Mix,2017-01-01T00:00:00.000Z,"5min, 15min, hourly, daily, monthly, quarterly, yearly","5min, 15min, hourly",Forecasted by Electricity Maps,"24h, 48h, 72h","5min, 15min, hourly"
CAISO,US-CAL-CISO,A,Total Reported Load,2018-01-01T00:00:00.000Z,"5min, 15min, hourly","5min, 15min, hourly",Forecasted by Electricity Maps,"24h, 48h, 72h","5min, 15min, hourly"
Midcontinent ISO,US-MIDW-MISO,A,Renewable Energy,2017-01-01T00:00:00.000Z,"5min, 15min, hourly, daily, monthly, quarterly, yearly","5min, 15min, hourly",Forecasted by Electricity Maps,"24h, 48h, 72h","5min, 15min, hourly"
Midcontinent ISO,US-MIDW-MISO,A,Carbon Free Energy,2017-01-01T00:00:00.000Z,"5min, 15min, hourly, daily, monthly, quarterly, yearly","5min, 15min, hourly",Forecasted by Electricity Maps,"24h, 48h, 72h","5min, 15min, hourly"
Midcontinent ISO,US-MIDW-MISO,A,Fossil Only Carbon Intensity,2017-01-01T00:00:00.000Z,"5min, 15min, hourly, daily, monthly, quarterly, yearly","5min, 15min, hourly",Forecasted by Electricity Maps,"24h, 48h, 72h","5min, 15min, hourly"
Midcontinent ISO,US-MIDW-MISO,A,Carbon Intensity,2017-01-01T00:00:00.000Z,"5min, 15min, hourly, daily, monthly, quarterly, yearly","5min, 15min, hourly",Forecasted by Electricity Maps,"24h, 48h, 72h","5min, 15min, hourly"
Midcontinent ISO,US-MIDW-MISO,A,Electricity Flows,2017-01-01T00:00:00.000Z,"5min, 15min, hourly, daily, monthly, quarterly, yearly","5min, 15min, hourly",Forecasted by Electricity Maps,"24h, 48h, 72h","5min, 15min, hourly"
Midcontinent ISO,US-MIDW-MISO,A,Total Load,2017-01-01T00:00:00.000Z,"5min, 15min, hourly, daily, monthly, quarterly, yearly","5min, 15min, hourly",Forecasted by Electricity Maps,"24h, 48h, 72h","5min, 15min, hourly"
Midcontinent ISO,US-MIDW-MISO,A,Electricity Mix,2017-01-01T00:00:00.000Z,"5min, 15min, hourly, daily, monthly, quarterly, yearly","5min, 15min, hourly",Forecasted by Electricity Maps,"24h, 48h, 72h","5min, 15min, hourly"
Midcontinent ISO,US-MIDW-MISO,A,Total Reported Load,2018-01-01T00:00:00.000Z,"5min, 15min, hourly","5min, 15min, hourly",Forecasted by Electricity Maps,"24h, 48h, 72h","5min, 15min, hourly"
ISO New England,US-NE-ISNE,A,Renewable Energy,2017-01-01T00:00:00.000Z,"5min, 15min, hourly, daily, monthly, quarterly, yearly","5min, 15min, hourly",Forecasted by Electricity Maps,"24h, 48h, 72h","5min, 15min, hourly"
ISO New England,US-NE-ISNE,A,Carbon Free Energy,2017-01-01T00:00:00.000Z,"5min, 15min, hourly, daily, monthly, quarterly, yearly","5min, 15min, hourly",Forecasted by Electricity Maps,"24h, 48h, 72h","5min, 15min, hourly"
ISO New England,US-NE-ISNE,A,Fossil Only Carbon Intensity,2017-01-01T00:00:00.000Z,"5min, 15min, hourly, daily, monthly, quarterly, yearly","5min, 15min, hourly",Forecasted by Electricity Maps,"24h, 48h, 72h","5min, 15min, hourly"
ISO New England,US-NE-ISNE,A,Carbon Intensity,2017-01-01T00:00:00.000Z,"5min, 15min, hourly, daily, monthly, quarterly, yearly","5min, 15min, hourly",Forecasted by Electricity Maps,"24h, 48h, 72h","5min, 15min, hourly"
ISO New England,US-NE-ISNE,A,Electricity Flows,2017-01-01T00:00:00.000Z,"5min, 15min, hourly, daily, monthly, quarterly, yearly","5min, 15min, hourly",Forecasted by Electricity Maps,"24h, 48h, 72h","5min, 15min, hourly"
ISO New England,US-NE-ISNE,A,Total Load,2017-01-01T00:00:00.000Z,"5min, 15min, hourly, daily, monthly, quarterly, yearly","5min, 15min, hourly",Forecasted by Electricity Maps,"24h, 48h, 72h","5min, 15min, hourly"
ISO New England,US-NE-ISNE,A,Electricity Mix,2017-01-01T00:00:00.000Z,"5min, 15min, hourly, daily, monthly, quarterly, yearly","5min, 15min, hourly",Forecasted by Electricity Maps,"24h, 48h, 72h","5min, 15min, hourly"
ISO New England,US-NE-ISNE,A,Total Reported Load,2018-01-01T00:00:00.000Z,"5min, 15min, hourly","5min, 15min, hourly",Forecasted by Electricity Maps,"24h, 48h, 72h","5min, 15min, hourly"
Pacificorp West,US-NW-PACW,A,Renewable Energy,2017-01-01T00:00:00.000Z,"5min, 15min, hourly, daily, monthly, quarterly, yearly","5min, 15min, hourly",Forecasted by Electricity Maps,"24h, 48h, 72h","5min, 15min, hourly"
Pacificorp West,US-NW-PACW,A,Carbon Free Energy,2017-01-01T00:00:00.000Z,"5min, 15min, hourly, daily, monthly, quarterly, yearly","5min, 15min, hourly",Forecasted by Electricity Maps,"24h, 48h, 72h","5min, 15min, hourly"
Pacificorp West,US-NW-PACW,A,Fossil Only Carbon Intensity,2017-01-01T00:00:00.000Z,"5min, 15min, hourly, daily, monthly, quarterly, yearly","5min, 15min, hourly",Forecasted by Electricity Maps,"24h, 48h, 72h","5min, 15min, hourly"
Pacificorp West,US-NW-PACW,A,Carbon Intensity,2017-01-01T00:00:00.000Z,"5min, 15min, hourly, daily, monthly, quarterly, yearly","5min, 15min, hourly",Forecasted by Electricity Maps,"24h, 48h, 72h","5min, 15min, hourly"
Pacificorp West,US-NW-PACW,A,Electricity Flows,2017-01-01T00:00:00.000Z,"5min, 15min, hourly, daily, monthly, quarterly, yearly","5min, 15min, hourly",Forecasted by Electricity Maps,"24h, 48h, 72h","5min, 15min, hourly"
Pacificorp West,US-NW-PACW,A,Total Load,2017-01-01T00:00:00.000Z,"5min, 15min, hourly, daily, monthly, quarterly, yearly","5min, 15min, hourly",Forecasted by Electricity Maps,"24h, 48h, 72h","5min, 15min, hourly"
Pacificorp West,US-NW-PACW,A,Electricity Mix,2017-01-01T00:00:00.000Z,"5min, 15min, hourly, daily, monthly, quarterly, yearly","5min, 15min, hourly",Forecasted by Electricity Maps,"24h, 48h, 72h","5min, 15min, hourly"
Pacificorp West,US-NW-PACW,A,Total Reported Load,2018-01-01T00:00:00.000Z,"5min, 15min, hourly","5min, 15min, hourly",Forecasted by Electricity Maps,"24h, 48h, 72h","5min, 15min, hourly"
New York ISO,US-NY-NYIS,A,Renewable Energy,2017-01-01T00:00:00.000Z,"5min, 15min, hourly, daily, monthly, quarterly, yearly","5min, 15min, hourly",Forecasted by Electricity Maps,"24h, 48h, 72h","5min, 15min, hourly"
New York ISO,US-NY-NYIS,A,Carbon Free Energy,2017-01-01T00:00:00.000Z,"5min, 15min, hourly, daily, monthly, quarterly, yearly","5min, 15min, hourly",Forecasted by Electricity Maps,"24h, 48h, 72h","5min, 15min, hourly"
New York ISO,US-NY-NYIS,A,Fossil Only Carbon Intensity,2017-01-01T00:00:00.000Z,"5min, 15min, hourly, daily, monthly, quarterly, yearly","5min, 15min, hourly",Forecasted by Electricity Maps,"24h, 48h, 72h","5min, 15min, hourly"
New York ISO,US-NY-NYIS,A,Carbon Intensity,2017-01-01T00:00:00.000Z,"5min, 15min, hourly, daily, monthly, quarterly, yearly","5min, 15min, hourly",Forecasted by Electricity Maps,"24h, 48h, 72h","5min, 15min, hourly"
New York ISO,US-NY-NYIS,A,Electricity Flows,2017-01-01T00:00:00.000Z,"5min, 15min, hourly, daily, monthly, quarterly, yearly","5min, 15min, hourly",Forecasted by Electricity Maps,"24h, 48h, 72h","5min, 15min, hourly"
New York ISO,US-NY-NYIS,A,Total Load,2017-01-01T00:00:00.000Z,"5min, 15min, hourly, daily, monthly, quarterly, yearly","5min, 15min, hourly",Forecasted by Electricity Maps,"24h, 48h, 72h","5min, 15min, hourly"
New York ISO,US-NY-NYIS,A,Electricity Mix,2017-01-01T00:00:00.000Z,"5min, 15min, hourly, daily, monthly, quarterly, yearly","5min, 15min, hourly",Forecasted by Electricity Maps,"24h, 48h, 72h","5min, 15min, hourly"
New York ISO,US-NY-NYIS,A,Total Reported Load,2018-01-01T00:00:00.000Z,"5min, 15min, hourly","5min, 15min, hourly",Forecasted by Electricity Maps,"24h, 48h, 72h","5min, 15min, hourly"
Arizona Public Service Company,US-SW-AZPS,A,Renewable Energy,2017-01-01T00:00:00.000Z,"5min, 15min, hourly, daily, monthly, quarterly, yearly","5min, 15min, hourly",Forecasted by Electricity Maps,"24h, 48h, 72h","5min, 15min, hourly"
Arizona Public Service Company,US-SW-AZPS,A,Carbon Free Energy,2017-01-01T00:00:00.000Z,"5min, 15min, hourly, daily, monthly, quarterly, yearly","5min, 15min, hourly",Forecasted by Electricity Maps,"24h, 48h, 72h","5min, 15min, hourly"
Arizona Public Service Company,US-SW-AZPS,A,Fossil Only Carbon Intensity,2017-01-01T00:00:00.000Z,"5min, 15min, hourly, daily, monthly, quarterly, yearly","5min, 15min, hourly",Forecasted by Electricity Maps,"24h, 48h, 72h","5min, 15min, hourly"
Arizona Public Service Company,US-SW-AZPS,A,Carbon Intensity,2017-01-01T00:00:00.000Z,"5min, 15min, hourly, daily, monthly, quarterly, yearly","5min, 15min, hourly",Forecasted by Electricity Maps,"24h, 48h, 72h","5min, 15min, hourly"
Arizona Public Service Company,US-SW-AZPS,A,Electricity Flows,2017-01-01T00:00:00.000Z,"5min, 15min, hourly, daily, monthly, quarterly, yearly","5min, 15min, hourly",Forecasted by Electricity Maps,"24h, 48h, 72h","5min, 15min, hourly"
Arizona Public Service Company,US-SW-AZPS,A,Total Load,2017-01-01T00:00:00.000Z,"5min, 15min, hourly, daily, monthly, quarterly, yearly","5min, 15min, hourly",Forecasted by Electricity Maps,"24h, 48h, 72h","5min, 15min, hourly"
Arizona Public Service Company,US-SW-AZPS,A,Electricity Mix,2017-01-01T00:00:00.000Z,"5min, 15min, hourly, daily, monthly, quarterly, yearly","5min, 15min, hourly",Forecasted by Electricity Maps,"24h, 48h, 72h","5min, 15min, hourly"
Arizona Public Service Company,US-SW-AZPS,A,Total Reported Load,2018-01-01T00:00:00.000Z,"5min, 15min, hourly","5min, 15min, hourly",Forecasted by Electricity Maps,"24h, 48h, 72h","5min, 15min, hourly"
Electric Reliability Council of Texas,US-TEX-ERCO,A,Renewable Energy,2017-01-01T00:00:00.000Z,"5min, 15min, hourly, daily, monthly, quarterly, yearly","5min, 15min, hourly",Forecasted by Electricity Maps,"24h, 48h, 72h","5min, 15min, hourly"
Electric Reliability Council of Texas,US-TEX-ERCO,A,Carbon Free Energy,2017-01-01T00:00:00.000Z,"5min, 15min, hourly, daily, monthly, quarterly, yearly","5min, 15min, hourly",Forecasted by Electricity Maps,"24h, 48h, 72h","5min, 15min, hourly"
Electric Reliability Council of Texas,US-TEX-ERCO,A,Fossil Only Carbon Intensity,2017-01-01T00:00:00.000Z,"5min, 15min, hourly, daily, monthly, quarterly, yearly","5min, 15min, hourly",Forecasted by Electricity Maps,"24h, 48h, 72h","5min, 15min, hourly"
Electric Reliability Council of Texas,US-TEX-ERCO,A,Carbon Intensity,2017-01-01T00:00:00.000Z,"5min, 15min, hourly, daily, monthly, quarterly, yearly","5min, 15min, hourly",Forecasted by Electricity Maps,"24h, 48h, 72h","5min, 15min, hourly"
Electric Reliability Council of Texas,US-TEX-ERCO,A,Electricity Flows,2017-01-01T00:00:00.000Z,"5min, 15min, hourly, daily, monthly, quarterly, yearly","5min, 15min, hourly",Forecasted by Electricity Maps,"24h, 48h, 72h","5min, 15min, hourly"
Electric Reliability Council of Texas,US-TEX-ERCO,A,Total Load,2017-01-01T00:00:00.000Z,"5min, 15min, hourly, daily, monthly, quarterly, yearly","5min, 15min, hourly",Forecasted by Electricity Maps,"24h, 48h, 72h","5min, 15min, hourly"
Electric Reliability Council of Texas,US-TEX-ERCO,A,Electricity Mix,2017-01-01T00:00:00.000Z,"5min, 15min, hourly, daily, monthly, quarterly, yearly","5min, 15min, hourly",Forecasted by Electricity Maps,"24h, 48h, 72h","5min, 15min, hourly"
Electric Reliability Council of Texas,US-TEX-ERCO,A,Total Reported Load,2018-01-01T00:00:00.000Z,"5min, 15min, hourly","5min, 15min, hourly",Forecasted by Electricity Maps,"24h, 48h, 72h","5min, 15min, hourly"
Uruguay,UY,A,Renewable Energy,2015-10-02T00:00:00.000Z,"5min, 15min, hourly, daily, monthly, quarterly, yearly","5min, 15min, hourly",Forecasted by Electricity Maps,"24h, 48h, 72h","5min, 15min, hourly"
Uruguay,UY,A,Carbon Free Energy,2015-10-02T00:00:00.000Z,"5min, 15min, hourly, daily, monthly, quarterly, yearly","5min, 15min, hourly",Forecasted by Electricity Maps,"24h, 48h, 72h","5min, 15min, hourly"
Uruguay,UY,A,Fossil Only Carbon Intensity,2015-10-02T00:00:00.000Z,"5min, 15min, hourly, daily, monthly, quarterly, yearly","5min, 15min, hourly",Forecasted by Electricity Maps,"24h, 48h, 72h","5min, 15min, hourly"
Uruguay,UY,A,Carbon Intensity,2015-10-02T00:00:00.000Z,"5min, 15min, hourly, daily, monthly, quarterly, yearly","5min, 15min, hourly",Forecasted by Electricity Maps,"24h, 48h, 72h","5min, 15min, hourly"
Uruguay,UY,A,Electricity Flows,2015-10-02T00:00:00.000Z,"5min, 15min, hourly, daily, monthly, quarterly, yearly","5min, 15min, hourly",Forecasted by Electricity Maps,"24h, 48h, 72h","5min, 15min, hourly"
Uruguay,UY,A,Total Load,2015-10-02T00:00:00.000Z,"5min, 15min, hourly, daily, monthly, quarterly, yearly","5min, 15min, hourly",Forecasted by Electricity Maps,"24h, 48h, 72h","5min, 15min, hourly"
Uruguay,UY,A,Electricity Mix,2015-10-02T00:00:00.000Z,"5min, 15min, hourly, daily, monthly, quarterly, yearly","5min, 15min, hourly",Forecasted by Electricity Maps,"24h, 48h, 72h","5min, 15min, hourly"
Uruguay,UY,A,Total Reported Load,2018-01-01T00:00:00.000Z,"5min, 15min, hourly","5min, 15min, hourly",Forecasted by Electricity Maps,"24h, 48h, 72h","5min, 15min, hourly"
Uzbekistan,UZ,C,Renewable Energy,2017-01-01T00:00:00.000Z,"5min, 15min, hourly, daily, monthly, quarterly, yearly","5min, 15min, hourly",Forecasted by Electricity Maps,"24h, 48h, 72h","5min, 15min, hourly"
Uzbekistan,UZ,C,Carbon Free Energy,2017-01-01T00:00:00.000Z,"5min, 15min, hourly, daily, monthly, quarterly, yearly","5min, 15min, hourly",Forecasted by Electricity Maps,"24h, 48h, 72h","5min, 15min, hourly"
Uzbekistan,UZ,C,Fossil Only Carbon Intensity,2017-01-01T00:00:00.000Z,"5min, 15min, hourly, daily, monthly, quarterly, yearly","5min, 15min, hourly",Forecasted by Electricity Maps,"24h, 48h, 72h","5min, 15min, hourly"
Uzbekistan,UZ,C,Carbon Intensity,2017-01-01T00:00:00.000Z,"5min, 15min, hourly, daily, monthly, quarterly, yearly","5min, 15min, hourly",Forecasted by Electricity Maps,"24h, 48h, 72h","5min, 15min, hourly"
Uzbekistan,UZ,C,Electricity Flows,2017-01-01T00:00:00.000Z,"5min, 15min, hourly, daily, monthly, quarterly, yearly","5min, 15min, hourly",Forecasted by Electricity Maps,"24h, 48h, 72h","5min, 15min, hourly"
Uzbekistan,UZ,C,Total Load,2017-01-01T00:00:00.000Z,"5min, 15min, hourly, daily, monthly, quarterly, yearly","5min, 15min, hourly",Forecasted by Electricity Maps,"24h, 48h, 72h","5min, 15min, hourly"
Uzbekistan,UZ,C,Electricity Mix,2017-01-01T00:00:00.000Z,"5min, 15min, hourly, daily, monthly, quarterly, yearly","5min, 15min, hourly",Forecasted by Electricity Maps,"24h, 48h, 72h","5min, 15min, hourly"
Saint Vincent and the Grenadines,VC,C,Renewable Energy,2017-01-01T00:00:00.000Z,"5min, 15min, hourly, daily, monthly, quarterly, yearly","5min, 15min, hourly",Forecasted by Electricity Maps,"24h, 48h, 72h","5min, 15min, hourly"
Saint Vincent and the Grenadines,VC,C,Carbon Free Energy,2017-01-01T00:00:00.000Z,"5min, 15min, hourly, daily, monthly, quarterly, yearly","5min, 15min, hourly",Forecasted by Electricity Maps,"24h, 48h, 72h","5min, 15min, hourly"
Saint Vincent and the Grenadines,VC,C,Fossil Only Carbon Intensity,2017-01-01T00:00:00.000Z,"5min, 15min, hourly, daily, monthly, quarterly, yearly","5min, 15min, hourly",Forecasted by Electricity Maps,"24h, 48h, 72h","5min, 15min, hourly"
Saint Vincent and the Grenadines,VC,C,Carbon Intensity,2017-01-01T00:00:00.000Z,"5min, 15min, hourly, daily, monthly, quarterly, yearly","5min, 15min, hourly",Forecasted by Electricity Maps,"24h, 48h, 72h","5min, 15min, hourly"
Saint Vincent and the Grenadines,VC,C,Electricity Flows,2017-01-01T00:00:00.000Z,"5min, 15min, hourly, daily, monthly, quarterly, yearly","5min, 15min, hourly",Forecasted by Electricity Maps,"24h, 48h, 72h","5min, 15min, hourly"
Saint Vincent and the Grenadines,VC,C,Total Load,2017-01-01T00:00:00.000Z,"5min, 15min, hourly, daily, monthly, quarterly, yearly","5min, 15min, hourly",Forecasted by Electricity Maps,"24h, 48h, 72h","5min, 15min, hourly"
Saint Vincent and the Grenadines,VC,C,Electricity Mix,2017-01-01T00:00:00.000Z,"5min, 15min, hourly, daily, monthly, quarterly, yearly","5min, 15min, hourly",Forecasted by Electricity Maps,"24h, 48h, 72h","5min, 15min, hourly"
Venezuela,VE,C,Renewable Energy,2017-01-01T00:00:00.000Z,"5min, 15min, hourly, daily, monthly, quarterly, yearly","5min, 15min, hourly",Forecasted by Electricity Maps,"24h, 48h, 72h","5min, 15min, hourly"
Venezuela,VE,C,Carbon Free Energy,2017-01-01T00:00:00.000Z,"5min, 15min, hourly, daily, monthly, quarterly, yearly","5min, 15min, hourly",Forecasted by Electricity Maps,"24h, 48h, 72h","5min, 15min, hourly"
Venezuela,VE,C,Fossil Only Carbon Intensity,2017-01-01T00:00:00.000Z,"5min, 15min, hourly, daily, monthly, quarterly, yearly","5min, 15min, hourly",Forecasted by Electricity Maps,"24h, 48h, 72h","5min, 15min, hourly"
Venezuela,VE,C,Carbon Intensity,2017-01-01T00:00:00.000Z,"5min, 15min, hourly, daily, monthly, quarterly, yearly","5min, 15min, hourly",Forecasted by Electricity Maps,"24h, 48h, 72h","5min, 15min, hourly"
Venezuela,VE,C,Electricity Flows,2017-01-01T00:00:00.000Z,"5min, 15min, hourly, daily, monthly, quarterly, yearly","5min, 15min, hourly",Forecasted by Electricity Maps,"24h, 48h, 72h","5min, 15min, hourly"
Venezuela,VE,C,Total Load,2017-01-01T00:00:00.000Z,"5min, 15min, hourly, daily, monthly, quarterly, yearly","5min, 15min, hourly",Forecasted by Electricity Maps,"24h, 48h, 72h","5min, 15min, hourly"
Venezuela,VE,C,Electricity Mix,2017-01-01T00:00:00.000Z,"5min, 15min, hourly, daily, monthly, quarterly, yearly","5min, 15min, hourly",Forecasted by Electricity Maps,"24h, 48h, 72h","5min, 15min, hourly"
South Central Sweden,SE-SE3,A,Price Day Ahead,2015-01-01T00:00:00.000Z,"5min, 15min, hourly, daily, monthly, quarterly, yearly","5min, 15min, hourly",Forecasted by Electricity Maps,"24h, 48h, 72h","5min, 15min, hourly"
South Central Sweden,SE-SE3,A,Renewable Energy,2017-01-01T00:00:00.000Z,"5min, 15min, hourly, daily, monthly, quarterly, yearly","5min, 15min, hourly",Forecasted by Electricity Maps,"24h, 48h, 72h","5min, 15min, hourly"
South Central Sweden,SE-SE3,A,Carbon Free Energy,2017-01-01T00:00:00.000Z,"5min, 15min, hourly, daily, monthly, quarterly, yearly","5min, 15min, hourly",Forecasted by Electricity Maps,"24h, 48h, 72h","5min, 15min, hourly"
South Central Sweden,SE-SE3,A,Fossil Only Carbon Intensity,2017-01-01T00:00:00.000Z,"5min, 15min, hourly, daily, monthly, quarterly, yearly","5min, 15min, hourly",Forecasted by Electricity Maps,"24h, 48h, 72h","5min, 15min, hourly"
South Central Sweden,SE-SE3,A,Carbon Intensity,2017-01-01T00:00:00.000Z,"5min, 15min, hourly, daily, monthly, quarterly, yearly","5min, 15min, hourly",Forecasted by Electricity Maps,"24h, 48h, 72h","5min, 15min, hourly"
South Central Sweden,SE-SE3,A,Electricity Flows,2017-01-01T00:00:00.000Z,"5min, 15min, hourly, daily, monthly, quarterly, yearly","5min, 15min, hourly",Forecasted by Electricity Maps,"24h, 48h, 72h","5min, 15min, hourly"
South Central Sweden,SE-SE3,A,Total Load,2017-01-01T00:00:00.000Z,"5min, 15min, hourly, daily, monthly, quarterly, yearly","5min, 15min, hourly",Forecasted by Electricity Maps,"24h, 48h, 72h","5min, 15min, hourly"
South Central Sweden,SE-SE3,A,Electricity Mix,2017-01-01T00:00:00.000Z,"5min, 15min, hourly, daily, monthly, quarterly, yearly","5min, 15min, hourly",Forecasted by Electricity Maps,"24h, 48h, 72h","5min, 15min, hourly"
South Central Sweden,SE-SE3,A,Total Reported Load,2018-01-01T00:00:00.000Z,"5min, 15min, hourly","5min, 15min, hourly",Forecasted by Electricity Maps,"24h, 48h, 72h","5min, 15min, hourly"
South Sweden,SE-SE4,A,Price Day Ahead,2015-01-01T00:00:00.000Z,"5min, 15min, hourly, daily, monthly, quarterly, yearly","5min, 15min, hourly",Forecasted by Electricity Maps,"24h, 48h, 72h","5min, 15min, hourly"
South Sweden,SE-SE4,A,Renewable Energy,2017-01-01T00:00:00.000Z,"5min, 15min, hourly, daily, monthly, quarterly, yearly","5min, 15min, hourly",Forecasted by Electricity Maps,"24h, 48h, 72h","5min, 15min, hourly"
South Sweden,SE-SE4,A,Carbon Free Energy,2017-01-01T00:00:00.000Z,"5min, 15min, hourly, daily, monthly, quarterly, yearly","5min, 15min, hourly",Forecasted by Electricity Maps,"24h, 48h, 72h","5min, 15min, hourly"
South Sweden,SE-SE4,A,Fossil Only Carbon Intensity,2017-01-01T00:00:00.000Z,"5min, 15min, hourly, daily, monthly, quarterly, yearly","5min, 15min, hourly",Forecasted by Electricity Maps,"24h, 48h, 72h","5min, 15min, hourly"
South Sweden,SE-SE4,A,Carbon Intensity,2017-01-01T00:00:00.000Z,"5min, 15min, hourly, daily, monthly, quarterly, yearly","5min, 15min, hourly",Forecasted by Electricity Maps,"24h, 48h, 72h","5min, 15min, hourly"
South Sweden,SE-SE4,A,Electricity Flows,2017-01-01T00:00:00.000Z,"5min, 15min, hourly, daily, monthly, quarterly, yearly","5min, 15min, hourly",Forecasted by Electricity Maps,"24h, 48h, 72h","5min, 15min, hourly"
South Sweden,SE-SE4,A,Total Load,2017-01-01T00:00:00.000Z,"5min, 15min, hourly, daily, monthly, quarterly, yearly","5min, 15min, hourly",Forecasted by Electricity Maps,"24h, 48h, 72h","5min, 15min, hourly"
South Sweden,SE-SE4,A,Electricity Mix,2017-01-01T00:00:00.000Z,"5min, 15min, hourly, daily, monthly, quarterly, yearly","5min, 15min, hourly",Forecasted by Electricity Maps,"24h, 48h, 72h","5min, 15min, hourly"
South Sweden,SE-SE4,A,Total Reported Load,2018-01-01T00:00:00.000Z,"5min, 15min, hourly","5min, 15min, hourly",Forecasted by Electricity Maps,"24h, 48h, 72h","5min, 15min, hourly"
United States,US,,Renewable Energy,2017-01-01T00:00:00.000Z,"5min, 15min, hourly, daily, monthly, quarterly, yearly","5min, 15min, hourly",Forecasted by Electricity Maps,"24h, 48h, 72h","5min, 15min, hourly"
United States,US,,Carbon Free Energy,2017-01-01T00:00:00.000Z,"5min, 15min, hourly, daily, monthly, quarterly, yearly","5min, 15min, hourly",Forecasted by Electricity Maps,"24h, 48h, 72h","5min, 15min, hourly"
United States,US,,Fossil Only Carbon Intensity,2017-01-01T00:00:00.000Z,"5min, 15min, hourly, daily, monthly, quarterly, yearly","5min, 15min, hourly",Forecasted by Electricity Maps,"24h, 48h, 72h","5min, 15min, hourly"
United States,US,,Carbon Intensity,2017-01-01T00:00:00.000Z,"5min, 15min, hourly, daily, monthly, quarterly, yearly","5min, 15min, hourly",Forecasted by Electricity Maps,"24h, 48h, 72h","5min, 15min, hourly"
United States,US,,Electricity Flows,2017-01-01T00:00:00.000Z,"5min, 15min, hourly, daily, monthly, quarterly, yearly","5min, 15min, hourly",Forecasted by Electricity Maps,"24h, 48h, 72h","5min, 15min, hourly"
United States,US,,Total Load,2017-01-01T00:00:00.000Z,"5min, 15min, hourly, daily, monthly, quarterly, yearly","5min, 15min, hourly",Forecasted by Electricity Maps,"24h, 48h, 72h","5min, 15min, hourly"
United States,US,,Electricity Mix,2017-01-01T00:00:00.000Z,"5min, 15min, hourly, daily, monthly, quarterly, yearly","5min, 15min, hourly",Forecasted by Electricity Maps,"24h, 48h, 72h","5min, 15min, hourly"
Sweden,SE,,Renewable Energy,2017-01-01T00:00:00.000Z,"5min, 15min, hourly, daily, monthly, quarterly, yearly","5min, 15min, hourly",Forecasted by Electricity Maps,"24h, 48h, 72h","5min, 15min, hourly"
Sweden,SE,,Carbon Free Energy,2017-01-01T00:00:00.000Z,"5min, 15min, hourly, daily, monthly, quarterly, yearly","5min, 15min, hourly",Forecasted by Electricity Maps,"24h, 48h, 72h","5min, 15min, hourly"
Sweden,SE,,Fossil Only Carbon Intensity,2017-01-01T00:00:00.000Z,"5min, 15min, hourly, daily, monthly, quarterly, yearly","5min, 15min, hourly",Forecasted by Electricity Maps,"24h, 48h, 72h","5min, 15min, hourly"
Sweden,SE,,Carbon Intensity,2017-01-01T00:00:00.000Z,"5min, 15min, hourly, daily, monthly, quarterly, yearly","5min, 15min, hourly",Forecasted by Electricity Maps,"24h, 48h, 72h","5min, 15min, hourly"
Sweden,SE,,Electricity Flows,2017-01-01T00:00:00.000Z,"5min, 15min, hourly, daily, monthly, quarterly, yearly","5min, 15min, hourly",Forecasted by Electricity Maps,"24h, 48h, 72h","5min, 15min, hourly"
Sweden,SE,,Total Load,2017-01-01T00:00:00.000Z,"5min, 15min, hourly, daily, monthly, quarterly, yearly","5min, 15min, hourly",Forecasted by Electricity Maps,"24h, 48h, 72h","5min, 15min, hourly"
Sweden,SE,,Electricity Mix,2015-03-16T00:00:00.000Z,"5min, 15min, hourly, daily, monthly, quarterly, yearly","5min, 15min, hourly",Forecasted by Electricity Maps,"24h, 48h, 72h","5min, 15min, hourly"
Sweden,SE,,Total Reported Load,2018-01-01T00:00:00.000Z,"5min, 15min, hourly","5min, 15min, hourly",Forecasted by Electricity Maps,"24h, 48h, 72h","5min, 15min, hourly"
Thailand,TH,C,Price Day Ahead,2017-01-01T00:00:00.000Z,"5min, 15min, hourly, daily, monthly, quarterly, yearly","5min, 15min, hourly",Forecasted by Electricity Maps,"24h, 48h, 72h","5min, 15min, hourly"
Thailand,TH,C,Renewable Energy,2017-01-01T00:00:00.000Z,"5min, 15min, hourly, daily, monthly, quarterly, yearly","5min, 15min, hourly",Forecasted by Electricity Maps,"24h, 48h, 72h","5min, 15min, hourly"
Thailand,TH,C,Carbon Free Energy,2017-01-01T00:00:00.000Z,"5min, 15min, hourly, daily, monthly, quarterly, yearly","5min, 15min, hourly",Forecasted by Electricity Maps,"24h, 48h, 72h","5min, 15min, hourly"
Thailand,TH,C,Fossil Only Carbon Intensity,2017-01-01T00:00:00.000Z,"5min, 15min, hourly, daily, monthly, quarterly, yearly","5min, 15min, hourly",Forecasted by Electricity Maps,"24h, 48h, 72h","5min, 15min, hourly"
Thailand,TH,C,Carbon Intensity,2017-01-01T00:00:00.000Z,"5min, 15min, hourly, daily, monthly, quarterly, yearly","5min, 15min, hourly",Forecasted by Electricity Maps,"24h, 48h, 72h","5min, 15min, hourly"
Thailand,TH,C,Electricity Flows,2017-01-01T00:00:00.000Z,"5min, 15min, hourly, daily, monthly, quarterly, yearly","5min, 15min, hourly",Forecasted by Electricity Maps,"24h, 48h, 72h","5min, 15min, hourly"
Thailand,TH,C,Total Load,2017-01-01T00:00:00.000Z,"5min, 15min, hourly, daily, monthly, quarterly, yearly","5min, 15min, hourly",Forecasted by Electricity Maps,"24h, 48h, 72h","5min, 15min, hourly"
Thailand,TH,C,Electricity Mix,2017-01-01T00:00:00.000Z,"5min, 15min, hourly, daily, monthly, quarterly, yearly","5min, 15min, hourly",Forecasted by Electricity Maps,"24h, 48h, 72h","5min, 15min, hourly"
Thailand,TH,C,Total Reported Load,2019-01-01T00:00:00.000Z,"5min, 15min, hourly","5min, 15min, hourly",Forecasted by Electricity Maps,"24h, 48h, 72h","5min, 15min, hourly"
Turkey,TR,A,Price Day Ahead,2015-01-01T00:00:00.000Z,"5min, 15min, hourly, daily, monthly, quarterly, yearly","5min, 15min, hourly",Forecasted by Electricity Maps,"24h, 48h, 72h","5min, 15min, hourly"
Turkey,TR,A,Renewable Energy,2015-01-01T00:00:00.000Z,"5min, 15min, hourly, daily, monthly, quarterly, yearly","5min, 15min, hourly",Forecasted by Electricity Maps,"24h, 48h, 72h","5min, 15min, hourly"
Turkey,TR,A,Carbon Free Energy,2015-01-01T00:00:00.000Z,"5min, 15min, hourly, daily, monthly, quarterly, yearly","5min, 15min, hourly",Forecasted by Electricity Maps,"24h, 48h, 72h","5min, 15min, hourly"
Turkey,TR,A,Fossil Only Carbon Intensity,2015-01-01T00:00:00.000Z,"5min, 15min, hourly, daily, monthly, quarterly, yearly","5min, 15min, hourly",Forecasted by Electricity Maps,"24h, 48h, 72h","5min, 15min, hourly"
Turkey,TR,A,Carbon Intensity,2015-01-01T00:00:00.000Z,"5min, 15min, hourly, daily, monthly, quarterly, yearly","5min, 15min, hourly",Forecasted by Electricity Maps,"24h, 48h, 72h","5min, 15min, hourly"
Turkey,TR,A,Electricity Flows,2015-01-01T00:00:00.000Z,"5min, 15min, hourly, daily, monthly, quarterly, yearly","5min, 15min, hourly",Forecasted by Electricity Maps,"24h, 48h, 72h","5min, 15min, hourly"
Turkey,TR,A,Total Load,2015-01-01T00:00:00.000Z,"5min, 15min, hourly, daily, monthly, quarterly, yearly","5min, 15min, hourly",Forecasted by Electricity Maps,"24h, 48h, 72h","5min, 15min, hourly"
Turkey,TR,A,Electricity Mix,2015-01-01T00:00:00.000Z,"5min, 15min, hourly, daily, monthly, quarterly, yearly","5min, 15min, hourly",Forecasted by Electricity Maps,"24h, 48h, 72h","5min, 15min, hourly"
Turkey,TR,A,Total Reported Load,2018-01-01T00:00:00.000Z,"5min, 15min, hourly","5min, 15min, hourly",Forecasted by Electricity Maps,"24h, 48h, 72h","5min, 15min, hourly"
Southwest Power Pool,US-CENT-SWPP,A,Renewable Energy,2017-01-01T00:00:00.000Z,"5min, 15min, hourly, daily, monthly, quarterly, yearly","5min, 15min, hourly",Forecasted by Electricity Maps,"24h, 48h, 72h","5min, 15min, hourly"
Southwest Power Pool,US-CENT-SWPP,A,Carbon Free Energy,2017-01-01T00:00:00.000Z,"5min, 15min, hourly, daily, monthly, quarterly, yearly","5min, 15min, hourly",Forecasted by Electricity Maps,"24h, 48h, 72h","5min, 15min, hourly"
Southwest Power Pool,US-CENT-SWPP,A,Fossil Only Carbon Intensity,2017-01-01T00:00:00.000Z,"5min, 15min, hourly, daily, monthly, quarterly, yearly","5min, 15min, hourly",Forecasted by Electricity Maps,"24h, 48h, 72h","5min, 15min, hourly"
Southwest Power Pool,US-CENT-SWPP,A,Carbon Intensity,2017-01-01T00:00:00.000Z,"5min, 15min, hourly, daily, monthly, quarterly, yearly","5min, 15min, hourly",Forecasted by Electricity Maps,"24h, 48h, 72h","5min, 15min, hourly"
Southwest Power Pool,US-CENT-SWPP,A,Electricity Flows,2017-01-01T00:00:00.000Z,"5min, 15min, hourly, daily, monthly, quarterly, yearly","5min, 15min, hourly",Forecasted by Electricity Maps,"24h, 48h, 72h","5min, 15min, hourly"
Southwest Power Pool,US-CENT-SWPP,A,Total Load,2017-01-01T00:00:00.000Z,"5min, 15min, hourly, daily, monthly, quarterly, yearly","5min, 15min, hourly",Forecasted by Electricity Maps,"24h, 48h, 72h","5min, 15min, hourly"
Southwest Power Pool,US-CENT-SWPP,A,Electricity Mix,2017-01-01T00:00:00.000Z,"5min, 15min, hourly, daily, monthly, quarterly, yearly","5min, 15min, hourly",Forecasted by Electricity Maps,"24h, 48h, 72h","5min, 15min, hourly"
Southwest Power Pool,US-CENT-SWPP,A,Total Reported Load,2018-01-01T00:00:00.000Z,"5min, 15min, hourly","5min, 15min, hourly",Forecasted by Electricity Maps,"24h, 48h, 72h","5min, 15min, hourly"
Florida Municipal Power Pool,US-FLA-FMPP,A,Renewable Energy,2017-01-01T00:00:00.000Z,"5min, 15min, hourly, daily, monthly, quarterly, yearly","5min, 15min, hourly",Forecasted by Electricity Maps,"24h, 48h, 72h","5min, 15min, hourly"
Florida Municipal Power Pool,US-FLA-FMPP,A,Carbon Free Energy,2017-01-01T00:00:00.000Z,"5min, 15min, hourly, daily, monthly, quarterly, yearly","5min, 15min, hourly",Forecasted by Electricity Maps,"24h, 48h, 72h","5min, 15min, hourly"
Florida Municipal Power Pool,US-FLA-FMPP,A,Fossil Only Carbon Intensity,2017-01-01T00:00:00.000Z,"5min, 15min, hourly, daily, monthly, quarterly, yearly","5min, 15min, hourly",Forecasted by Electricity Maps,"24h, 48h, 72h","5min, 15min, hourly"
Florida Municipal Power Pool,US-FLA-FMPP,A,Carbon Intensity,2017-01-01T00:00:00.000Z,"5min, 15min, hourly, daily, monthly, quarterly, yearly","5min, 15min, hourly",Forecasted by Electricity Maps,"24h, 48h, 72h","5min, 15min, hourly"
Florida Municipal Power Pool,US-FLA-FMPP,A,Electricity Flows,2017-01-01T00:00:00.000Z,"5min, 15min, hourly, daily, monthly, quarterly, yearly","5min, 15min, hourly",Forecasted by Electricity Maps,"24h, 48h, 72h","5min, 15min, hourly"
Florida Municipal Power Pool,US-FLA-FMPP,A,Total Load,2017-01-01T00:00:00.000Z,"5min, 15min, hourly, daily, monthly, quarterly, yearly","5min, 15min, hourly",Forecasted by Electricity Maps,"24h, 48h, 72h","5min, 15min, hourly"
Florida Municipal Power Pool,US-FLA-FMPP,A,Electricity Mix,2017-01-01T00:00:00.000Z,"5min, 15min, hourly, daily, monthly, quarterly, yearly","5min, 15min, hourly",Forecasted by Electricity Maps,"24h, 48h, 72h","5min, 15min, hourly"
Florida Municipal Power Pool,US-FLA-FMPP,A,Total Reported Load,2018-01-01T00:00:00.000Z,"5min, 15min, hourly","5min, 15min, hourly",Forecasted by Electricity Maps,"24h, 48h, 72h","5min, 15min, hourly"
PJM Interconnection,US-MIDA-PJM,A,Price Day Ahead,2017-01-01T00:00:00.000Z,"5min, 15min, hourly, daily, monthly, quarterly, yearly","5min, 15min, hourly",Forecasted by Electricity Maps,"24h, 48h, 72h","5min, 15min, hourly"
PJM Interconnection,US-MIDA-PJM,A,Renewable Energy,2017-01-01T00:00:00.000Z,"5min, 15min, hourly, daily, monthly, quarterly, yearly","5min, 15min, hourly",Forecasted by Electricity Maps,"24h, 48h, 72h","5min, 15min, hourly"
PJM Interconnection,US-MIDA-PJM,A,Carbon Free Energy,2017-01-01T00:00:00.000Z,"5min, 15min, hourly, daily, monthly, quarterly, yearly","5min, 15min, hourly",Forecasted by Electricity Maps,"24h, 48h, 72h","5min, 15min, hourly"
PJM Interconnection,US-MIDA-PJM,A,Fossil Only Carbon Intensity,2017-01-01T00:00:00.000Z,"5min, 15min, hourly, daily, monthly, quarterly, yearly","5min, 15min, hourly",Forecasted by Electricity Maps,"24h, 48h, 72h","5min, 15min, hourly"
PJM Interconnection,US-MIDA-PJM,A,Carbon Intensity,2017-01-01T00:00:00.000Z,"5min, 15min, hourly, daily, monthly, quarterly, yearly","5min, 15min, hourly",Forecasted by Electricity Maps,"24h, 48h, 72h","5min, 15min, hourly"
PJM Interconnection,US-MIDA-PJM,A,Electricity Flows,2017-01-01T00:00:00.000Z,"5min, 15min, hourly, daily, monthly, quarterly, yearly","5min, 15min, hourly",Forecasted by Electricity Maps,"24h, 48h, 72h","5min, 15min, hourly"
PJM Interconnection,US-MIDA-PJM,A,Total Load,2017-01-01T00:00:00.000Z,"5min, 15min, hourly, daily, monthly, quarterly, yearly","5min, 15min, hourly",Forecasted by Electricity Maps,"24h, 48h, 72h","5min, 15min, hourly"
PJM Interconnection,US-MIDA-PJM,A,Electricity Mix,2017-01-01T00:00:00.000Z,"5min, 15min, hourly, daily, monthly, quarterly, yearly","5min, 15min, hourly",Forecasted by Electricity Maps,"24h, 48h, 72h","5min, 15min, hourly"
PJM Interconnection,US-MIDA-PJM,A,Total Reported Load,2018-01-01T00:00:00.000Z,"5min, 15min, hourly","5min, 15min, hourly",Forecasted by Electricity Maps,"24h, 48h, 72h","5min, 15min, hourly"
Los Angeles Department of Water and Power,US-CAL-LDWP,A,Renewable Energy,2017-01-01T00:00:00.000Z,"5min, 15min, hourly, daily, monthly, quarterly, yearly","5min, 15min, hourly",Forecasted by Electricity Maps,"24h, 48h, 72h","5min, 15min, hourly"
Los Angeles Department of Water and Power,US-CAL-LDWP,A,Carbon Free Energy,2017-01-01T00:00:00.000Z,"5min, 15min, hourly, daily, monthly, quarterly, yearly","5min, 15min, hourly",Forecasted by Electricity Maps,"24h, 48h, 72h","5min, 15min, hourly"
Los Angeles Department of Water and Power,US-CAL-LDWP,A,Fossil Only Carbon Intensity,2017-01-01T00:00:00.000Z,"5min, 15min, hourly, daily, monthly, quarterly, yearly","5min, 15min, hourly",Forecasted by Electricity Maps,"24h, 48h, 72h","5min, 15min, hourly"
Los Angeles Department of Water and Power,US-CAL-LDWP,A,Carbon Intensity,2017-01-01T00:00:00.000Z,"5min, 15min, hourly, daily, monthly, quarterly, yearly","5min, 15min, hourly",Forecasted by Electricity Maps,"24h, 48h, 72h","5min, 15min, hourly"
Los Angeles Department of Water and Power,US-CAL-LDWP,A,Electricity Flows,2017-01-01T00:00:00.000Z,"5min, 15min, hourly, daily, monthly, quarterly, yearly","5min, 15min, hourly",Forecasted by Electricity Maps,"24h, 48h, 72h","5min, 15min, hourly"
Los Angeles Department of Water and Power,US-CAL-LDWP,A,Total Load,2017-01-01T00:00:00.000Z,"5min, 15min, hourly, daily, monthly, quarterly, yearly","5min, 15min, hourly",Forecasted by Electricity Maps,"24h, 48h, 72h","5min, 15min, hourly"
Los Angeles Department of Water and Power,US-CAL-LDWP,A,Electricity Mix,2017-01-01T00:00:00.000Z,"5min, 15min, hourly, daily, monthly, quarterly, yearly","5min, 15min, hourly",Forecasted by Electricity Maps,"24h, 48h, 72h","5min, 15min, hourly"
Los Angeles Department of Water and Power,US-CAL-LDWP,A,Total Reported Load,2018-01-01T00:00:00.000Z,"5min, 15min, hourly","5min, 15min, hourly",Forecasted by Electricity Maps,"24h, 48h, 72h","5min, 15min, hourly"
Turlock Irrigation District,US-CAL-TIDC,A,Renewable Energy,2017-01-01T00:00:00.000Z,"5min, 15min, hourly, daily, monthly, quarterly, yearly","5min, 15min, hourly",Forecasted by Electricity Maps,"24h, 48h, 72h","5min, 15min, hourly"
Turlock Irrigation District,US-CAL-TIDC,A,Carbon Free Energy,2017-01-01T00:00:00.000Z,"5min, 15min, hourly, daily, monthly, quarterly, yearly","5min, 15min, hourly",Forecasted by Electricity Maps,"24h, 48h, 72h","5min, 15min, hourly"
Turlock Irrigation District,US-CAL-TIDC,A,Fossil Only Carbon Intensity,2017-01-01T00:00:00.000Z,"5min, 15min, hourly, daily, monthly, quarterly, yearly","5min, 15min, hourly",Forecasted by Electricity Maps,"24h, 48h, 72h","5min, 15min, hourly"
Turlock Irrigation District,US-CAL-TIDC,A,Carbon Intensity,2017-01-01T00:00:00.000Z,"5min, 15min, hourly, daily, monthly, quarterly, yearly","5min, 15min, hourly",Forecasted by Electricity Maps,"24h, 48h, 72h","5min, 15min, hourly"
Turlock Irrigation District,US-CAL-TIDC,A,Electricity Flows,2017-01-01T00:00:00.000Z,"5min, 15min, hourly, daily, monthly, quarterly, yearly","5min, 15min, hourly",Forecasted by Electricity Maps,"24h, 48h, 72h","5min, 15min, hourly"
Turlock Irrigation District,US-CAL-TIDC,A,Total Load,2017-01-01T00:00:00.000Z,"5min, 15min, hourly, daily, monthly, quarterly, yearly","5min, 15min, hourly",Forecasted by Electricity Maps,"24h, 48h, 72h","5min, 15min, hourly"
Turlock Irrigation District,US-CAL-TIDC,A,Electricity Mix,2017-01-01T00:00:00.000Z,"5min, 15min, hourly, daily, monthly, quarterly, yearly","5min, 15min, hourly",Forecasted by Electricity Maps,"24h, 48h, 72h","5min, 15min, hourly"
Turlock Irrigation District,US-CAL-TIDC,A,Total Reported Load,2018-01-01T00:00:00.000Z,"5min, 15min, hourly","5min, 15min, hourly",Forecasted by Electricity Maps,"24h, 48h, 72h","5min, 15min, hourly"
Duke Energy Progress East,US-CAR-CPLE,A,Renewable Energy,2017-01-01T00:00:00.000Z,"5min, 15min, hourly, daily, monthly, quarterly, yearly","5min, 15min, hourly",Forecasted by Electricity Maps,"24h, 48h, 72h","5min, 15min, hourly"
Duke Energy Progress East,US-CAR-CPLE,A,Carbon Free Energy,2017-01-01T00:00:00.000Z,"5min, 15min, hourly, daily, monthly, quarterly, yearly","5min, 15min, hourly",Forecasted by Electricity Maps,"24h, 48h, 72h","5min, 15min, hourly"
Duke Energy Progress East,US-CAR-CPLE,A,Fossil Only Carbon Intensity,2017-01-01T00:00:00.000Z,"5min, 15min, hourly, daily, monthly, quarterly, yearly","5min, 15min, hourly",Forecasted by Electricity Maps,"24h, 48h, 72h","5min, 15min, hourly"
Duke Energy Progress East,US-CAR-CPLE,A,Carbon Intensity,2017-01-01T00:00:00.000Z,"5min, 15min, hourly, daily, monthly, quarterly, yearly","5min, 15min, hourly",Forecasted by Electricity Maps,"24h, 48h, 72h","5min, 15min, hourly"
Duke Energy Progress East,US-CAR-CPLE,A,Electricity Flows,2017-01-01T00:00:00.000Z,"5min, 15min, hourly, daily, monthly, quarterly, yearly","5min, 15min, hourly",Forecasted by Electricity Maps,"24h, 48h, 72h","5min, 15min, hourly"
Duke Energy Progress East,US-CAR-CPLE,A,Total Load,2017-01-01T00:00:00.000Z,"5min, 15min, hourly, daily, monthly, quarterly, yearly","5min, 15min, hourly",Forecasted by Electricity Maps,"24h, 48h, 72h","5min, 15min, hourly"
Duke Energy Progress East,US-CAR-CPLE,A,Electricity Mix,2017-01-01T00:00:00.000Z,"5min, 15min, hourly, daily, monthly, quarterly, yearly","5min, 15min, hourly",Forecasted by Electricity Maps,"24h, 48h, 72h","5min, 15min, hourly"
Duke Energy Progress East,US-CAR-CPLE,A,Total Reported Load,2018-01-01T00:00:00.000Z,"5min, 15min, hourly","5min, 15min, hourly",Forecasted by Electricity Maps,"24h, 48h, 72h","5min, 15min, hourly"
Duke Energy Progress West,US-CAR-CPLW,A,Renewable Energy,2017-01-01T00:00:00.000Z,"5min, 15min, hourly, daily, monthly, quarterly, yearly","5min, 15min, hourly",Forecasted by Electricity Maps,"24h, 48h, 72h","5min, 15min, hourly"
Duke Energy Progress West,US-CAR-CPLW,A,Carbon Free Energy,2017-01-01T00:00:00.000Z,"5min, 15min, hourly, daily, monthly, quarterly, yearly","5min, 15min, hourly",Forecasted by Electricity Maps,"24h, 48h, 72h","5min, 15min, hourly"
Duke Energy Progress West,US-CAR-CPLW,A,Fossil Only Carbon Intensity,2017-01-01T00:00:00.000Z,"5min, 15min, hourly, daily, monthly, quarterly, yearly","5min, 15min, hourly",Forecasted by Electricity Maps,"24h, 48h, 72h","5min, 15min, hourly"
Duke Energy Progress West,US-CAR-CPLW,A,Carbon Intensity,2017-01-01T00:00:00.000Z,"5min, 15min, hourly, daily, monthly, quarterly, yearly","5min, 15min, hourly",Forecasted by Electricity Maps,"24h, 48h, 72h","5min, 15min, hourly"
Duke Energy Progress West,US-CAR-CPLW,A,Electricity Flows,2017-01-01T00:00:00.000Z,"5min, 15min, hourly, daily, monthly, quarterly, yearly","5min, 15min, hourly",Forecasted by Electricity Maps,"24h, 48h, 72h","5min, 15min, hourly"
Duke Energy Progress West,US-CAR-CPLW,A,Total Load,2017-01-01T00:00:00.000Z,"5min, 15min, hourly, daily, monthly, quarterly, yearly","5min, 15min, hourly",Forecasted by Electricity Maps,"24h, 48h, 72h","5min, 15min, hourly"
Duke Energy Progress West,US-CAR-CPLW,A,Electricity Mix,2017-01-01T00:00:00.000Z,"5min, 15min, hourly, daily, monthly, quarterly, yearly","5min, 15min, hourly",Forecasted by Electricity Maps,"24h, 48h, 72h","5min, 15min, hourly"
Duke Energy Progress West,US-CAR-CPLW,A,Total Reported Load,2018-01-01T00:00:00.000Z,"5min, 15min, hourly","5min, 15min, hourly",Forecasted by Electricity Maps,"24h, 48h, 72h","5min, 15min, hourly"
Duke Energy Carolinas,US-CAR-DUK,A,Renewable Energy,2017-01-01T00:00:00.000Z,"5min, 15min, hourly, daily, monthly, quarterly, yearly","5min, 15min, hourly",Forecasted by Electricity Maps,"24h, 48h, 72h","5min, 15min, hourly"
Duke Energy Carolinas,US-CAR-DUK,A,Carbon Free Energy,2017-01-01T00:00:00.000Z,"5min, 15min, hourly, daily, monthly, quarterly, yearly","5min, 15min, hourly",Forecasted by Electricity Maps,"24h, 48h, 72h","5min, 15min, hourly"
Duke Energy Carolinas,US-CAR-DUK,A,Fossil Only Carbon Intensity,2017-01-01T00:00:00.000Z,"5min, 15min, hourly, daily, monthly, quarterly, yearly","5min, 15min, hourly",Forecasted by Electricity Maps,"24h, 48h, 72h","5min, 15min, hourly"
Duke Energy Carolinas,US-CAR-DUK,A,Carbon Intensity,2017-01-01T00:00:00.000Z,"5min, 15min, hourly, daily, monthly, quarterly, yearly","5min, 15min, hourly",Forecasted by Electricity Maps,"24h, 48h, 72h","5min, 15min, hourly"
Duke Energy Carolinas,US-CAR-DUK,A,Electricity Flows,2017-01-01T00:00:00.000Z,"5min, 15min, hourly, daily, monthly, quarterly, yearly","5min, 15min, hourly",Forecasted by Electricity Maps,"24h, 48h, 72h","5min, 15min, hourly"
Duke Energy Carolinas,US-CAR-DUK,A,Total Load,2017-01-01T00:00:00.000Z,"5min, 15min, hourly, daily, monthly, quarterly, yearly","5min, 15min, hourly",Forecasted by Electricity Maps,"24h, 48h, 72h","5min, 15min, hourly"
Duke Energy Carolinas,US-CAR-DUK,A,Electricity Mix,2017-01-01T00:00:00.000Z,"5min, 15min, hourly, daily, monthly, quarterly, yearly","5min, 15min, hourly",Forecasted by Electricity Maps,"24h, 48h, 72h","5min, 15min, hourly"
Duke Energy Carolinas,US-CAR-DUK,A,Total Reported Load,2018-01-01T00:00:00.000Z,"5min, 15min, hourly","5min, 15min, hourly",Forecasted by Electricity Maps,"24h, 48h, 72h","5min, 15min, hourly"
South Carolina Public Service Authority,US-CAR-SC,A,Renewable Energy,2017-01-01T00:00:00.000Z,"5min, 15min, hourly, daily, monthly, quarterly, yearly","5min, 15min, hourly",Forecasted by Electricity Maps,"24h, 48h, 72h","5min, 15min, hourly"
South Carolina Public Service Authority,US-CAR-SC,A,Carbon Free Energy,2017-01-01T00:00:00.000Z,"5min, 15min, hourly, daily, monthly, quarterly, yearly","5min, 15min, hourly",Forecasted by Electricity Maps,"24h, 48h, 72h","5min, 15min, hourly"
South Carolina Public Service Authority,US-CAR-SC,A,Fossil Only Carbon Intensity,2017-01-01T00:00:00.000Z,"5min, 15min, hourly, daily, monthly, quarterly, yearly","5min, 15min, hourly",Forecasted by Electricity Maps,"24h, 48h, 72h","5min, 15min, hourly"
South Carolina Public Service Authority,US-CAR-SC,A,Carbon Intensity,2017-01-01T00:00:00.000Z,"5min, 15min, hourly, daily, monthly, quarterly, yearly","5min, 15min, hourly",Forecasted by Electricity Maps,"24h, 48h, 72h","5min, 15min, hourly"
South Carolina Public Service Authority,US-CAR-SC,A,Electricity Flows,2017-01-01T00:00:00.000Z,"5min, 15min, hourly, daily, monthly, quarterly, yearly","5min, 15min, hourly",Forecasted by Electricity Maps,"24h, 48h, 72h","5min, 15min, hourly"
South Carolina Public Service Authority,US-CAR-SC,A,Total Load,2017-01-01T00:00:00.000Z,"5min, 15min, hourly, daily, monthly, quarterly, yearly","5min, 15min, hourly",Forecasted by Electricity Maps,"24h, 48h, 72h","5min, 15min, hourly"
South Carolina Public Service Authority,US-CAR-SC,A,Electricity Mix,2017-01-01T00:00:00.000Z,"5min, 15min, hourly, daily, monthly, quarterly, yearly","5min, 15min, hourly",Forecasted by Electricity Maps,"24h, 48h, 72h","5min, 15min, hourly"
South Carolina Public Service Authority,US-CAR-SC,A,Total Reported Load,2018-01-01T00:00:00.000Z,"5min, 15min, hourly","5min, 15min, hourly",Forecasted by Electricity Maps,"24h, 48h, 72h","5min, 15min, hourly"
South Carolina Electric & Gas Company,US-CAR-SCEG,A,Renewable Energy,2017-01-01T00:00:00.000Z,"5min, 15min, hourly, daily, monthly, quarterly, yearly","5min, 15min, hourly",Forecasted by Electricity Maps,"24h, 48h, 72h","5min, 15min, hourly"
South Carolina Electric & Gas Company,US-CAR-SCEG,A,Carbon Free Energy,2017-01-01T00:00:00.000Z,"5min, 15min, hourly, daily, monthly, quarterly, yearly","5min, 15min, hourly",Forecasted by Electricity Maps,"24h, 48h, 72h","5min, 15min, hourly"
South Carolina Electric & Gas Company,US-CAR-SCEG,A,Fossil Only Carbon Intensity,2017-01-01T00:00:00.000Z,"5min, 15min, hourly, daily, monthly, quarterly, yearly","5min, 15min, hourly",Forecasted by Electricity Maps,"24h, 48h, 72h","5min, 15min, hourly"
South Carolina Electric & Gas Company,US-CAR-SCEG,A,Carbon Intensity,2017-01-01T00:00:00.000Z,"5min, 15min, hourly, daily, monthly, quarterly, yearly","5min, 15min, hourly",Forecasted by Electricity Maps,"24h, 48h, 72h","5min, 15min, hourly"
South Carolina Electric & Gas Company,US-CAR-SCEG,A,Electricity Flows,2017-01-01T00:00:00.000Z,"5min, 15min, hourly, daily, monthly, quarterly, yearly","5min, 15min, hourly",Forecasted by Electricity Maps,"24h, 48h, 72h","5min, 15min, hourly"
South Carolina Electric & Gas Company,US-CAR-SCEG,A,Total Load,2017-01-01T00:00:00.000Z,"5min, 15min, hourly, daily, monthly, quarterly, yearly","5min, 15min, hourly",Forecasted by Electricity Maps,"24h, 48h, 72h","5min, 15min, hourly"
South Carolina Electric & Gas Company,US-CAR-SCEG,A,Electricity Mix,2017-01-01T00:00:00.000Z,"5min, 15min, hourly, daily, monthly, quarterly, yearly","5min, 15min, hourly",Forecasted by Electricity Maps,"24h, 48h, 72h","5min, 15min, hourly"
South Carolina Electric & Gas Company,US-CAR-SCEG,A,Total Reported Load,2018-01-01T00:00:00.000Z,"5min, 15min, hourly","5min, 15min, hourly",Forecasted by Electricity Maps,"24h, 48h, 72h","5min, 15min, hourly"
Southwestern Power Administration,US-CENT-SPA,A,Renewable Energy,2017-01-01T00:00:00.000Z,"5min, 15min, hourly, daily, monthly, quarterly, yearly","5min, 15min, hourly",Forecasted by Electricity Maps,"24h, 48h, 72h","5min, 15min, hourly"
Southwestern Power Administration,US-CENT-SPA,A,Carbon Free Energy,2017-01-01T00:00:00.000Z,"5min, 15min, hourly, daily, monthly, quarterly, yearly","5min, 15min, hourly",Forecasted by Electricity Maps,"24h, 48h, 72h","5min, 15min, hourly"
Southwestern Power Administration,US-CENT-SPA,A,Fossil Only Carbon Intensity,2017-01-01T00:00:00.000Z,"5min, 15min, hourly, daily, monthly, quarterly, yearly","5min, 15min, hourly",Forecasted by Electricity Maps,"24h, 48h, 72h","5min, 15min, hourly"
Southwestern Power Administration,US-CENT-SPA,A,Carbon Intensity,2017-01-01T00:00:00.000Z,"5min, 15min, hourly, daily, monthly, quarterly, yearly","5min, 15min, hourly",Forecasted by Electricity Maps,"24h, 48h, 72h","5min, 15min, hourly"
Southwestern Power Administration,US-CENT-SPA,A,Electricity Flows,2017-01-01T00:00:00.000Z,"5min, 15min, hourly, daily, monthly, quarterly, yearly","5min, 15min, hourly",Forecasted by Electricity Maps,"24h, 48h, 72h","5min, 15min, hourly"
Southwestern Power Administration,US-CENT-SPA,A,Total Load,2017-01-01T00:00:00.000Z,"5min, 15min, hourly, daily, monthly, quarterly, yearly","5min, 15min, hourly",Forecasted by Electricity Maps,"24h, 48h, 72h","5min, 15min, hourly"
Southwestern Power Administration,US-CENT-SPA,A,Electricity Mix,2017-01-01T00:00:00.000Z,"5min, 15min, hourly, daily, monthly, quarterly, yearly","5min, 15min, hourly",Forecasted by Electricity Maps,"24h, 48h, 72h","5min, 15min, hourly"
Southwestern Power Administration,US-CENT-SPA,A,Total Reported Load,2018-01-01T00:00:00.000Z,"5min, 15min, hourly","5min, 15min, hourly",Forecasted by Electricity Maps,"24h, 48h, 72h","5min, 15min, hourly"
Duke Energy Florida,US-FLA-FPC,A,Renewable Energy,2017-01-01T00:00:00.000Z,"5min, 15min, hourly, daily, monthly, quarterly, yearly","5min, 15min, hourly",Forecasted by Electricity Maps,"24h, 48h, 72h","5min, 15min, hourly"
Duke Energy Florida,US-FLA-FPC,A,Carbon Free Energy,2017-01-01T00:00:00.000Z,"5min, 15min, hourly, daily, monthly, quarterly, yearly","5min, 15min, hourly",Forecasted by Electricity Maps,"24h, 48h, 72h","5min, 15min, hourly"
Duke Energy Florida,US-FLA-FPC,A,Fossil Only Carbon Intensity,2017-01-01T00:00:00.000Z,"5min, 15min, hourly, daily, monthly, quarterly, yearly","5min, 15min, hourly",Forecasted by Electricity Maps,"24h, 48h, 72h","5min, 15min, hourly"
Duke Energy Florida,US-FLA-FPC,A,Carbon Intensity,2017-01-01T00:00:00.000Z,"5min, 15min, hourly, daily, monthly, quarterly, yearly","5min, 15min, hourly",Forecasted by Electricity Maps,"24h, 48h, 72h","5min, 15min, hourly"
Duke Energy Florida,US-FLA-FPC,A,Electricity Flows,2017-01-01T00:00:00.000Z,"5min, 15min, hourly, daily, monthly, quarterly, yearly","5min, 15min, hourly",Forecasted by Electricity Maps,"24h, 48h, 72h","5min, 15min, hourly"
Duke Energy Florida,US-FLA-FPC,A,Total Load,2017-01-01T00:00:00.000Z,"5min, 15min, hourly, daily, monthly, quarterly, yearly","5min, 15min, hourly",Forecasted by Electricity Maps,"24h, 48h, 72h","5min, 15min, hourly"
Duke Energy Florida,US-FLA-FPC,A,Electricity Mix,2017-01-01T00:00:00.000Z,"5min, 15min, hourly, daily, monthly, quarterly, yearly","5min, 15min, hourly",Forecasted by Electricity Maps,"24h, 48h, 72h","5min, 15min, hourly"
Duke Energy Florida,US-FLA-FPC,A,Total Reported Load,2018-01-01T00:00:00.000Z,"5min, 15min, hourly","5min, 15min, hourly",Forecasted by Electricity Maps,"24h, 48h, 72h","5min, 15min, hourly"
Florida Power and Light Company,US-FLA-FPL,A,Renewable Energy,2017-01-01T00:00:00.000Z,"5min, 15min, hourly, daily, monthly, quarterly, yearly","5min, 15min, hourly",Forecasted by Electricity Maps,"24h, 48h, 72h","5min, 15min, hourly"
Florida Power and Light Company,US-FLA-FPL,A,Carbon Free Energy,2017-01-01T00:00:00.000Z,"5min, 15min, hourly, daily, monthly, quarterly, yearly","5min, 15min, hourly",Forecasted by Electricity Maps,"24h, 48h, 72h","5min, 15min, hourly"
Florida Power and Light Company,US-FLA-FPL,A,Fossil Only Carbon Intensity,2017-01-01T00:00:00.000Z,"5min, 15min, hourly, daily, monthly, quarterly, yearly","5min, 15min, hourly",Forecasted by Electricity Maps,"24h, 48h, 72h","5min, 15min, hourly"
Florida Power and Light Company,US-FLA-FPL,A,Carbon Intensity,2017-01-01T00:00:00.000Z,"5min, 15min, hourly, daily, monthly, quarterly, yearly","5min, 15min, hourly",Forecasted by Electricity Maps,"24h, 48h, 72h","5min, 15min, hourly"
Florida Power and Light Company,US-FLA-FPL,A,Electricity Flows,2017-01-01T00:00:00.000Z,"5min, 15min, hourly, daily, monthly, quarterly, yearly","5min, 15min, hourly",Forecasted by Electricity Maps,"24h, 48h, 72h","5min, 15min, hourly"
Florida Power and Light Company,US-FLA-FPL,A,Total Load,2017-01-01T00:00:00.000Z,"5min, 15min, hourly, daily, monthly, quarterly, yearly","5min, 15min, hourly",Forecasted by Electricity Maps,"24h, 48h, 72h","5min, 15min, hourly"
Florida Power and Light Company,US-FLA-FPL,A,Electricity Mix,2017-01-01T00:00:00.000Z,"5min, 15min, hourly, daily, monthly, quarterly, yearly","5min, 15min, hourly",Forecasted by Electricity Maps,"24h, 48h, 72h","5min, 15min, hourly"
Florida Power and Light Company,US-FLA-FPL,A,Total Reported Load,2018-01-01T00:00:00.000Z,"5min, 15min, hourly","5min, 15min, hourly",Forecasted by Electricity Maps,"24h, 48h, 72h","5min, 15min, hourly"
Gainesville Regional Utilities,US-FLA-GVL,A,Renewable Energy,2017-01-01T00:00:00.000Z,"5min, 15min, hourly, daily, monthly, quarterly, yearly","5min, 15min, hourly",Forecasted by Electricity Maps,"24h, 48h, 72h","5min, 15min, hourly"
Gainesville Regional Utilities,US-FLA-GVL,A,Carbon Free Energy,2017-01-01T00:00:00.000Z,"5min, 15min, hourly, daily, monthly, quarterly, yearly","5min, 15min, hourly",Forecasted by Electricity Maps,"24h, 48h, 72h","5min, 15min, hourly"
Gainesville Regional Utilities,US-FLA-GVL,A,Fossil Only Carbon Intensity,2017-01-01T00:00:00.000Z,"5min, 15min, hourly, daily, monthly, quarterly, yearly","5min, 15min, hourly",Forecasted by Electricity Maps,"24h, 48h, 72h","5min, 15min, hourly"
Gainesville Regional Utilities,US-FLA-GVL,A,Carbon Intensity,2017-01-01T00:00:00.000Z,"5min, 15min, hourly, daily, monthly, quarterly, yearly","5min, 15min, hourly",Forecasted by Electricity Maps,"24h, 48h, 72h","5min, 15min, hourly"
Gainesville Regional Utilities,US-FLA-GVL,A,Electricity Flows,2017-01-01T00:00:00.000Z,"5min, 15min, hourly, daily, monthly, quarterly, yearly","5min, 15min, hourly",Forecasted by Electricity Maps,"24h, 48h, 72h","5min, 15min, hourly"
Gainesville Regional Utilities,US-FLA-GVL,A,Total Load,2017-01-01T00:00:00.000Z,"5min, 15min, hourly, daily, monthly, quarterly, yearly","5min, 15min, hourly",Forecasted by Electricity Maps,"24h, 48h, 72h","5min, 15min, hourly"
Gainesville Regional Utilities,US-FLA-GVL,A,Electricity Mix,2017-01-01T00:00:00.000Z,"5min, 15min, hourly, daily, monthly, quarterly, yearly","5min, 15min, hourly",Forecasted by Electricity Maps,"24h, 48h, 72h","5min, 15min, hourly"
Gainesville Regional Utilities,US-FLA-GVL,A,Total Reported Load,2018-01-01T00:00:00.000Z,"5min, 15min, hourly","5min, 15min, hourly",Forecasted by Electricity Maps,"24h, 48h, 72h","5min, 15min, hourly"
Jacksonville Electric Authority,US-FLA-JEA,A,Renewable Energy,2017-01-01T00:00:00.000Z,"5min, 15min, hourly, daily, monthly, quarterly, yearly","5min, 15min, hourly",Forecasted by Electricity Maps,"24h, 48h, 72h","5min, 15min, hourly"
Jacksonville Electric Authority,US-FLA-JEA,A,Carbon Free Energy,2017-01-01T00:00:00.000Z,"5min, 15min, hourly, daily, monthly, quarterly, yearly","5min, 15min, hourly",Forecasted by Electricity Maps,"24h, 48h, 72h","5min, 15min, hourly"
Jacksonville Electric Authority,US-FLA-JEA,A,Fossil Only Carbon Intensity,2017-01-01T00:00:00.000Z,"5min, 15min, hourly, daily, monthly, quarterly, yearly","5min, 15min, hourly",Forecasted by Electricity Maps,"24h, 48h, 72h","5min, 15min, hourly"
Jacksonville Electric Authority,US-FLA-JEA,A,Carbon Intensity,2017-01-01T00:00:00.000Z,"5min, 15min, hourly, daily, monthly, quarterly, yearly","5min, 15min, hourly",Forecasted by Electricity Maps,"24h, 48h, 72h","5min, 15min, hourly"
Jacksonville Electric Authority,US-FLA-JEA,A,Electricity Flows,2017-01-01T00:00:00.000Z,"5min, 15min, hourly, daily, monthly, quarterly, yearly","5min, 15min, hourly",Forecasted by Electricity Maps,"24h, 48h, 72h","5min, 15min, hourly"
Jacksonville Electric Authority,US-FLA-JEA,A,Total Load,2017-01-01T00:00:00.000Z,"5min, 15min, hourly, daily, monthly, quarterly, yearly","5min, 15min, hourly",Forecasted by Electricity Maps,"24h, 48h, 72h","5min, 15min, hourly"
Jacksonville Electric Authority,US-FLA-JEA,A,Electricity Mix,2017-01-01T00:00:00.000Z,"5min, 15min, hourly, daily, monthly, quarterly, yearly","5min, 15min, hourly",Forecasted by Electricity Maps,"24h, 48h, 72h","5min, 15min, hourly"
Jacksonville Electric Authority,US-FLA-JEA,A,Total Reported Load,2018-01-01T00:00:00.000Z,"5min, 15min, hourly","5min, 15min, hourly",Forecasted by Electricity Maps,"24h, 48h, 72h","5min, 15min, hourly"
Seminole Electric Cooperative,US-FLA-SEC,A,Renewable Energy,2017-01-01T00:00:00.000Z,"5min, 15min, hourly, daily, monthly, quarterly, yearly","5min, 15min, hourly",Forecasted by Electricity Maps,"24h, 48h, 72h","5min, 15min, hourly"
Seminole Electric Cooperative,US-FLA-SEC,A,Carbon Free Energy,2017-01-01T00:00:00.000Z,"5min, 15min, hourly, daily, monthly, quarterly, yearly","5min, 15min, hourly",Forecasted by Electricity Maps,"24h, 48h, 72h","5min, 15min, hourly"
Seminole Electric Cooperative,US-FLA-SEC,A,Fossil Only Carbon Intensity,2017-01-01T00:00:00.000Z,"5min, 15min, hourly, daily, monthly, quarterly, yearly","5min, 15min, hourly",Forecasted by Electricity Maps,"24h, 48h, 72h","5min, 15min, hourly"
Seminole Electric Cooperative,US-FLA-SEC,A,Carbon Intensity,2017-01-01T00:00:00.000Z,"5min, 15min, hourly, daily, monthly, quarterly, yearly","5min, 15min, hourly",Forecasted by Electricity Maps,"24h, 48h, 72h","5min, 15min, hourly"
Seminole Electric Cooperative,US-FLA-SEC,A,Electricity Flows,2017-01-01T00:00:00.000Z,"5min, 15min, hourly, daily, monthly, quarterly, yearly","5min, 15min, hourly",Forecasted by Electricity Maps,"24h, 48h, 72h","5min, 15min, hourly"
Seminole Electric Cooperative,US-FLA-SEC,A,Total Load,2017-01-01T00:00:00.000Z,"5min, 15min, hourly, daily, monthly, quarterly, yearly","5min, 15min, hourly",Forecasted by Electricity Maps,"24h, 48h, 72h","5min, 15min, hourly"
Seminole Electric Cooperative,US-FLA-SEC,A,Electricity Mix,2017-01-01T00:00:00.000Z,"5min, 15min, hourly, daily, monthly, quarterly, yearly","5min, 15min, hourly",Forecasted by Electricity Maps,"24h, 48h, 72h","5min, 15min, hourly"
Seminole Electric Cooperative,US-FLA-SEC,A,Total Reported Load,2018-01-01T00:00:00.000Z,"5min, 15min, hourly","5min, 15min, hourly",Forecasted by Electricity Maps,"24h, 48h, 72h","5min, 15min, hourly"
City of Tallahassee,US-FLA-TAL,A,Renewable Energy,2017-01-01T00:00:00.000Z,"5min, 15min, hourly, daily, monthly, quarterly, yearly","5min, 15min, hourly",Forecasted by Electricity Maps,"24h, 48h, 72h","5min, 15min, hourly"
City of Tallahassee,US-FLA-TAL,A,Carbon Free Energy,2017-01-01T00:00:00.000Z,"5min, 15min, hourly, daily, monthly, quarterly, yearly","5min, 15min, hourly",Forecasted by Electricity Maps,"24h, 48h, 72h","5min, 15min, hourly"
City of Tallahassee,US-FLA-TAL,A,Fossil Only Carbon Intensity,2017-01-01T00:00:00.000Z,"5min, 15min, hourly, daily, monthly, quarterly, yearly","5min, 15min, hourly",Forecasted by Electricity Maps,"24h, 48h, 72h","5min, 15min, hourly"
City of Tallahassee,US-FLA-TAL,A,Carbon Intensity,2017-01-01T00:00:00.000Z,"5min, 15min, hourly, daily, monthly, quarterly, yearly","5min, 15min, hourly",Forecasted by Electricity Maps,"24h, 48h, 72h","5min, 15min, hourly"
City of Tallahassee,US-FLA-TAL,A,Electricity Flows,2017-01-01T00:00:00.000Z,"5min, 15min, hourly, daily, monthly, quarterly, yearly","5min, 15min, hourly",Forecasted by Electricity Maps,"24h, 48h, 72h","5min, 15min, hourly"
City of Tallahassee,US-FLA-TAL,A,Total Load,2017-01-01T00:00:00.000Z,"5min, 15min, hourly, daily, monthly, quarterly, yearly","5min, 15min, hourly",Forecasted by Electricity Maps,"24h, 48h, 72h","5min, 15min, hourly"
City of Tallahassee,US-FLA-TAL,A,Electricity Mix,2017-01-01T00:00:00.000Z,"5min, 15min, hourly, daily, monthly, quarterly, yearly","5min, 15min, hourly",Forecasted by Electricity Maps,"24h, 48h, 72h","5min, 15min, hourly"
City of Tallahassee,US-FLA-TAL,A,Total Reported Load,2018-01-01T00:00:00.000Z,"5min, 15min, hourly","5min, 15min, hourly",Forecasted by Electricity Maps,"24h, 48h, 72h","5min, 15min, hourly"
Tampa Electric Company,US-FLA-TEC,A,Renewable Energy,2017-01-01T00:00:00.000Z,"5min, 15min, hourly, daily, monthly, quarterly, yearly","5min, 15min, hourly",Forecasted by Electricity Maps,"24h, 48h, 72h","5min, 15min, hourly"
Tampa Electric Company,US-FLA-TEC,A,Carbon Free Energy,2017-01-01T00:00:00.000Z,"5min, 15min, hourly, daily, monthly, quarterly, yearly","5min, 15min, hourly",Forecasted by Electricity Maps,"24h, 48h, 72h","5min, 15min, hourly"
Tampa Electric Company,US-FLA-TEC,A,Fossil Only Carbon Intensity,2017-01-01T00:00:00.000Z,"5min, 15min, hourly, daily, monthly, quarterly, yearly","5min, 15min, hourly",Forecasted by Electricity Maps,"24h, 48h, 72h","5min, 15min, hourly"
Tampa Electric Company,US-FLA-TEC,A,Carbon Intensity,2017-01-01T00:00:00.000Z,"5min, 15min, hourly, daily, monthly, quarterly, yearly","5min, 15min, hourly",Forecasted by Electricity Maps,"24h, 48h, 72h","5min, 15min, hourly"
Tampa Electric Company,US-FLA-TEC,A,Electricity Flows,2017-01-01T00:00:00.000Z,"5min, 15min, hourly, daily, monthly, quarterly, yearly","5min, 15min, hourly",Forecasted by Electricity Maps,"24h, 48h, 72h","5min, 15min, hourly"
Tampa Electric Company,US-FLA-TEC,A,Total Load,2017-01-01T00:00:00.000Z,"5min, 15min, hourly, daily, monthly, quarterly, yearly","5min, 15min, hourly",Forecasted by Electricity Maps,"24h, 48h, 72h","5min, 15min, hourly"
Tampa Electric Company,US-FLA-TEC,A,Electricity Mix,2017-01-01T00:00:00.000Z,"5min, 15min, hourly, daily, monthly, quarterly, yearly","5min, 15min, hourly",Forecasted by Electricity Maps,"24h, 48h, 72h","5min, 15min, hourly"
Tampa Electric Company,US-FLA-TEC,A,Total Reported Load,2018-01-01T00:00:00.000Z,"5min, 15min, hourly","5min, 15min, hourly",Forecasted by Electricity Maps,"24h, 48h, 72h","5min, 15min, hourly"
Hawaii,US-HI,C,Renewable Energy,2017-01-01T00:00:00.000Z,"5min, 15min, hourly, daily, monthly, quarterly, yearly","5min, 15min, hourly",Forecasted by Electricity Maps,"24h, 48h, 72h","5min, 15min, hourly"
Hawaii,US-HI,C,Carbon Free Energy,2017-01-01T00:00:00.000Z,"5min, 15min, hourly, daily, monthly, quarterly, yearly","5min, 15min, hourly",Forecasted by Electricity Maps,"24h, 48h, 72h","5min, 15min, hourly"
Hawaii,US-HI,C,Fossil Only Carbon Intensity,2017-01-01T00:00:00.000Z,"5min, 15min, hourly, daily, monthly, quarterly, yearly","5min, 15min, hourly",Forecasted by Electricity Maps,"24h, 48h, 72h","5min, 15min, hourly"
Hawaii,US-HI,C,Carbon Intensity,2017-01-01T00:00:00.000Z,"5min, 15min, hourly, daily, monthly, quarterly, yearly","5min, 15min, hourly",Forecasted by Electricity Maps,"24h, 48h, 72h","5min, 15min, hourly"
Hawaii,US-HI,C,Electricity Flows,2017-01-01T00:00:00.000Z,"5min, 15min, hourly, daily, monthly, quarterly, yearly","5min, 15min, hourly",Forecasted by Electricity Maps,"24h, 48h, 72h","5min, 15min, hourly"
Hawaii,US-HI,C,Total Load,2017-01-01T00:00:00.000Z,"5min, 15min, hourly, daily, monthly, quarterly, yearly","5min, 15min, hourly",Forecasted by Electricity Maps,"24h, 48h, 72h","5min, 15min, hourly"
Hawaii,US-HI,C,Electricity Mix,2017-01-01T00:00:00.000Z,"5min, 15min, hourly, daily, monthly, quarterly, yearly","5min, 15min, hourly",Forecasted by Electricity Maps,"24h, 48h, 72h","5min, 15min, hourly"
Associated Electric Cooperative,US-MIDW-AECI,A,Renewable Energy,2017-01-01T00:00:00.000Z,"5min, 15min, hourly, daily, monthly, quarterly, yearly","5min, 15min, hourly",Forecasted by Electricity Maps,"24h, 48h, 72h","5min, 15min, hourly"
Associated Electric Cooperative,US-MIDW-AECI,A,Carbon Free Energy,2017-01-01T00:00:00.000Z,"5min, 15min, hourly, daily, monthly, quarterly, yearly","5min, 15min, hourly",Forecasted by Electricity Maps,"24h, 48h, 72h","5min, 15min, hourly"
Associated Electric Cooperative,US-MIDW-AECI,A,Fossil Only Carbon Intensity,2017-01-01T00:00:00.000Z,"5min, 15min, hourly, daily, monthly, quarterly, yearly","5min, 15min, hourly",Forecasted by Electricity Maps,"24h, 48h, 72h","5min, 15min, hourly"
Associated Electric Cooperative,US-MIDW-AECI,A,Carbon Intensity,2017-01-01T00:00:00.000Z,"5min, 15min, hourly, daily, monthly, quarterly, yearly","5min, 15min, hourly",Forecasted by Electricity Maps,"24h, 48h, 72h","5min, 15min, hourly"
Associated Electric Cooperative,US-MIDW-AECI,A,Electricity Flows,2017-01-01T00:00:00.000Z,"5min, 15min, hourly, daily, monthly, quarterly, yearly","5min, 15min, hourly",Forecasted by Electricity Maps,"24h, 48h, 72h","5min, 15min, hourly"
Associated Electric Cooperative,US-MIDW-AECI,A,Total Load,2017-01-01T00:00:00.000Z,"5min, 15min, hourly, daily, monthly, quarterly, yearly","5min, 15min, hourly",Forecasted by Electricity Maps,"24h, 48h, 72h","5min, 15min, hourly"
Associated Electric Cooperative,US-MIDW-AECI,A,Electricity Mix,2017-01-01T00:00:00.000Z,"5min, 15min, hourly, daily, monthly, quarterly, yearly","5min, 15min, hourly",Forecasted by Electricity Maps,"24h, 48h, 72h","5min, 15min, hourly"
Associated Electric Cooperative,US-MIDW-AECI,A,Total Reported Load,2018-01-01T00:00:00.000Z,"5min, 15min, hourly","5min, 15min, hourly",Forecasted by Electricity Maps,"24h, 48h, 72h","5min, 15min, hourly"
Louisville Gas and Electric Company and Kentucky Utilities,US-MIDW-LGEE,A,Renewable Energy,2017-01-01T00:00:00.000Z,"5min, 15min, hourly, daily, monthly, quarterly, yearly","5min, 15min, hourly",Forecasted by Electricity Maps,"24h, 48h, 72h","5min, 15min, hourly"
Louisville Gas and Electric Company and Kentucky Utilities,US-MIDW-LGEE,A,Carbon Free Energy,2017-01-01T00:00:00.000Z,"5min, 15min, hourly, daily, monthly, quarterly, yearly","5min, 15min, hourly",Forecasted by Electricity Maps,"24h, 48h, 72h","5min, 15min, hourly"
Louisville Gas and Electric Company and Kentucky Utilities,US-MIDW-LGEE,A,Fossil Only Carbon Intensity,2017-01-01T00:00:00.000Z,"5min, 15min, hourly, daily, monthly, quarterly, yearly","5min, 15min, hourly",Forecasted by Electricity Maps,"24h, 48h, 72h","5min, 15min, hourly"
Louisville Gas and Electric Company and Kentucky Utilities,US-MIDW-LGEE,A,Carbon Intensity,2017-01-01T00:00:00.000Z,"5min, 15min, hourly, daily, monthly, quarterly, yearly","5min, 15min, hourly",Forecasted by Electricity Maps,"24h, 48h, 72h","5min, 15min, hourly"
Louisville Gas and Electric Company and Kentucky Utilities,US-MIDW-LGEE,A,Electricity Flows,2017-01-01T00:00:00.000Z,"5min, 15min, hourly, daily, monthly, quarterly, yearly","5min, 15min, hourly",Forecasted by Electricity Maps,"24h, 48h, 72h","5min, 15min, hourly"
Louisville Gas and Electric Company and Kentucky Utilities,US-MIDW-LGEE,A,Total Load,2017-01-01T00:00:00.000Z,"5min, 15min, hourly, daily, monthly, quarterly, yearly","5min, 15min, hourly",Forecasted by Electricity Maps,"24h, 48h, 72h","5min, 15min, hourly"
Louisville Gas and Electric Company and Kentucky Utilities,US-MIDW-LGEE,A,Electricity Mix,2017-01-01T00:00:00.000Z,"5min, 15min, hourly, daily, monthly, quarterly, yearly","5min, 15min, hourly",Forecasted by Electricity Maps,"24h, 48h, 72h","5min, 15min, hourly"
Louisville Gas and Electric Company and Kentucky Utilities,US-MIDW-LGEE,A,Total Reported Load,2018-01-01T00:00:00.000Z,"5min, 15min, hourly","5min, 15min, hourly",Forecasted by Electricity Maps,"24h, 48h, 72h","5min, 15min, hourly"
Avista Corporation,US-NW-AVA,A,Renewable Energy,2017-01-01T00:00:00.000Z,"5min, 15min, hourly, daily, monthly, quarterly, yearly","5min, 15min, hourly",Forecasted by Electricity Maps,"24h, 48h, 72h","5min, 15min, hourly"
Avista Corporation,US-NW-AVA,A,Carbon Free Energy,2017-01-01T00:00:00.000Z,"5min, 15min, hourly, daily, monthly, quarterly, yearly","5min, 15min, hourly",Forecasted by Electricity Maps,"24h, 48h, 72h","5min, 15min, hourly"
Avista Corporation,US-NW-AVA,A,Fossil Only Carbon Intensity,2017-01-01T00:00:00.000Z,"5min, 15min, hourly, daily, monthly, quarterly, yearly","5min, 15min, hourly",Forecasted by Electricity Maps,"24h, 48h, 72h","5min, 15min, hourly"
Avista Corporation,US-NW-AVA,A,Carbon Intensity,2017-01-01T00:00:00.000Z,"5min, 15min, hourly, daily, monthly, quarterly, yearly","5min, 15min, hourly",Forecasted by Electricity Maps,"24h, 48h, 72h","5min, 15min, hourly"
Avista Corporation,US-NW-AVA,A,Electricity Flows,2017-01-01T00:00:00.000Z,"5min, 15min, hourly, daily, monthly, quarterly, yearly","5min, 15min, hourly",Forecasted by Electricity Maps,"24h, 48h, 72h","5min, 15min, hourly"
Avista Corporation,US-NW-AVA,A,Total Load,2017-01-01T00:00:00.000Z,"5min, 15min, hourly, daily, monthly, quarterly, yearly","5min, 15min, hourly",Forecasted by Electricity Maps,"24h, 48h, 72h","5min, 15min, hourly"
Avista Corporation,US-NW-AVA,A,Electricity Mix,2017-01-01T00:00:00.000Z,"5min, 15min, hourly, daily, monthly, quarterly, yearly","5min, 15min, hourly",Forecasted by Electricity Maps,"24h, 48h, 72h","5min, 15min, hourly"
Avista Corporation,US-NW-AVA,A,Total Reported Load,2018-01-01T00:00:00.000Z,"5min, 15min, hourly","5min, 15min, hourly",Forecasted by Electricity Maps,"24h, 48h, 72h","5min, 15min, hourly"
Bonneville Power Administration,US-NW-BPAT,A,Renewable Energy,2017-01-01T00:00:00.000Z,"5min, 15min, hourly, daily, monthly, quarterly, yearly","5min, 15min, hourly",Forecasted by Electricity Maps,"24h, 48h, 72h","5min, 15min, hourly"
Bonneville Power Administration,US-NW-BPAT,A,Carbon Free Energy,2017-01-01T00:00:00.000Z,"5min, 15min, hourly, daily, monthly, quarterly, yearly","5min, 15min, hourly",Forecasted by Electricity Maps,"24h, 48h, 72h","5min, 15min, hourly"
Bonneville Power Administration,US-NW-BPAT,A,Fossil Only Carbon Intensity,2017-01-01T00:00:00.000Z,"5min, 15min, hourly, daily, monthly, quarterly, yearly","5min, 15min, hourly",Forecasted by Electricity Maps,"24h, 48h, 72h","5min, 15min, hourly"
Bonneville Power Administration,US-NW-BPAT,A,Carbon Intensity,2017-01-01T00:00:00.000Z,"5min, 15min, hourly, daily, monthly, quarterly, yearly","5min, 15min, hourly",Forecasted by Electricity Maps,"24h, 48h, 72h","5min, 15min, hourly"
Bonneville Power Administration,US-NW-BPAT,A,Electricity Flows,2017-01-01T00:00:00.000Z,"5min, 15min, hourly, daily, monthly, quarterly, yearly","5min, 15min, hourly",Forecasted by Electricity Maps,"24h, 48h, 72h","5min, 15min, hourly"
Bonneville Power Administration,US-NW-BPAT,A,Total Load,2017-01-01T00:00:00.000Z,"5min, 15min, hourly, daily, monthly, quarterly, yearly","5min, 15min, hourly",Forecasted by Electricity Maps,"24h, 48h, 72h","5min, 15min, hourly"
Bonneville Power Administration,US-NW-BPAT,A,Electricity Mix,2017-01-01T00:00:00.000Z,"5min, 15min, hourly, daily, monthly, quarterly, yearly","5min, 15min, hourly",Forecasted by Electricity Maps,"24h, 48h, 72h","5min, 15min, hourly"
Bonneville Power Administration,US-NW-BPAT,A,Total Reported Load,2018-01-01T00:00:00.000Z,"5min, 15min, hourly","5min, 15min, hourly",Forecasted by Electricity Maps,"24h, 48h, 72h","5min, 15min, hourly"
Chelan County,US-NW-CHPD,A,Renewable Energy,2017-01-01T00:00:00.000Z,"5min, 15min, hourly, daily, monthly, quarterly, yearly","5min, 15min, hourly",Forecasted by Electricity Maps,"24h, 48h, 72h","5min, 15min, hourly"
Chelan County,US-NW-CHPD,A,Carbon Free Energy,2017-01-01T00:00:00.000Z,"5min, 15min, hourly, daily, monthly, quarterly, yearly","5min, 15min, hourly",Forecasted by Electricity Maps,"24h, 48h, 72h","5min, 15min, hourly"
Chelan County,US-NW-CHPD,A,Fossil Only Carbon Intensity,2017-01-01T00:00:00.000Z,"5min, 15min, hourly, daily, monthly, quarterly, yearly","5min, 15min, hourly",Forecasted by Electricity Maps,"24h, 48h, 72h","5min, 15min, hourly"
Chelan County,US-NW-CHPD,A,Carbon Intensity,2017-01-01T00:00:00.000Z,"5min, 15min, hourly, daily, monthly, quarterly, yearly","5min, 15min, hourly",Forecasted by Electricity Maps,"24h, 48h, 72h","5min, 15min, hourly"
Chelan County,US-NW-CHPD,A,Electricity Flows,2017-01-01T00:00:00.000Z,"5min, 15min, hourly, daily, monthly, quarterly, yearly","5min, 15min, hourly",Forecasted by Electricity Maps,"24h, 48h, 72h","5min, 15min, hourly"
Chelan County,US-NW-CHPD,A,Total Load,2017-01-01T00:00:00.000Z,"5min, 15min, hourly, daily, monthly, quarterly, yearly","5min, 15min, hourly",Forecasted by Electricity Maps,"24h, 48h, 72h","5min, 15min, hourly"
Chelan County,US-NW-CHPD,A,Electricity Mix,2017-01-01T00:00:00.000Z,"5min, 15min, hourly, daily, monthly, quarterly, yearly","5min, 15min, hourly",Forecasted by Electricity Maps,"24h, 48h, 72h","5min, 15min, hourly"
Chelan County,US-NW-CHPD,A,Total Reported Load,2018-01-01T00:00:00.000Z,"5min, 15min, hourly","5min, 15min, hourly",Forecasted by Electricity Maps,"24h, 48h, 72h","5min, 15min, hourly"
Douglas County,US-NW-DOPD,A,Renewable Energy,2017-01-01T00:00:00.000Z,"5min, 15min, hourly, daily, monthly, quarterly, yearly","5min, 15min, hourly",Forecasted by Electricity Maps,"24h, 48h, 72h","5min, 15min, hourly"
Douglas County,US-NW-DOPD,A,Carbon Free Energy,2017-01-01T00:00:00.000Z,"5min, 15min, hourly, daily, monthly, quarterly, yearly","5min, 15min, hourly",Forecasted by Electricity Maps,"24h, 48h, 72h","5min, 15min, hourly"
Douglas County,US-NW-DOPD,A,Fossil Only Carbon Intensity,2017-01-01T00:00:00.000Z,"5min, 15min, hourly, daily, monthly, quarterly, yearly","5min, 15min, hourly",Forecasted by Electricity Maps,"24h, 48h, 72h","5min, 15min, hourly"
Douglas County,US-NW-DOPD,A,Carbon Intensity,2017-01-01T00:00:00.000Z,"5min, 15min, hourly, daily, monthly, quarterly, yearly","5min, 15min, hourly",Forecasted by Electricity Maps,"24h, 48h, 72h","5min, 15min, hourly"
Douglas County,US-NW-DOPD,A,Electricity Flows,2017-01-01T00:00:00.000Z,"5min, 15min, hourly, daily, monthly, quarterly, yearly","5min, 15min, hourly",Forecasted by Electricity Maps,"24h, 48h, 72h","5min, 15min, hourly"
Douglas County,US-NW-DOPD,A,Total Load,2017-01-01T00:00:00.000Z,"5min, 15min, hourly, daily, monthly, quarterly, yearly","5min, 15min, hourly",Forecasted by Electricity Maps,"24h, 48h, 72h","5min, 15min, hourly"
Douglas County,US-NW-DOPD,A,Electricity Mix,2017-01-01T00:00:00.000Z,"5min, 15min, hourly, daily, monthly, quarterly, yearly","5min, 15min, hourly",Forecasted by Electricity Maps,"24h, 48h, 72h","5min, 15min, hourly"
Douglas County,US-NW-DOPD,A,Total Reported Load,2018-01-01T00:00:00.000Z,"5min, 15min, hourly","5min, 15min, hourly",Forecasted by Electricity Maps,"24h, 48h, 72h","5min, 15min, hourly"
Grant County,US-NW-GCPD,A,Renewable Energy,2017-01-01T00:00:00.000Z,"5min, 15min, hourly, daily, monthly, quarterly, yearly","5min, 15min, hourly",Forecasted by Electricity Maps,"24h, 48h, 72h","5min, 15min, hourly"
Grant County,US-NW-GCPD,A,Carbon Free Energy,2017-01-01T00:00:00.000Z,"5min, 15min, hourly, daily, monthly, quarterly, yearly","5min, 15min, hourly",Forecasted by Electricity Maps,"24h, 48h, 72h","5min, 15min, hourly"
Grant County,US-NW-GCPD,A,Fossil Only Carbon Intensity,2017-01-01T00:00:00.000Z,"5min, 15min, hourly, daily, monthly, quarterly, yearly","5min, 15min, hourly",Forecasted by Electricity Maps,"24h, 48h, 72h","5min, 15min, hourly"
Grant County,US-NW-GCPD,A,Carbon Intensity,2017-01-01T00:00:00.000Z,"5min, 15min, hourly, daily, monthly, quarterly, yearly","5min, 15min, hourly",Forecasted by Electricity Maps,"24h, 48h, 72h","5min, 15min, hourly"
Grant County,US-NW-GCPD,A,Electricity Flows,2017-01-01T00:00:00.000Z,"5min, 15min, hourly, daily, monthly, quarterly, yearly","5min, 15min, hourly",Forecasted by Electricity Maps,"24h, 48h, 72h","5min, 15min, hourly"
Grant County,US-NW-GCPD,A,Total Load,2017-01-01T00:00:00.000Z,"5min, 15min, hourly, daily, monthly, quarterly, yearly","5min, 15min, hourly",Forecasted by Electricity Maps,"24h, 48h, 72h","5min, 15min, hourly"
Grant County,US-NW-GCPD,A,Electricity Mix,2017-01-01T00:00:00.000Z,"5min, 15min, hourly, daily, monthly, quarterly, yearly","5min, 15min, hourly",Forecasted by Electricity Maps,"24h, 48h, 72h","5min, 15min, hourly"
Grant County,US-NW-GCPD,A,Total Reported Load,2018-01-01T00:00:00.000Z,"5min, 15min, hourly","5min, 15min, hourly",Forecasted by Electricity Maps,"24h, 48h, 72h","5min, 15min, hourly"
Idaho Power Company,US-NW-IPCO,A,Renewable Energy,2017-01-01T00:00:00.000Z,"5min, 15min, hourly, daily, monthly, quarterly, yearly","5min, 15min, hourly",Forecasted by Electricity Maps,"24h, 48h, 72h","5min, 15min, hourly"
Idaho Power Company,US-NW-IPCO,A,Carbon Free Energy,2017-01-01T00:00:00.000Z,"5min, 15min, hourly, daily, monthly, quarterly, yearly","5min, 15min, hourly",Forecasted by Electricity Maps,"24h, 48h, 72h","5min, 15min, hourly"
Idaho Power Company,US-NW-IPCO,A,Fossil Only Carbon Intensity,2017-01-01T00:00:00.000Z,"5min, 15min, hourly, daily, monthly, quarterly, yearly","5min, 15min, hourly",Forecasted by Electricity Maps,"24h, 48h, 72h","5min, 15min, hourly"
Idaho Power Company,US-NW-IPCO,A,Carbon Intensity,2017-01-01T00:00:00.000Z,"5min, 15min, hourly, daily, monthly, quarterly, yearly","5min, 15min, hourly",Forecasted by Electricity Maps,"24h, 48h, 72h","5min, 15min, hourly"
Idaho Power Company,US-NW-IPCO,A,Electricity Flows,2017-01-01T00:00:00.000Z,"5min, 15min, hourly, daily, monthly, quarterly, yearly","5min, 15min, hourly",Forecasted by Electricity Maps,"24h, 48h, 72h","5min, 15min, hourly"
Idaho Power Company,US-NW-IPCO,A,Total Load,2017-01-01T00:00:00.000Z,"5min, 15min, hourly, daily, monthly, quarterly, yearly","5min, 15min, hourly",Forecasted by Electricity Maps,"24h, 48h, 72h","5min, 15min, hourly"
Idaho Power Company,US-NW-IPCO,A,Electricity Mix,2017-01-01T00:00:00.000Z,"5min, 15min, hourly, daily, monthly, quarterly, yearly","5min, 15min, hourly",Forecasted by Electricity Maps,"24h, 48h, 72h","5min, 15min, hourly"
Idaho Power Company,US-NW-IPCO,A,Total Reported Load,2018-01-01T00:00:00.000Z,"5min, 15min, hourly","5min, 15min, hourly",Forecasted by Electricity Maps,"24h, 48h, 72h","5min, 15min, hourly"
Nevada Power Company,US-NW-NEVP,A,Renewable Energy,2017-01-01T00:00:00.000Z,"5min, 15min, hourly, daily, monthly, quarterly, yearly","5min, 15min, hourly",Forecasted by Electricity Maps,"24h, 48h, 72h","5min, 15min, hourly"
Nevada Power Company,US-NW-NEVP,A,Carbon Free Energy,2017-01-01T00:00:00.000Z,"5min, 15min, hourly, daily, monthly, quarterly, yearly","5min, 15min, hourly",Forecasted by Electricity Maps,"24h, 48h, 72h","5min, 15min, hourly"
Nevada Power Company,US-NW-NEVP,A,Fossil Only Carbon Intensity,2017-01-01T00:00:00.000Z,"5min, 15min, hourly, daily, monthly, quarterly, yearly","5min, 15min, hourly",Forecasted by Electricity Maps,"24h, 48h, 72h","5min, 15min, hourly"
Nevada Power Company,US-NW-NEVP,A,Carbon Intensity,2017-01-01T00:00:00.000Z,"5min, 15min, hourly, daily, monthly, quarterly, yearly","5min, 15min, hourly",Forecasted by Electricity Maps,"24h, 48h, 72h","5min, 15min, hourly"
Nevada Power Company,US-NW-NEVP,A,Electricity Flows,2017-01-01T00:00:00.000Z,"5min, 15min, hourly, daily, monthly, quarterly, yearly","5min, 15min, hourly",Forecasted by Electricity Maps,"24h, 48h, 72h","5min, 15min, hourly"
Nevada Power Company,US-NW-NEVP,A,Total Load,2017-01-01T00:00:00.000Z,"5min, 15min, hourly, daily, monthly, quarterly, yearly","5min, 15min, hourly",Forecasted by Electricity Maps,"24h, 48h, 72h","5min, 15min, hourly"
Nevada Power Company,US-NW-NEVP,A,Electricity Mix,2017-01-01T00:00:00.000Z,"5min, 15min, hourly, daily, monthly, quarterly, yearly","5min, 15min, hourly",Forecasted by Electricity Maps,"24h, 48h, 72h","5min, 15min, hourly"
Nevada Power Company,US-NW-NEVP,A,Total Reported Load,2018-01-01T00:00:00.000Z,"5min, 15min, hourly","5min, 15min, hourly",Forecasted by Electricity Maps,"24h, 48h, 72h","5min, 15min, hourly"
Northwestern Energy,US-NW-NWMT,A,Renewable Energy,2017-01-01T00:00:00.000Z,"5min, 15min, hourly, daily, monthly, quarterly, yearly","5min, 15min, hourly",Forecasted by Electricity Maps,"24h, 48h, 72h","5min, 15min, hourly"
Northwestern Energy,US-NW-NWMT,A,Carbon Free Energy,2017-01-01T00:00:00.000Z,"5min, 15min, hourly, daily, monthly, quarterly, yearly","5min, 15min, hourly",Forecasted by Electricity Maps,"24h, 48h, 72h","5min, 15min, hourly"
Northwestern Energy,US-NW-NWMT,A,Fossil Only Carbon Intensity,2017-01-01T00:00:00.000Z,"5min, 15min, hourly, daily, monthly, quarterly, yearly","5min, 15min, hourly",Forecasted by Electricity Maps,"24h, 48h, 72h","5min, 15min, hourly"
Northwestern Energy,US-NW-NWMT,A,Carbon Intensity,2017-01-01T00:00:00.000Z,"5min, 15min, hourly, daily, monthly, quarterly, yearly","5min, 15min, hourly",Forecasted by Electricity Maps,"24h, 48h, 72h","5min, 15min, hourly"
Northwestern Energy,US-NW-NWMT,A,Electricity Flows,2017-01-01T00:00:00.000Z,"5min, 15min, hourly, daily, monthly, quarterly, yearly","5min, 15min, hourly",Forecasted by Electricity Maps,"24h, 48h, 72h","5min, 15min, hourly"
Northwestern Energy,US-NW-NWMT,A,Total Load,2017-01-01T00:00:00.000Z,"5min, 15min, hourly, daily, monthly, quarterly, yearly","5min, 15min, hourly",Forecasted by Electricity Maps,"24h, 48h, 72h","5min, 15min, hourly"
Northwestern Energy,US-NW-NWMT,A,Electricity Mix,2017-01-01T00:00:00.000Z,"5min, 15min, hourly, daily, monthly, quarterly, yearly","5min, 15min, hourly",Forecasted by Electricity Maps,"24h, 48h, 72h","5min, 15min, hourly"
Northwestern Energy,US-NW-NWMT,A,Total Reported Load,2018-01-01T00:00:00.000Z,"5min, 15min, hourly","5min, 15min, hourly",Forecasted by Electricity Maps,"24h, 48h, 72h","5min, 15min, hourly"
Pacificorp East,US-NW-PACE,A,Renewable Energy,2017-01-01T00:00:00.000Z,"5min, 15min, hourly, daily, monthly, quarterly, yearly","5min, 15min, hourly",Forecasted by Electricity Maps,"24h, 48h, 72h","5min, 15min, hourly"
Pacificorp East,US-NW-PACE,A,Carbon Free Energy,2017-01-01T00:00:00.000Z,"5min, 15min, hourly, daily, monthly, quarterly, yearly","5min, 15min, hourly",Forecasted by Electricity Maps,"24h, 48h, 72h","5min, 15min, hourly"
Pacificorp East,US-NW-PACE,A,Fossil Only Carbon Intensity,2017-01-01T00:00:00.000Z,"5min, 15min, hourly, daily, monthly, quarterly, yearly","5min, 15min, hourly",Forecasted by Electricity Maps,"24h, 48h, 72h","5min, 15min, hourly"
Pacificorp East,US-NW-PACE,A,Carbon Intensity,2017-01-01T00:00:00.000Z,"5min, 15min, hourly, daily, monthly, quarterly, yearly","5min, 15min, hourly",Forecasted by Electricity Maps,"24h, 48h, 72h","5min, 15min, hourly"
Pacificorp East,US-NW-PACE,A,Electricity Flows,2017-01-01T00:00:00.000Z,"5min, 15min, hourly, daily, monthly, quarterly, yearly","5min, 15min, hourly",Forecasted by Electricity Maps,"24h, 48h, 72h","5min, 15min, hourly"
Pacificorp East,US-NW-PACE,A,Total Load,2017-01-01T00:00:00.000Z,"5min, 15min, hourly, daily, monthly, quarterly, yearly","5min, 15min, hourly",Forecasted by Electricity Maps,"24h, 48h, 72h","5min, 15min, hourly"
Pacificorp East,US-NW-PACE,A,Electricity Mix,2017-01-01T00:00:00.000Z,"5min, 15min, hourly, daily, monthly, quarterly, yearly","5min, 15min, hourly",Forecasted by Electricity Maps,"24h, 48h, 72h","5min, 15min, hourly"
Pacificorp East,US-NW-PACE,A,Total Reported Load,2018-01-01T00:00:00.000Z,"5min, 15min, hourly","5min, 15min, hourly",Forecasted by Electricity Maps,"24h, 48h, 72h","5min, 15min, hourly"
City of Homestead,US-FLA-HST,A,Renewable Energy,2017-01-01T00:00:00.000Z,"5min, 15min, hourly, daily, monthly, quarterly, yearly","5min, 15min, hourly",Forecasted by Electricity Maps,"24h, 48h, 72h","5min, 15min, hourly"
City of Homestead,US-FLA-HST,A,Carbon Free Energy,2017-01-01T00:00:00.000Z,"5min, 15min, hourly, daily, monthly, quarterly, yearly","5min, 15min, hourly",Forecasted by Electricity Maps,"24h, 48h, 72h","5min, 15min, hourly"
City of Homestead,US-FLA-HST,A,Fossil Only Carbon Intensity,2017-01-01T00:00:00.000Z,"5min, 15min, hourly, daily, monthly, quarterly, yearly","5min, 15min, hourly",Forecasted by Electricity Maps,"24h, 48h, 72h","5min, 15min, hourly"
City of Homestead,US-FLA-HST,A,Carbon Intensity,2017-01-01T00:00:00.000Z,"5min, 15min, hourly, daily, monthly, quarterly, yearly","5min, 15min, hourly",Forecasted by Electricity Maps,"24h, 48h, 72h","5min, 15min, hourly"
City of Homestead,US-FLA-HST,A,Electricity Flows,2017-01-01T00:00:00.000Z,"5min, 15min, hourly, daily, monthly, quarterly, yearly","5min, 15min, hourly",Forecasted by Electricity Maps,"24h, 48h, 72h","5min, 15min, hourly"
City of Homestead,US-FLA-HST,A,Total Load,2017-01-01T00:00:00.000Z,"5min, 15min, hourly, daily, monthly, quarterly, yearly","5min, 15min, hourly",Forecasted by Electricity Maps,"24h, 48h, 72h","5min, 15min, hourly"
City of Homestead,US-FLA-HST,A,Electricity Mix,2017-01-01T00:00:00.000Z,"5min, 15min, hourly, daily, monthly, quarterly, yearly","5min, 15min, hourly",Forecasted by Electricity Maps,"24h, 48h, 72h","5min, 15min, hourly"
City of Homestead,US-FLA-HST,A,Total Reported Load,2018-01-01T00:00:00.000Z,"5min, 15min, hourly","5min, 15min, hourly",Forecasted by Electricity Maps,"24h, 48h, 72h","5min, 15min, hourly"
Portland General Electric Company,US-NW-PGE,A,Renewable Energy,2017-01-01T00:00:00.000Z,"5min, 15min, hourly, daily, monthly, quarterly, yearly","5min, 15min, hourly",Forecasted by Electricity Maps,"24h, 48h, 72h","5min, 15min, hourly"
Portland General Electric Company,US-NW-PGE,A,Carbon Free Energy,2017-01-01T00:00:00.000Z,"5min, 15min, hourly, daily, monthly, quarterly, yearly","5min, 15min, hourly",Forecasted by Electricity Maps,"24h, 48h, 72h","5min, 15min, hourly"
Portland General Electric Company,US-NW-PGE,A,Fossil Only Carbon Intensity,2017-01-01T00:00:00.000Z,"5min, 15min, hourly, daily, monthly, quarterly, yearly","5min, 15min, hourly",Forecasted by Electricity Maps,"24h, 48h, 72h","5min, 15min, hourly"
Portland General Electric Company,US-NW-PGE,A,Carbon Intensity,2017-01-01T00:00:00.000Z,"5min, 15min, hourly, daily, monthly, quarterly, yearly","5min, 15min, hourly",Forecasted by Electricity Maps,"24h, 48h, 72h","5min, 15min, hourly"
Portland General Electric Company,US-NW-PGE,A,Electricity Flows,2017-01-01T00:00:00.000Z,"5min, 15min, hourly, daily, monthly, quarterly, yearly","5min, 15min, hourly",Forecasted by Electricity Maps,"24h, 48h, 72h","5min, 15min, hourly"
Portland General Electric Company,US-NW-PGE,A,Total Load,2017-01-01T00:00:00.000Z,"5min, 15min, hourly, daily, monthly, quarterly, yearly","5min, 15min, hourly",Forecasted by Electricity Maps,"24h, 48h, 72h","5min, 15min, hourly"
Portland General Electric Company,US-NW-PGE,A,Electricity Mix,2017-01-01T00:00:00.000Z,"5min, 15min, hourly, daily, monthly, quarterly, yearly","5min, 15min, hourly",Forecasted by Electricity Maps,"24h, 48h, 72h","5min, 15min, hourly"
Portland General Electric Company,US-NW-PGE,A,Total Reported Load,2018-01-01T00:00:00.000Z,"5min, 15min, hourly","5min, 15min, hourly",Forecasted by Electricity Maps,"24h, 48h, 72h","5min, 15min, hourly"
Public Service Company of Colorado,US-NW-PSCO,A,Renewable Energy,2017-01-01T00:00:00.000Z,"5min, 15min, hourly, daily, monthly, quarterly, yearly","5min, 15min, hourly",Forecasted by Electricity Maps,"24h, 48h, 72h","5min, 15min, hourly"
Public Service Company of Colorado,US-NW-PSCO,A,Carbon Free Energy,2017-01-01T00:00:00.000Z,"5min, 15min, hourly, daily, monthly, quarterly, yearly","5min, 15min, hourly",Forecasted by Electricity Maps,"24h, 48h, 72h","5min, 15min, hourly"
Public Service Company of Colorado,US-NW-PSCO,A,Fossil Only Carbon Intensity,2017-01-01T00:00:00.000Z,"5min, 15min, hourly, daily, monthly, quarterly, yearly","5min, 15min, hourly",Forecasted by Electricity Maps,"24h, 48h, 72h","5min, 15min, hourly"
Public Service Company of Colorado,US-NW-PSCO,A,Carbon Intensity,2017-01-01T00:00:00.000Z,"5min, 15min, hourly, daily, monthly, quarterly, yearly","5min, 15min, hourly",Forecasted by Electricity Maps,"24h, 48h, 72h","5min, 15min, hourly"
Public Service Company of Colorado,US-NW-PSCO,A,Electricity Flows,2017-01-01T00:00:00.000Z,"5min, 15min, hourly, daily, monthly, quarterly, yearly","5min, 15min, hourly",Forecasted by Electricity Maps,"24h, 48h, 72h","5min, 15min, hourly"
Public Service Company of Colorado,US-NW-PSCO,A,Total Load,2017-01-01T00:00:00.000Z,"5min, 15min, hourly, daily, monthly, quarterly, yearly","5min, 15min, hourly",Forecasted by Electricity Maps,"24h, 48h, 72h","5min, 15min, hourly"
Public Service Company of Colorado,US-NW-PSCO,A,Electricity Mix,2017-01-01T00:00:00.000Z,"5min, 15min, hourly, daily, monthly, quarterly, yearly","5min, 15min, hourly",Forecasted by Electricity Maps,"24h, 48h, 72h","5min, 15min, hourly"
Public Service Company of Colorado,US-NW-PSCO,A,Total Reported Load,2018-01-01T00:00:00.000Z,"5min, 15min, hourly","5min, 15min, hourly",Forecasted by Electricity Maps,"24h, 48h, 72h","5min, 15min, hourly"
Puget Sound Energy,US-NW-PSEI,A,Renewable Energy,2017-01-01T00:00:00.000Z,"5min, 15min, hourly, daily, monthly, quarterly, yearly","5min, 15min, hourly",Forecasted by Electricity Maps,"24h, 48h, 72h","5min, 15min, hourly"
Puget Sound Energy,US-NW-PSEI,A,Carbon Free Energy,2017-01-01T00:00:00.000Z,"5min, 15min, hourly, daily, monthly, quarterly, yearly","5min, 15min, hourly",Forecasted by Electricity Maps,"24h, 48h, 72h","5min, 15min, hourly"
Puget Sound Energy,US-NW-PSEI,A,Fossil Only Carbon Intensity,2017-01-01T00:00:00.000Z,"5min, 15min, hourly, daily, monthly, quarterly, yearly","5min, 15min, hourly",Forecasted by Electricity Maps,"24h, 48h, 72h","5min, 15min, hourly"
Puget Sound Energy,US-NW-PSEI,A,Carbon Intensity,2017-01-01T00:00:00.000Z,"5min, 15min, hourly, daily, monthly, quarterly, yearly","5min, 15min, hourly",Forecasted by Electricity Maps,"24h, 48h, 72h","5min, 15min, hourly"
Puget Sound Energy,US-NW-PSEI,A,Electricity Flows,2017-01-01T00:00:00.000Z,"5min, 15min, hourly, daily, monthly, quarterly, yearly","5min, 15min, hourly",Forecasted by Electricity Maps,"24h, 48h, 72h","5min, 15min, hourly"
Puget Sound Energy,US-NW-PSEI,A,Total Load,2017-01-01T00:00:00.000Z,"5min, 15min, hourly, daily, monthly, quarterly, yearly","5min, 15min, hourly",Forecasted by Electricity Maps,"24h, 48h, 72h","5min, 15min, hourly"
Puget Sound Energy,US-NW-PSEI,A,Electricity Mix,2017-01-01T00:00:00.000Z,"5min, 15min, hourly, daily, monthly, quarterly, yearly","5min, 15min, hourly",Forecasted by Electricity Maps,"24h, 48h, 72h","5min, 15min, hourly"
Puget Sound Energy,US-NW-PSEI,A,Total Reported Load,2018-01-01T00:00:00.000Z,"5min, 15min, hourly","5min, 15min, hourly",Forecasted by Electricity Maps,"24h, 48h, 72h","5min, 15min, hourly"
Seattle City Light,US-NW-SCL,A,Renewable Energy,2017-01-01T00:00:00.000Z,"5min, 15min, hourly, daily, monthly, quarterly, yearly","5min, 15min, hourly",Forecasted by Electricity Maps,"24h, 48h, 72h","5min, 15min, hourly"
Seattle City Light,US-NW-SCL,A,Carbon Free Energy,2017-01-01T00:00:00.000Z,"5min, 15min, hourly, daily, monthly, quarterly, yearly","5min, 15min, hourly",Forecasted by Electricity Maps,"24h, 48h, 72h","5min, 15min, hourly"
Seattle City Light,US-NW-SCL,A,Fossil Only Carbon Intensity,2017-01-01T00:00:00.000Z,"5min, 15min, hourly, daily, monthly, quarterly, yearly","5min, 15min, hourly",Forecasted by Electricity Maps,"24h, 48h, 72h","5min, 15min, hourly"
Seattle City Light,US-NW-SCL,A,Carbon Intensity,2017-01-01T00:00:00.000Z,"5min, 15min, hourly, daily, monthly, quarterly, yearly","5min, 15min, hourly",Forecasted by Electricity Maps,"24h, 48h, 72h","5min, 15min, hourly"
Seattle City Light,US-NW-SCL,A,Electricity Flows,2017-01-01T00:00:00.000Z,"5min, 15min, hourly, daily, monthly, quarterly, yearly","5min, 15min, hourly",Forecasted by Electricity Maps,"24h, 48h, 72h","5min, 15min, hourly"
Seattle City Light,US-NW-SCL,A,Total Load,2017-01-01T00:00:00.000Z,"5min, 15min, hourly, daily, monthly, quarterly, yearly","5min, 15min, hourly",Forecasted by Electricity Maps,"24h, 48h, 72h","5min, 15min, hourly"
Seattle City Light,US-NW-SCL,A,Electricity Mix,2017-01-01T00:00:00.000Z,"5min, 15min, hourly, daily, monthly, quarterly, yearly","5min, 15min, hourly",Forecasted by Electricity Maps,"24h, 48h, 72h","5min, 15min, hourly"
Seattle City Light,US-NW-SCL,A,Total Reported Load,2018-01-01T00:00:00.000Z,"5min, 15min, hourly","5min, 15min, hourly",Forecasted by Electricity Maps,"24h, 48h, 72h","5min, 15min, hourly"
City of Tacoma,US-NW-TPWR,A,Renewable Energy,2017-01-01T00:00:00.000Z,"5min, 15min, hourly, daily, monthly, quarterly, yearly","5min, 15min, hourly",Forecasted by Electricity Maps,"24h, 48h, 72h","5min, 15min, hourly"
City of Tacoma,US-NW-TPWR,A,Carbon Free Energy,2017-01-01T00:00:00.000Z,"5min, 15min, hourly, daily, monthly, quarterly, yearly","5min, 15min, hourly",Forecasted by Electricity Maps,"24h, 48h, 72h","5min, 15min, hourly"
City of Tacoma,US-NW-TPWR,A,Fossil Only Carbon Intensity,2017-01-01T00:00:00.000Z,"5min, 15min, hourly, daily, monthly, quarterly, yearly","5min, 15min, hourly",Forecasted by Electricity Maps,"24h, 48h, 72h","5min, 15min, hourly"
City of Tacoma,US-NW-TPWR,A,Carbon Intensity,2017-01-01T00:00:00.000Z,"5min, 15min, hourly, daily, monthly, quarterly, yearly","5min, 15min, hourly",Forecasted by Electricity Maps,"24h, 48h, 72h","5min, 15min, hourly"
City of Tacoma,US-NW-TPWR,A,Electricity Flows,2017-01-01T00:00:00.000Z,"5min, 15min, hourly, daily, monthly, quarterly, yearly","5min, 15min, hourly",Forecasted by Electricity Maps,"24h, 48h, 72h","5min, 15min, hourly"
City of Tacoma,US-NW-TPWR,A,Total Load,2017-01-01T00:00:00.000Z,"5min, 15min, hourly, daily, monthly, quarterly, yearly","5min, 15min, hourly",Forecasted by Electricity Maps,"24h, 48h, 72h","5min, 15min, hourly"
City of Tacoma,US-NW-TPWR,A,Electricity Mix,2017-01-01T00:00:00.000Z,"5min, 15min, hourly, daily, monthly, quarterly, yearly","5min, 15min, hourly",Forecasted by Electricity Maps,"24h, 48h, 72h","5min, 15min, hourly"
City of Tacoma,US-NW-TPWR,A,Total Reported Load,2018-01-01T00:00:00.000Z,"5min, 15min, hourly","5min, 15min, hourly",Forecasted by Electricity Maps,"24h, 48h, 72h","5min, 15min, hourly"
Western Area Power Administration - Rocky Mountain Region,US-NW-WACM,A,Renewable Energy,2017-01-01T00:00:00.000Z,"5min, 15min, hourly, daily, monthly, quarterly, yearly","5min, 15min, hourly",Forecasted by Electricity Maps,"24h, 48h, 72h","5min, 15min, hourly"
Western Area Power Administration - Rocky Mountain Region,US-NW-WACM,A,Carbon Free Energy,2017-01-01T00:00:00.000Z,"5min, 15min, hourly, daily, monthly, quarterly, yearly","5min, 15min, hourly",Forecasted by Electricity Maps,"24h, 48h, 72h","5min, 15min, hourly"
Western Area Power Administration - Rocky Mountain Region,US-NW-WACM,A,Fossil Only Carbon Intensity,2017-01-01T00:00:00.000Z,"5min, 15min, hourly, daily, monthly, quarterly, yearly","5min, 15min, hourly",Forecasted by Electricity Maps,"24h, 48h, 72h","5min, 15min, hourly"
Western Area Power Administration - Rocky Mountain Region,US-NW-WACM,A,Carbon Intensity,2017-01-01T00:00:00.000Z,"5min, 15min, hourly, daily, monthly, quarterly, yearly","5min, 15min, hourly",Forecasted by Electricity Maps,"24h, 48h, 72h","5min, 15min, hourly"
Western Area Power Administration - Rocky Mountain Region,US-NW-WACM,A,Electricity Flows,2017-01-01T00:00:00.000Z,"5min, 15min, hourly, daily, monthly, quarterly, yearly","5min, 15min, hourly",Forecasted by Electricity Maps,"24h, 48h, 72h","5min, 15min, hourly"
Western Area Power Administration - Rocky Mountain Region,US-NW-WACM,A,Total Load,2017-01-01T00:00:00.000Z,"5min, 15min, hourly, daily, monthly, quarterly, yearly","5min, 15min, hourly",Forecasted by Electricity Maps,"24h, 48h, 72h","5min, 15min, hourly"
Western Area Power Administration - Rocky Mountain Region,US-NW-WACM,A,Electricity Mix,2017-01-01T00:00:00.000Z,"5min, 15min, hourly, daily, monthly, quarterly, yearly","5min, 15min, hourly",Forecasted by Electricity Maps,"24h, 48h, 72h","5min, 15min, hourly"
Western Area Power Administration - Rocky Mountain Region,US-NW-WACM,A,Total Reported Load,2018-01-01T00:00:00.000Z,"5min, 15min, hourly","5min, 15min, hourly",Forecasted by Electricity Maps,"24h, 48h, 72h","5min, 15min, hourly"
Western Area Power Administration - Upper Great Plains West,US-NW-WAUW,A,Renewable Energy,2017-01-01T00:00:00.000Z,"5min, 15min, hourly, daily, monthly, quarterly, yearly","5min, 15min, hourly",Forecasted by Electricity Maps,"24h, 48h, 72h","5min, 15min, hourly"
Western Area Power Administration - Upper Great Plains West,US-NW-WAUW,A,Carbon Free Energy,2017-01-01T00:00:00.000Z,"5min, 15min, hourly, daily, monthly, quarterly, yearly","5min, 15min, hourly",Forecasted by Electricity Maps,"24h, 48h, 72h","5min, 15min, hourly"
Western Area Power Administration - Upper Great Plains West,US-NW-WAUW,A,Fossil Only Carbon Intensity,2017-01-01T00:00:00.000Z,"5min, 15min, hourly, daily, monthly, quarterly, yearly","5min, 15min, hourly",Forecasted by Electricity Maps,"24h, 48h, 72h","5min, 15min, hourly"
Western Area Power Administration - Upper Great Plains West,US-NW-WAUW,A,Carbon Intensity,2017-01-01T00:00:00.000Z,"5min, 15min, hourly, daily, monthly, quarterly, yearly","5min, 15min, hourly",Forecasted by Electricity Maps,"24h, 48h, 72h","5min, 15min, hourly"
Western Area Power Administration - Upper Great Plains West,US-NW-WAUW,A,Electricity Flows,2017-01-01T00:00:00.000Z,"5min, 15min, hourly, daily, monthly, quarterly, yearly","5min, 15min, hourly",Forecasted by Electricity Maps,"24h, 48h, 72h","5min, 15min, hourly"
Western Area Power Administration - Upper Great Plains West,US-NW-WAUW,A,Total Load,2017-01-01T00:00:00.000Z,"5min, 15min, hourly, daily, monthly, quarterly, yearly","5min, 15min, hourly",Forecasted by Electricity Maps,"24h, 48h, 72h","5min, 15min, hourly"
Western Area Power Administration - Upper Great Plains West,US-NW-WAUW,A,Electricity Mix,2017-01-01T00:00:00.000Z,"5min, 15min, hourly, daily, monthly, quarterly, yearly","5min, 15min, hourly",Forecasted by Electricity Maps,"24h, 48h, 72h","5min, 15min, hourly"
Western Area Power Administration - Upper Great Plains West,US-NW-WAUW,A,Total Reported Load,2018-01-01T00:00:00.000Z,"5min, 15min, hourly","5min, 15min, hourly",Forecasted by Electricity Maps,"24h, 48h, 72h","5min, 15min, hourly"
Southern Company Services,US-SE-SOCO,A,Renewable Energy,2017-01-01T00:00:00.000Z,"5min, 15min, hourly, daily, monthly, quarterly, yearly","5min, 15min, hourly",Forecasted by Electricity Maps,"24h, 48h, 72h","5min, 15min, hourly"
Southern Company Services,US-SE-SOCO,A,Carbon Free Energy,2017-01-01T00:00:00.000Z,"5min, 15min, hourly, daily, monthly, quarterly, yearly","5min, 15min, hourly",Forecasted by Electricity Maps,"24h, 48h, 72h","5min, 15min, hourly"
Southern Company Services,US-SE-SOCO,A,Fossil Only Carbon Intensity,2017-01-01T00:00:00.000Z,"5min, 15min, hourly, daily, monthly, quarterly, yearly","5min, 15min, hourly",Forecasted by Electricity Maps,"24h, 48h, 72h","5min, 15min, hourly"
Southern Company Services,US-SE-SOCO,A,Carbon Intensity,2017-01-01T00:00:00.000Z,"5min, 15min, hourly, daily, monthly, quarterly, yearly","5min, 15min, hourly",Forecasted by Electricity Maps,"24h, 48h, 72h","5min, 15min, hourly"
Southern Company Services,US-SE-SOCO,A,Electricity Flows,2017-01-01T00:00:00.000Z,"5min, 15min, hourly, daily, monthly, quarterly, yearly","5min, 15min, hourly",Forecasted by Electricity Maps,"24h, 48h, 72h","5min, 15min, hourly"
Southern Company Services,US-SE-SOCO,A,Total Load,2017-01-01T00:00:00.000Z,"5min, 15min, hourly, daily, monthly, quarterly, yearly","5min, 15min, hourly",Forecasted by Electricity Maps,"24h, 48h, 72h","5min, 15min, hourly"
Southern Company Services,US-SE-SOCO,A,Electricity Mix,2017-01-01T00:00:00.000Z,"5min, 15min, hourly, daily, monthly, quarterly, yearly","5min, 15min, hourly",Forecasted by Electricity Maps,"24h, 48h, 72h","5min, 15min, hourly"
Southern Company Services,US-SE-SOCO,A,Total Reported Load,2018-01-01T00:00:00.000Z,"5min, 15min, hourly","5min, 15min, hourly",Forecasted by Electricity Maps,"24h, 48h, 72h","5min, 15min, hourly"
El Paso Electric Company,US-SW-EPE,A,Renewable Energy,2017-01-01T00:00:00.000Z,"5min, 15min, hourly, daily, monthly, quarterly, yearly","5min, 15min, hourly",Forecasted by Electricity Maps,"24h, 48h, 72h","5min, 15min, hourly"
El Paso Electric Company,US-SW-EPE,A,Carbon Free Energy,2017-01-01T00:00:00.000Z,"5min, 15min, hourly, daily, monthly, quarterly, yearly","5min, 15min, hourly",Forecasted by Electricity Maps,"24h, 48h, 72h","5min, 15min, hourly"
El Paso Electric Company,US-SW-EPE,A,Fossil Only Carbon Intensity,2017-01-01T00:00:00.000Z,"5min, 15min, hourly, daily, monthly, quarterly, yearly","5min, 15min, hourly",Forecasted by Electricity Maps,"24h, 48h, 72h","5min, 15min, hourly"
El Paso Electric Company,US-SW-EPE,A,Carbon Intensity,2017-01-01T00:00:00.000Z,"5min, 15min, hourly, daily, monthly, quarterly, yearly","5min, 15min, hourly",Forecasted by Electricity Maps,"24h, 48h, 72h","5min, 15min, hourly"
El Paso Electric Company,US-SW-EPE,A,Electricity Flows,2017-01-01T00:00:00.000Z,"5min, 15min, hourly, daily, monthly, quarterly, yearly","5min, 15min, hourly",Forecasted by Electricity Maps,"24h, 48h, 72h","5min, 15min, hourly"
El Paso Electric Company,US-SW-EPE,A,Total Load,2017-01-01T00:00:00.000Z,"5min, 15min, hourly, daily, monthly, quarterly, yearly","5min, 15min, hourly",Forecasted by Electricity Maps,"24h, 48h, 72h","5min, 15min, hourly"
El Paso Electric Company,US-SW-EPE,A,Electricity Mix,2017-01-01T00:00:00.000Z,"5min, 15min, hourly, daily, monthly, quarterly, yearly","5min, 15min, hourly",Forecasted by Electricity Maps,"24h, 48h, 72h","5min, 15min, hourly"
El Paso Electric Company,US-SW-EPE,A,Total Reported Load,2018-01-01T00:00:00.000Z,"5min, 15min, hourly","5min, 15min, hourly",Forecasted by Electricity Maps,"24h, 48h, 72h","5min, 15min, hourly"
Public Service Company of New Mexico,US-SW-PNM,A,Renewable Energy,2017-01-01T00:00:00.000Z,"5min, 15min, hourly, daily, monthly, quarterly, yearly","5min, 15min, hourly",Forecasted by Electricity Maps,"24h, 48h, 72h","5min, 15min, hourly"
Public Service Company of New Mexico,US-SW-PNM,A,Carbon Free Energy,2017-01-01T00:00:00.000Z,"5min, 15min, hourly, daily, monthly, quarterly, yearly","5min, 15min, hourly",Forecasted by Electricity Maps,"24h, 48h, 72h","5min, 15min, hourly"
Public Service Company of New Mexico,US-SW-PNM,A,Fossil Only Carbon Intensity,2017-01-01T00:00:00.000Z,"5min, 15min, hourly, daily, monthly, quarterly, yearly","5min, 15min, hourly",Forecasted by Electricity Maps,"24h, 48h, 72h","5min, 15min, hourly"
Public Service Company of New Mexico,US-SW-PNM,A,Carbon Intensity,2017-01-01T00:00:00.000Z,"5min, 15min, hourly, daily, monthly, quarterly, yearly","5min, 15min, hourly",Forecasted by Electricity Maps,"24h, 48h, 72h","5min, 15min, hourly"
Public Service Company of New Mexico,US-SW-PNM,A,Electricity Flows,2017-01-01T00:00:00.000Z,"5min, 15min, hourly, daily, monthly, quarterly, yearly","5min, 15min, hourly",Forecasted by Electricity Maps,"24h, 48h, 72h","5min, 15min, hourly"
Public Service Company of New Mexico,US-SW-PNM,A,Total Load,2017-01-01T00:00:00.000Z,"5min, 15min, hourly, daily, monthly, quarterly, yearly","5min, 15min, hourly",Forecasted by Electricity Maps,"24h, 48h, 72h","5min, 15min, hourly"
Public Service Company of New Mexico,US-SW-PNM,A,Electricity Mix,2017-01-01T00:00:00.000Z,"5min, 15min, hourly, daily, monthly, quarterly, yearly","5min, 15min, hourly",Forecasted by Electricity Maps,"24h, 48h, 72h","5min, 15min, hourly"
Public Service Company of New Mexico,US-SW-PNM,A,Total Reported Load,2018-01-01T00:00:00.000Z,"5min, 15min, hourly","5min, 15min, hourly",Forecasted by Electricity Maps,"24h, 48h, 72h","5min, 15min, hourly"
Salt River Project,US-SW-SRP,A,Renewable Energy,2017-01-01T00:00:00.000Z,"5min, 15min, hourly, daily, monthly, quarterly, yearly","5min, 15min, hourly",Forecasted by Electricity Maps,"24h, 48h, 72h","5min, 15min, hourly"
Salt River Project,US-SW-SRP,A,Carbon Free Energy,2017-01-01T00:00:00.000Z,"5min, 15min, hourly, daily, monthly, quarterly, yearly","5min, 15min, hourly",Forecasted by Electricity Maps,"24h, 48h, 72h","5min, 15min, hourly"
Salt River Project,US-SW-SRP,A,Fossil Only Carbon Intensity,2017-01-01T00:00:00.000Z,"5min, 15min, hourly, daily, monthly, quarterly, yearly","5min, 15min, hourly",Forecasted by Electricity Maps,"24h, 48h, 72h","5min, 15min, hourly"
Salt River Project,US-SW-SRP,A,Carbon Intensity,2017-01-01T00:00:00.000Z,"5min, 15min, hourly, daily, monthly, quarterly, yearly","5min, 15min, hourly",Forecasted by Electricity Maps,"24h, 48h, 72h","5min, 15min, hourly"
Salt River Project,US-SW-SRP,A,Electricity Flows,2017-01-01T00:00:00.000Z,"5min, 15min, hourly, daily, monthly, quarterly, yearly","5min, 15min, hourly",Forecasted by Electricity Maps,"24h, 48h, 72h","5min, 15min, hourly"
Salt River Project,US-SW-SRP,A,Total Load,2017-01-01T00:00:00.000Z,"5min, 15min, hourly, daily, monthly, quarterly, yearly","5min, 15min, hourly",Forecasted by Electricity Maps,"24h, 48h, 72h","5min, 15min, hourly"
Salt River Project,US-SW-SRP,A,Electricity Mix,2017-01-01T00:00:00.000Z,"5min, 15min, hourly, daily, monthly, quarterly, yearly","5min, 15min, hourly",Forecasted by Electricity Maps,"24h, 48h, 72h","5min, 15min, hourly"
Salt River Project,US-SW-SRP,A,Total Reported Load,2018-01-01T00:00:00.000Z,"5min, 15min, hourly","5min, 15min, hourly",Forecasted by Electricity Maps,"24h, 48h, 72h","5min, 15min, hourly"
Tucson Electric Power Company,US-SW-TEPC,A,Renewable Energy,2017-01-01T00:00:00.000Z,"5min, 15min, hourly, daily, monthly, quarterly, yearly","5min, 15min, hourly",Forecasted by Electricity Maps,"24h, 48h, 72h","5min, 15min, hourly"
Tucson Electric Power Company,US-SW-TEPC,A,Carbon Free Energy,2017-01-01T00:00:00.000Z,"5min, 15min, hourly, daily, monthly, quarterly, yearly","5min, 15min, hourly",Forecasted by Electricity Maps,"24h, 48h, 72h","5min, 15min, hourly"
Tucson Electric Power Company,US-SW-TEPC,A,Fossil Only Carbon Intensity,2017-01-01T00:00:00.000Z,"5min, 15min, hourly, daily, monthly, quarterly, yearly","5min, 15min, hourly",Forecasted by Electricity Maps,"24h, 48h, 72h","5min, 15min, hourly"
Tucson Electric Power Company,US-SW-TEPC,A,Carbon Intensity,2017-01-01T00:00:00.000Z,"5min, 15min, hourly, daily, monthly, quarterly, yearly","5min, 15min, hourly",Forecasted by Electricity Maps,"24h, 48h, 72h","5min, 15min, hourly"
Tucson Electric Power Company,US-SW-TEPC,A,Electricity Flows,2017-01-01T00:00:00.000Z,"5min, 15min, hourly, daily, monthly, quarterly, yearly","5min, 15min, hourly",Forecasted by Electricity Maps,"24h, 48h, 72h","5min, 15min, hourly"
Tucson Electric Power Company,US-SW-TEPC,A,Total Load,2017-01-01T00:00:00.000Z,"5min, 15min, hourly, daily, monthly, quarterly, yearly","5min, 15min, hourly",Forecasted by Electricity Maps,"24h, 48h, 72h","5min, 15min, hourly"
Tucson Electric Power Company,US-SW-TEPC,A,Electricity Mix,2017-01-01T00:00:00.000Z,"5min, 15min, hourly, daily, monthly, quarterly, yearly","5min, 15min, hourly",Forecasted by Electricity Maps,"24h, 48h, 72h","5min, 15min, hourly"
Tucson Electric Power Company,US-SW-TEPC,A,Total Reported Load,2018-01-01T00:00:00.000Z,"5min, 15min, hourly","5min, 15min, hourly",Forecasted by Electricity Maps,"24h, 48h, 72h","5min, 15min, hourly"
Western Area Power Administration - Desert Southwest Region,US-SW-WALC,A,Renewable Energy,2017-01-01T00:00:00.000Z,"5min, 15min, hourly, daily, monthly, quarterly, yearly","5min, 15min, hourly",Forecasted by Electricity Maps,"24h, 48h, 72h","5min, 15min, hourly"
Western Area Power Administration - Desert Southwest Region,US-SW-WALC,A,Carbon Free Energy,2017-01-01T00:00:00.000Z,"5min, 15min, hourly, daily, monthly, quarterly, yearly","5min, 15min, hourly",Forecasted by Electricity Maps,"24h, 48h, 72h","5min, 15min, hourly"
Western Area Power Administration - Desert Southwest Region,US-SW-WALC,A,Fossil Only Carbon Intensity,2017-01-01T00:00:00.000Z,"5min, 15min, hourly, daily, monthly, quarterly, yearly","5min, 15min, hourly",Forecasted by Electricity Maps,"24h, 48h, 72h","5min, 15min, hourly"
Western Area Power Administration - Desert Southwest Region,US-SW-WALC,A,Carbon Intensity,2017-01-01T00:00:00.000Z,"5min, 15min, hourly, daily, monthly, quarterly, yearly","5min, 15min, hourly",Forecasted by Electricity Maps,"24h, 48h, 72h","5min, 15min, hourly"
Western Area Power Administration - Desert Southwest Region,US-SW-WALC,A,Electricity Flows,2017-01-01T00:00:00.000Z,"5min, 15min, hourly, daily, monthly, quarterly, yearly","5min, 15min, hourly",Forecasted by Electricity Maps,"24h, 48h, 72h","5min, 15min, hourly"
Western Area Power Administration - Desert Southwest Region,US-SW-WALC,A,Total Load,2017-01-01T00:00:00.000Z,"5min, 15min, hourly, daily, monthly, quarterly, yearly","5min, 15min, hourly",Forecasted by Electricity Maps,"24h, 48h, 72h","5min, 15min, hourly"
Western Area Power Administration - Desert Southwest Region,US-SW-WALC,A,Electricity Mix,2017-01-01T00:00:00.000Z,"5min, 15min, hourly, daily, monthly, quarterly, yearly","5min, 15min, hourly",Forecasted by Electricity Maps,"24h, 48h, 72h","5min, 15min, hourly"
Western Area Power Administration - Desert Southwest Region,US-SW-WALC,A,Total Reported Load,2018-01-01T00:00:00.000Z,"5min, 15min, hourly","5min, 15min, hourly",Forecasted by Electricity Maps,"24h, 48h, 72h","5min, 15min, hourly"
Tennessee Valley Authority,US-TEN-TVA,A,Renewable Energy,2017-01-01T00:00:00.000Z,"5min, 15min, hourly, daily, monthly, quarterly, yearly","5min, 15min, hourly",Forecasted by Electricity Maps,"24h, 48h, 72h","5min, 15min, hourly"
Tennessee Valley Authority,US-TEN-TVA,A,Carbon Free Energy,2017-01-01T00:00:00.000Z,"5min, 15min, hourly, daily, monthly, quarterly, yearly","5min, 15min, hourly",Forecasted by Electricity Maps,"24h, 48h, 72h","5min, 15min, hourly"
Tennessee Valley Authority,US-TEN-TVA,A,Fossil Only Carbon Intensity,2017-01-01T00:00:00.000Z,"5min, 15min, hourly, daily, monthly, quarterly, yearly","5min, 15min, hourly",Forecasted by Electricity Maps,"24h, 48h, 72h","5min, 15min, hourly"
Tennessee Valley Authority,US-TEN-TVA,A,Carbon Intensity,2017-01-01T00:00:00.000Z,"5min, 15min, hourly, daily, monthly, quarterly, yearly","5min, 15min, hourly",Forecasted by Electricity Maps,"24h, 48h, 72h","5min, 15min, hourly"
Tennessee Valley Authority,US-TEN-TVA,A,Electricity Flows,2017-01-01T00:00:00.000Z,"5min, 15min, hourly, daily, monthly, quarterly, yearly","5min, 15min, hourly",Forecasted by Electricity Maps,"24h, 48h, 72h","5min, 15min, hourly"
Tennessee Valley Authority,US-TEN-TVA,A,Total Load,2017-01-01T00:00:00.000Z,"5min, 15min, hourly, daily, monthly, quarterly, yearly","5min, 15min, hourly",Forecasted by Electricity Maps,"24h, 48h, 72h","5min, 15min, hourly"
Tennessee Valley Authority,US-TEN-TVA,A,Electricity Mix,2017-01-01T00:00:00.000Z,"5min, 15min, hourly, daily, monthly, quarterly, yearly","5min, 15min, hourly",Forecasted by Electricity Maps,"24h, 48h, 72h","5min, 15min, hourly"
Tennessee Valley Authority,US-TEN-TVA,A,Total Reported Load,2018-01-01T00:00:00.000Z,"5min, 15min, hourly","5min, 15min, hourly",Forecasted by Electricity Maps,"24h, 48h, 72h","5min, 15min, hourly"
"Alcoa Power Generating, Inc. Yadkin Division",US-CAR-YAD,A,Renewable Energy,2017-01-01T00:00:00.000Z,"5min, 15min, hourly, daily, monthly, quarterly, yearly","5min, 15min, hourly",Forecasted by Electricity Maps,"24h, 48h, 72h","5min, 15min, hourly"
"Alcoa Power Generating, Inc. Yadkin Division",US-CAR-YAD,A,Carbon Free Energy,2017-01-01T00:00:00.000Z,"5min, 15min, hourly, daily, monthly, quarterly, yearly","5min, 15min, hourly",Forecasted by Electricity Maps,"24h, 48h, 72h","5min, 15min, hourly"
"Alcoa Power Generating, Inc. Yadkin Division",US-CAR-YAD,A,Fossil Only Carbon Intensity,2017-01-01T00:00:00.000Z,"5min, 15min, hourly, daily, monthly, quarterly, yearly","5min, 15min, hourly",Forecasted by Electricity Maps,"24h, 48h, 72h","5min, 15min, hourly"
"Alcoa Power Generating, Inc. Yadkin Division",US-CAR-YAD,A,Carbon Intensity,2017-01-01T00:00:00.000Z,"5min, 15min, hourly, daily, monthly, quarterly, yearly","5min, 15min, hourly",Forecasted by Electricity Maps,"24h, 48h, 72h","5min, 15min, hourly"
"Alcoa Power Generating, Inc. Yadkin Division",US-CAR-YAD,A,Electricity Flows,2017-01-01T00:00:00.000Z,"5min, 15min, hourly, daily, monthly, quarterly, yearly","5min, 15min, hourly",Forecasted by Electricity Maps,"24h, 48h, 72h","5min, 15min, hourly"
"Alcoa Power Generating, Inc. Yadkin Division",US-CAR-YAD,A,Total Load,2017-01-01T00:00:00.000Z,"5min, 15min, hourly, daily, monthly, quarterly, yearly","5min, 15min, hourly",Forecasted by Electricity Maps,"24h, 48h, 72h","5min, 15min, hourly"
"Alcoa Power Generating, Inc. Yadkin Division",US-CAR-YAD,A,Electricity Mix,2017-01-01T00:00:00.000Z,"5min, 15min, hourly, daily, monthly, quarterly, yearly","5min, 15min, hourly",Forecasted by Electricity Maps,"24h, 48h, 72h","5min, 15min, hourly"
Gridforce Energy Management,US-NW-GRID,A,Renewable Energy,2017-01-01T00:00:00.000Z,"5min, 15min, hourly, daily, monthly, quarterly, yearly","5min, 15min, hourly",Forecasted by Electricity Maps,"24h, 48h, 72h","5min, 15min, hourly"
Gridforce Energy Management,US-NW-GRID,A,Carbon Free Energy,2017-01-01T00:00:00.000Z,"5min, 15min, hourly, daily, monthly, quarterly, yearly","5min, 15min, hourly",Forecasted by Electricity Maps,"24h, 48h, 72h","5min, 15min, hourly"
Gridforce Energy Management,US-NW-GRID,A,Fossil Only Carbon Intensity,2017-01-01T00:00:00.000Z,"5min, 15min, hourly, daily, monthly, quarterly, yearly","5min, 15min, hourly",Forecasted by Electricity Maps,"24h, 48h, 72h","5min, 15min, hourly"
Gridforce Energy Management,US-NW-GRID,A,Carbon Intensity,2017-01-01T00:00:00.000Z,"5min, 15min, hourly, daily, monthly, quarterly, yearly","5min, 15min, hourly",Forecasted by Electricity Maps,"24h, 48h, 72h","5min, 15min, hourly"
Gridforce Energy Management,US-NW-GRID,A,Electricity Flows,2017-01-01T00:00:00.000Z,"5min, 15min, hourly, daily, monthly, quarterly, yearly","5min, 15min, hourly",Forecasted by Electricity Maps,"24h, 48h, 72h","5min, 15min, hourly"
Gridforce Energy Management,US-NW-GRID,A,Total Load,2017-01-01T00:00:00.000Z,"5min, 15min, hourly, daily, monthly, quarterly, yearly","5min, 15min, hourly",Forecasted by Electricity Maps,"24h, 48h, 72h","5min, 15min, hourly"
Gridforce Energy Management,US-NW-GRID,A,Electricity Mix,2017-01-01T00:00:00.000Z,"5min, 15min, hourly, daily, monthly, quarterly, yearly","5min, 15min, hourly",Forecasted by Electricity Maps,"24h, 48h, 72h","5min, 15min, hourly"
Southeastern Power Administration,US-SE-SEPA,A,Renewable Energy,2017-01-01T00:00:00.000Z,"5min, 15min, hourly, daily, monthly, quarterly, yearly","5min, 15min, hourly",Forecasted by Electricity Maps,"24h, 48h, 72h","5min, 15min, hourly"
Southeastern Power Administration,US-SE-SEPA,A,Carbon Free Energy,2017-01-01T00:00:00.000Z,"5min, 15min, hourly, daily, monthly, quarterly, yearly","5min, 15min, hourly",Forecasted by Electricity Maps,"24h, 48h, 72h","5min, 15min, hourly"
Southeastern Power Administration,US-SE-SEPA,A,Fossil Only Carbon Intensity,2017-01-01T00:00:00.000Z,"5min, 15min, hourly, daily, monthly, quarterly, yearly","5min, 15min, hourly",Forecasted by Electricity Maps,"24h, 48h, 72h","5min, 15min, hourly"
Southeastern Power Administration,US-SE-SEPA,A,Carbon Intensity,2017-01-01T00:00:00.000Z,"5min, 15min, hourly, daily, monthly, quarterly, yearly","5min, 15min, hourly",Forecasted by Electricity Maps,"24h, 48h, 72h","5min, 15min, hourly"
Southeastern Power Administration,US-SE-SEPA,A,Electricity Flows,2017-01-01T00:00:00.000Z,"5min, 15min, hourly, daily, monthly, quarterly, yearly","5min, 15min, hourly",Forecasted by Electricity Maps,"24h, 48h, 72h","5min, 15min, hourly"
Southeastern Power Administration,US-SE-SEPA,A,Total Load,2017-01-01T00:00:00.000Z,"5min, 15min, hourly, daily, monthly, quarterly, yearly","5min, 15min, hourly",Forecasted by Electricity Maps,"24h, 48h, 72h","5min, 15min, hourly"
Southeastern Power Administration,US-SE-SEPA,A,Electricity Mix,2017-01-01T00:00:00.000Z,"5min, 15min, hourly, daily, monthly, quarterly, yearly","5min, 15min, hourly",Forecasted by Electricity Maps,"24h, 48h, 72h","5min, 15min, hourly"
Mayotte,YT,C,Renewable Energy,2017-01-01T00:00:00.000Z,"5min, 15min, hourly, daily, monthly, quarterly, yearly","5min, 15min, hourly",Forecasted by Electricity Maps,"24h, 48h, 72h","5min, 15min, hourly"
Mayotte,YT,C,Carbon Free Energy,2017-01-01T00:00:00.000Z,"5min, 15min, hourly, daily, monthly, quarterly, yearly","5min, 15min, hourly",Forecasted by Electricity Maps,"24h, 48h, 72h","5min, 15min, hourly"
Mayotte,YT,C,Fossil Only Carbon Intensity,2017-01-01T00:00:00.000Z,"5min, 15min, hourly, daily, monthly, quarterly, yearly","5min, 15min, hourly",Forecasted by Electricity Maps,"24h, 48h, 72h","5min, 15min, hourly"
Mayotte,YT,C,Carbon Intensity,2017-01-01T00:00:00.000Z,"5min, 15min, hourly, daily, monthly, quarterly, yearly","5min, 15min, hourly",Forecasted by Electricity Maps,"24h, 48h, 72h","5min, 15min, hourly"
Mayotte,YT,C,Electricity Flows,2017-01-01T00:00:00.000Z,"5min, 15min, hourly, daily, monthly, quarterly, yearly","5min, 15min, hourly",Forecasted by Electricity Maps,"24h, 48h, 72h","5min, 15min, hourly"
Mayotte,YT,C,Total Load,2017-01-01T00:00:00.000Z,"5min, 15min, hourly, daily, monthly, quarterly, yearly","5min, 15min, hourly",Forecasted by Electricity Maps,"24h, 48h, 72h","5min, 15min, hourly"
Mayotte,YT,C,Electricity Mix,2017-01-01T00:00:00.000Z,"5min, 15min, hourly, daily, monthly, quarterly, yearly","5min, 15min, hourly",Forecasted by Electricity Maps,"24h, 48h, 72h","5min, 15min, hourly"
Virgin Islands,VI,C,Renewable Energy,2017-01-01T00:00:00.000Z,"5min, 15min, hourly, daily, monthly, quarterly, yearly","5min, 15min, hourly",Forecasted by Electricity Maps,"24h, 48h, 72h","5min, 15min, hourly"
Virgin Islands,VI,C,Carbon Free Energy,2017-01-01T00:00:00.000Z,"5min, 15min, hourly, daily, monthly, quarterly, yearly","5min, 15min, hourly",Forecasted by Electricity Maps,"24h, 48h, 72h","5min, 15min, hourly"
Virgin Islands,VI,C,Fossil Only Carbon Intensity,2017-01-01T00:00:00.000Z,"5min, 15min, hourly, daily, monthly, quarterly, yearly","5min, 15min, hourly",Forecasted by Electricity Maps,"24h, 48h, 72h","5min, 15min, hourly"
Virgin Islands,VI,C,Carbon Intensity,2017-01-01T00:00:00.000Z,"5min, 15min, hourly, daily, monthly, quarterly, yearly","5min, 15min, hourly",Forecasted by Electricity Maps,"24h, 48h, 72h","5min, 15min, hourly"
Virgin Islands,VI,C,Electricity Flows,2017-01-01T00:00:00.000Z,"5min, 15min, hourly, daily, monthly, quarterly, yearly","5min, 15min, hourly",Forecasted by Electricity Maps,"24h, 48h, 72h","5min, 15min, hourly"
Virgin Islands,VI,C,Total Load,2017-01-01T00:00:00.000Z,"5min, 15min, hourly, daily, monthly, quarterly, yearly","5min, 15min, hourly",Forecasted by Electricity Maps,"24h, 48h, 72h","5min, 15min, hourly"
Virgin Islands,VI,C,Electricity Mix,2017-01-01T00:00:00.000Z,"5min, 15min, hourly, daily, monthly, quarterly, yearly","5min, 15min, hourly",Forecasted by Electricity Maps,"24h, 48h, 72h","5min, 15min, hourly"
Vietnam,VN,C,Price Day Ahead,2017-01-01T00:00:00.000Z,"5min, 15min, hourly, daily, monthly, quarterly, yearly","5min, 15min, hourly",Forecasted by Electricity Maps,"24h, 48h, 72h","5min, 15min, hourly"
Vietnam,VN,C,Renewable Energy,2017-01-01T00:00:00.000Z,"5min, 15min, hourly, daily, monthly, quarterly, yearly","5min, 15min, hourly",Forecasted by Electricity Maps,"24h, 48h, 72h","5min, 15min, hourly"
Vietnam,VN,C,Carbon Free Energy,2017-01-01T00:00:00.000Z,"5min, 15min, hourly, daily, monthly, quarterly, yearly","5min, 15min, hourly",Forecasted by Electricity Maps,"24h, 48h, 72h","5min, 15min, hourly"
Vietnam,VN,C,Fossil Only Carbon Intensity,2017-01-01T00:00:00.000Z,"5min, 15min, hourly, daily, monthly, quarterly, yearly","5min, 15min, hourly",Forecasted by Electricity Maps,"24h, 48h, 72h","5min, 15min, hourly"
Vietnam,VN,C,Carbon Intensity,2017-01-01T00:00:00.000Z,"5min, 15min, hourly, daily, monthly, quarterly, yearly","5min, 15min, hourly",Forecasted by Electricity Maps,"24h, 48h, 72h","5min, 15min, hourly"
Vietnam,VN,C,Electricity Flows,2017-01-01T00:00:00.000Z,"5min, 15min, hourly, daily, monthly, quarterly, yearly","5min, 15min, hourly",Forecasted by Electricity Maps,"24h, 48h, 72h","5min, 15min, hourly"
Vietnam,VN,C,Total Load,2017-01-01T00:00:00.000Z,"5min, 15min, hourly, daily, monthly, quarterly, yearly","5min, 15min, hourly",Forecasted by Electricity Maps,"24h, 48h, 72h","5min, 15min, hourly"
Vietnam,VN,C,Electricity Mix,2017-01-01T00:00:00.000Z,"5min, 15min, hourly, daily, monthly, quarterly, yearly","5min, 15min, hourly",Forecasted by Electricity Maps,"24h, 48h, 72h","5min, 15min, hourly"
Vietnam,VN,C,Total Reported Load,2019-01-01T00:00:00.000Z,"5min, 15min, hourly","5min, 15min, hourly",Forecasted by Electricity Maps,"24h, 48h, 72h","5min, 15min, hourly"
Vanuatu,VU,C,Renewable Energy,2017-01-01T00:00:00.000Z,"5min, 15min, hourly, daily, monthly, quarterly, yearly","5min, 15min, hourly",Forecasted by Electricity Maps,"24h, 48h, 72h","5min, 15min, hourly"
Vanuatu,VU,C,Carbon Free Energy,2017-01-01T00:00:00.000Z,"5min, 15min, hourly, daily, monthly, quarterly, yearly","5min, 15min, hourly",Forecasted by Electricity Maps,"24h, 48h, 72h","5min, 15min, hourly"
Vanuatu,VU,C,Fossil Only Carbon Intensity,2017-01-01T00:00:00.000Z,"5min, 15min, hourly, daily, monthly, quarterly, yearly","5min, 15min, hourly",Forecasted by Electricity Maps,"24h, 48h, 72h","5min, 15min, hourly"
Vanuatu,VU,C,Carbon Intensity,2017-01-01T00:00:00.000Z,"5min, 15min, hourly, daily, monthly, quarterly, yearly","5min, 15min, hourly",Forecasted by Electricity Maps,"24h, 48h, 72h","5min, 15min, hourly"
Vanuatu,VU,C,Electricity Flows,2017-01-01T00:00:00.000Z,"5min, 15min, hourly, daily, monthly, quarterly, yearly","5min, 15min, hourly",Forecasted by Electricity Maps,"24h, 48h, 72h","5min, 15min, hourly"
Vanuatu,VU,C,Total Load,2017-01-01T00:00:00.000Z,"5min, 15min, hourly, daily, monthly, quarterly, yearly","5min, 15min, hourly",Forecasted by Electricity Maps,"24h, 48h, 72h","5min, 15min, hourly"
Vanuatu,VU,C,Electricity Mix,2017-01-01T00:00:00.000Z,"5min, 15min, hourly, daily, monthly, quarterly, yearly","5min, 15min, hourly",Forecasted by Electricity Maps,"24h, 48h, 72h","5min, 15min, hourly"
Samoa,WS,C,Renewable Energy,2017-01-01T00:00:00.000Z,"5min, 15min, hourly, daily, monthly, quarterly, yearly","5min, 15min, hourly",Forecasted by Electricity Maps,"24h, 48h, 72h","5min, 15min, hourly"
Samoa,WS,C,Carbon Free Energy,2017-01-01T00:00:00.000Z,"5min, 15min, hourly, daily, monthly, quarterly, yearly","5min, 15min, hourly",Forecasted by Electricity Maps,"24h, 48h, 72h","5min, 15min, hourly"
Samoa,WS,C,Fossil Only Carbon Intensity,2017-01-01T00:00:00.000Z,"5min, 15min, hourly, daily, monthly, quarterly, yearly","5min, 15min, hourly",Forecasted by Electricity Maps,"24h, 48h, 72h","5min, 15min, hourly"
Samoa,WS,C,Carbon Intensity,2017-01-01T00:00:00.000Z,"5min, 15min, hourly, daily, monthly, quarterly, yearly","5min, 15min, hourly",Forecasted by Electricity Maps,"24h, 48h, 72h","5min, 15min, hourly"
Samoa,WS,C,Electricity Flows,2017-01-01T00:00:00.000Z,"5min, 15min, hourly, daily, monthly, quarterly, yearly","5min, 15min, hourly",Forecasted by Electricity Maps,"24h, 48h, 72h","5min, 15min, hourly"
Samoa,WS,C,Total Load,2017-01-01T00:00:00.000Z,"5min, 15min, hourly, daily, monthly, quarterly, yearly","5min, 15min, hourly",Forecasted by Electricity Maps,"24h, 48h, 72h","5min, 15min, hourly"
Samoa,WS,C,Electricity Mix,2017-01-01T00:00:00.000Z,"5min, 15min, hourly, daily, monthly, quarterly, yearly","5min, 15min, hourly",Forecasted by Electricity Maps,"24h, 48h, 72h","5min, 15min, hourly"
Kosovo,XK,A,Renewable Energy,2017-01-01T00:00:00.000Z,"5min, 15min, hourly, daily, monthly, quarterly, yearly","5min, 15min, hourly",Forecasted by Electricity Maps,"24h, 48h, 72h","5min, 15min, hourly"
Kosovo,XK,A,Carbon Free Energy,2017-01-01T00:00:00.000Z,"5min, 15min, hourly, daily, monthly, quarterly, yearly","5min, 15min, hourly",Forecasted by Electricity Maps,"24h, 48h, 72h","5min, 15min, hourly"
Kosovo,XK,A,Fossil Only Carbon Intensity,2017-01-01T00:00:00.000Z,"5min, 15min, hourly, daily, monthly, quarterly, yearly","5min, 15min, hourly",Forecasted by Electricity Maps,"24h, 48h, 72h","5min, 15min, hourly"
Kosovo,XK,A,Carbon Intensity,2017-01-01T00:00:00.000Z,"5min, 15min, hourly, daily, monthly, quarterly, yearly","5min, 15min, hourly",Forecasted by Electricity Maps,"24h, 48h, 72h","5min, 15min, hourly"
Kosovo,XK,A,Electricity Flows,2017-01-01T00:00:00.000Z,"5min, 15min, hourly, daily, monthly, quarterly, yearly","5min, 15min, hourly",Forecasted by Electricity Maps,"24h, 48h, 72h","5min, 15min, hourly"
Kosovo,XK,A,Total Load,2017-01-01T00:00:00.000Z,"5min, 15min, hourly, daily, monthly, quarterly, yearly","5min, 15min, hourly",Forecasted by Electricity Maps,"24h, 48h, 72h","5min, 15min, hourly"
Kosovo,XK,A,Electricity Mix,2017-01-01T00:00:00.000Z,"5min, 15min, hourly, daily, monthly, quarterly, yearly","5min, 15min, hourly",Forecasted by Electricity Maps,"24h, 48h, 72h","5min, 15min, hourly"
Kosovo,XK,A,Total Reported Load,2019-01-01T00:00:00.000Z,"5min, 15min, hourly","5min, 15min, hourly",Forecasted by Electricity Maps,"24h, 48h, 72h","5min, 15min, hourly"
Yemen,YE,C,Renewable Energy,2017-01-01T00:00:00.000Z,"5min, 15min, hourly, daily, monthly, quarterly, yearly","5min, 15min, hourly",Forecasted by Electricity Maps,"24h, 48h, 72h","5min, 15min, hourly"
Yemen,YE,C,Carbon Free Energy,2017-01-01T00:00:00.000Z,"5min, 15min, hourly, daily, monthly, quarterly, yearly","5min, 15min, hourly",Forecasted by Electricity Maps,"24h, 48h, 72h","5min, 15min, hourly"
Yemen,YE,C,Fossil Only Carbon Intensity,2017-01-01T00:00:00.000Z,"5min, 15min, hourly, daily, monthly, quarterly, yearly","5min, 15min, hourly",Forecasted by Electricity Maps,"24h, 48h, 72h","5min, 15min, hourly"
Yemen,YE,C,Carbon Intensity,2017-01-01T00:00:00.000Z,"5min, 15min, hourly, daily, monthly, quarterly, yearly","5min, 15min, hourly",Forecasted by Electricity Maps,"24h, 48h, 72h","5min, 15min, hourly"
Yemen,YE,C,Electricity Flows,2017-01-01T00:00:00.000Z,"5min, 15min, hourly, daily, monthly, quarterly, yearly","5min, 15min, hourly",Forecasted by Electricity Maps,"24h, 48h, 72h","5min, 15min, hourly"
Yemen,YE,C,Total Load,2017-01-01T00:00:00.000Z,"5min, 15min, hourly, daily, monthly, quarterly, yearly","5min, 15min, hourly",Forecasted by Electricity Maps,"24h, 48h, 72h","5min, 15min, hourly"
Yemen,YE,C,Electricity Mix,2017-01-01T00:00:00.000Z,"5min, 15min, hourly, daily, monthly, quarterly, yearly","5min, 15min, hourly",Forecasted by Electricity Maps,"24h, 48h, 72h","5min, 15min, hourly"
South Africa,ZA,A,Renewable Energy,2017-01-01T00:00:00.000Z,"5min, 15min, hourly, daily, monthly, quarterly, yearly","5min, 15min, hourly",Forecasted by Electricity Maps,"24h, 48h, 72h","5min, 15min, hourly"
South Africa,ZA,A,Carbon Free Energy,2017-01-01T00:00:00.000Z,"5min, 15min, hourly, daily, monthly, quarterly, yearly","5min, 15min, hourly",Forecasted by Electricity Maps,"24h, 48h, 72h","5min, 15min, hourly"
South Africa,ZA,A,Fossil Only Carbon Intensity,2017-01-01T00:00:00.000Z,"5min, 15min, hourly, daily, monthly, quarterly, yearly","5min, 15min, hourly",Forecasted by Electricity Maps,"24h, 48h, 72h","5min, 15min, hourly"
South Africa,ZA,A,Carbon Intensity,2017-01-01T00:00:00.000Z,"5min, 15min, hourly, daily, monthly, quarterly, yearly","5min, 15min, hourly",Forecasted by Electricity Maps,"24h, 48h, 72h","5min, 15min, hourly"
South Africa,ZA,A,Electricity Flows,2017-01-01T00:00:00.000Z,"5min, 15min, hourly, daily, monthly, quarterly, yearly","5min, 15min, hourly",Forecasted by Electricity Maps,"24h, 48h, 72h","5min, 15min, hourly"
South Africa,ZA,A,Total Load,2017-01-01T00:00:00.000Z,"5min, 15min, hourly, daily, monthly, quarterly, yearly","5min, 15min, hourly",Forecasted by Electricity Maps,"24h, 48h, 72h","5min, 15min, hourly"
South Africa,ZA,A,Electricity Mix,2017-01-01T00:00:00.000Z,"5min, 15min, hourly, daily, monthly, quarterly, yearly","5min, 15min, hourly",Forecasted by Electricity Maps,"24h, 48h, 72h","5min, 15min, hourly"
Zambia,ZM,C,Renewable Energy,2017-01-01T00:00:00.000Z,"5min, 15min, hourly, daily, monthly, quarterly, yearly","5min, 15min, hourly",Forecasted by Electricity Maps,"24h, 48h, 72h","5min, 15min, hourly"
Zambia,ZM,C,Carbon Free Energy,2017-01-01T00:00:00.000Z,"5min, 15min, hourly, daily, monthly, quarterly, yearly","5min, 15min, hourly",Forecasted by Electricity Maps,"24h, 48h, 72h","5min, 15min, hourly"
Zambia,ZM,C,Fossil Only Carbon Intensity,2017-01-01T00:00:00.000Z,"5min, 15min, hourly, daily, monthly, quarterly, yearly","5min, 15min, hourly",Forecasted by Electricity Maps,"24h, 48h, 72h","5min, 15min, hourly"
Zambia,ZM,C,Carbon Intensity,2017-01-01T00:00:00.000Z,"5min, 15min, hourly, daily, monthly, quarterly, yearly","5min, 15min, hourly",Forecasted by Electricity Maps,"24h, 48h, 72h","5min, 15min, hourly"
Zambia,ZM,C,Electricity Flows,2017-01-01T00:00:00.000Z,"5min, 15min, hourly, daily, monthly, quarterly, yearly","5min, 15min, hourly",Forecasted by Electricity Maps,"24h, 48h, 72h","5min, 15min, hourly"
Zambia,ZM,C,Total Load,2017-01-01T00:00:00.000Z,"5min, 15min, hourly, daily, monthly, quarterly, yearly","5min, 15min, hourly",Forecasted by Electricity Maps,"24h, 48h, 72h","5min, 15min, hourly"
Zambia,ZM,C,Electricity Mix,2017-01-01T00:00:00.000Z,"5min, 15min, hourly, daily, monthly, quarterly, yearly","5min, 15min, hourly",Forecasted by Electricity Maps,"24h, 48h, 72h","5min, 15min, hourly"
Zimbabwe,ZW,C,Renewable Energy,2017-01-01T00:00:00.000Z,"5min, 15min, hourly, daily, monthly, quarterly, yearly","5min, 15min, hourly",Forecasted by Electricity Maps,"24h, 48h, 72h","5min, 15min, hourly"
Zimbabwe,ZW,C,Carbon Free Energy,2017-01-01T00:00:00.000Z,"5min, 15min, hourly, daily, monthly, quarterly, yearly","5min, 15min, hourly",Forecasted by Electricity Maps,"24h, 48h, 72h","5min, 15min, hourly"
Zimbabwe,ZW,C,Fossil Only Carbon Intensity,2017-01-01T00:00:00.000Z,"5min, 15min, hourly, daily, monthly, quarterly, yearly","5min, 15min, hourly",Forecasted by Electricity Maps,"24h, 48h, 72h","5min, 15min, hourly"
Zimbabwe,ZW,C,Carbon Intensity,2017-01-01T00:00:00.000Z,"5min, 15min, hourly, daily, monthly, quarterly, yearly","5min, 15min, hourly",Forecasted by Electricity Maps,"24h, 48h, 72h","5min, 15min, hourly"
Zimbabwe,ZW,C,Electricity Flows,2017-01-01T00:00:00.000Z,"5min, 15min, hourly, daily, monthly, quarterly, yearly","5min, 15min, hourly",Forecasted by Electricity Maps,"24h, 48h, 72h","5min, 15min, hourly"
Zimbabwe,ZW,C,Total Load,2017-01-01T00:00:00.000Z,"5min, 15min, hourly, daily, monthly, quarterly, yearly","5min, 15min, hourly",Forecasted by Electricity Maps,"24h, 48h, 72h","5min, 15min, hourly"
Zimbabwe,ZW,C,Electricity Mix,2017-01-01T00:00:00.000Z,"5min, 15min, hourly, daily, monthly, quarterly, yearly","5min, 15min, hourly",Forecasted by Electricity Maps,"24h, 48h, 72h","5min, 15min, hourly"